actual,predicted,residual,abs_residual,pct_error,timestamp,hour,month,day_of_week
2.34,3.1201184708085563,-0.7801184708085565,0.7801184708085565,33.33839618839985,2025-10-21 23:15:00,23,10,1
2.0,1.7335600845162702,0.2664399154837298,0.2664399154837298,13.32199577418649,2025-10-21 23:30:00,23,10,1
1.49,1.9412000047790414,-0.45120000477904143,0.45120000477904143,30.281879515371905,2025-10-21 23:45:00,23,10,1
4.44,3.6220899076224953,0.8179100923775051,0.8179100923775051,18.421398476970836,2025-10-22 00:00:00,0,10,2
4.03,5.334015857151648,-1.304015857151648,1.304015857151648,32.35771357696397,2025-10-22 00:15:00,0,10,2
4.0,4.816634002268273,-0.8166340022682732,0.8166340022682732,20.41585005670683,2025-10-22 00:30:00,0,10,2
3.46,4.594291168850425,-1.1342911688504254,1.1342911688504254,32.782981758682816,2025-10-22 00:45:00,0,10,2
3.17,7.81092598806768,-4.64092598806768,4.64092598806768,146.4014507276871,2025-10-22 01:00:00,1,10,2
2.99,4.9859965680731975,-1.9959965680731973,1.9959965680731973,66.75573806264873,2025-10-22 01:15:00,1,10,2
2.91,5.108336602689413,-2.1983366026894124,2.1983366026894124,75.54421315083891,2025-10-22 01:30:00,1,10,2
2.45,4.556830102455947,-2.1068301024559473,2.1068301024559473,85.99306540636519,2025-10-22 01:45:00,1,10,2
2.83,4.718169519629946,-1.8881695196299457,1.8881695196299457,66.71977101165886,2025-10-22 02:00:00,2,10,2
2.93,5.1405736209402875,-2.2105736209402873,2.2105736209402873,75.446198666904,2025-10-22 02:15:00,2,10,2
2.84,5.229440707682798,-2.389440707682798,2.389440707682798,84.13523618601403,2025-10-22 02:30:00,2,10,2
2.92,4.762648190317584,-1.8426481903175844,1.8426481903175844,63.10439007936933,2025-10-22 02:45:00,2,10,2
2.99,5.972758842793702,-2.982758842793702,2.982758842793702,99.75782082922079,2025-10-22 03:00:00,3,10,2
2.99,5.834511432669949,-2.8445114326699485,2.8445114326699485,95.13416162775748,2025-10-22 03:15:00,3,10,2
2.99,5.664838034930753,-2.674838034930753,2.674838034930753,89.45946605119573,2025-10-22 03:30:00,3,10,2
2.96,5.806281019057607,-2.8462810190576073,2.8462810190576073,96.15814253572998,2025-10-22 03:45:00,3,10,2
3.44,6.174757896838031,-2.734757896838031,2.734757896838031,79.498776070873,2025-10-22 04:00:00,4,10,2
3.85,6.56819220422453,-2.7181922042245303,2.7181922042245303,70.60239491492285,2025-10-22 04:15:00,4,10,2
4.01,6.902219658426233,-2.8922196584262334,2.8922196584262334,72.12517851436992,2025-10-22 04:30:00,4,10,2
4.3,7.058899215610701,-2.7588992156107013,2.7588992156107013,64.16044687466747,2025-10-22 04:45:00,4,10,2
4.0,8.07596543073048,-4.075965430730481,4.075965430730481,101.89913576826201,2025-10-22 05:00:00,5,10,2
9.56,7.918791850107105,1.6412081498928952,1.6412081498928952,17.167449266662082,2025-10-22 05:15:00,5,10,2
10.57,12.920432666921016,-2.350432666921016,2.350432666921016,22.236827501617935,2025-10-22 05:30:00,5,10,2
12.34,13.199393080216431,-0.8593930802164316,0.8593930802164316,6.9642875220132225,2025-10-22 05:45:00,5,10,2
12.24,14.47616749829158,-2.2361674982915805,2.2361674982915805,18.269342306303763,2025-10-22 06:00:00,6,10,2
13.45,19.632318670633126,-6.182318670633126,6.182318670633126,45.96519457719796,2025-10-22 06:15:00,6,10,2
14.09,17.817616277049286,-3.727616277049286,3.727616277049286,26.45575782149955,2025-10-22 06:30:00,6,10,2
14.65,19.448975474333373,-4.798975474333373,4.798975474333373,32.75751177019367,2025-10-22 06:45:00,6,10,2
14.9,18.881598725764306,-3.9815987257643055,3.9815987257643055,26.722139099089297,2025-10-22 07:00:00,7,10,2
15.22,20.275870819351738,-5.055870819351737,5.055870819351737,33.21859933871049,2025-10-22 07:15:00,7,10,2
15.52,20.431462083766913,-4.911462083766914,4.911462083766914,31.646018580972385,2025-10-22 07:30:00,7,10,2
15.8,20.7712254207193,-4.9712254207193,4.9712254207193,31.463452029868982,2025-10-22 07:45:00,7,10,2
24.52,15.673220263604748,8.846779736395252,8.846779736395252,36.079852106016524,2025-10-22 08:00:00,8,10,2
25.48,23.575315747309862,1.9046842526901386,1.9046842526901386,7.475212922645756,2025-10-22 08:15:00,8,10,2
25.99,22.620326578733597,3.369673421266402,3.369673421266402,12.965269031421325,2025-10-22 08:30:00,8,10,2
24.54,22.75544410403175,1.78455589596825,1.78455589596825,7.272028915926039,2025-10-22 08:45:00,8,10,2
25.24,30.42844906076108,-5.18844906076108,5.18844906076108,20.556454281937718,2025-10-22 09:00:00,9,10,2
24.4,25.605607169331336,-1.205607169331337,1.205607169331337,4.941012989062857,2025-10-22 09:15:00,9,10,2
20.53,24.142849225679775,-3.612849225679774,3.612849225679774,17.597901732487937,2025-10-22 09:30:00,9,10,2
17.64,18.797118617219603,-1.1571186172196022,1.1571186172196022,6.559629349317472,2025-10-22 09:45:00,9,10,2
15.23,19.85382418151047,-4.623824181510468,4.623824181510468,30.35997492784286,2025-10-22 10:00:00,10,10,2
15.12,16.446183994405793,-1.3261839944057936,1.3261839944057936,8.771058164059482,2025-10-22 10:15:00,10,10,2
15.31,13.686921569875352,1.6230784301246484,1.6230784301246484,10.601426715379807,2025-10-22 10:30:00,10,10,2
15.29,13.892051534659483,1.3979484653405159,1.3979484653405159,9.142893821716914,2025-10-22 10:45:00,10,10,2
15.3,14.660354581486992,0.6396454185130089,0.6396454185130089,4.1806890098889475,2025-10-22 11:00:00,11,10,2
15.27,16.23452822638295,-0.9645282263829493,0.9645282263829493,6.316491331911915,2025-10-22 11:15:00,11,10,2
15.21,16.35738914833894,-1.147389148338938,1.147389148338938,7.5436498904598155,2025-10-22 11:30:00,11,10,2
15.18,16.09882094366592,-0.9188209436659207,0.9188209436659207,6.052838891079847,2025-10-22 11:45:00,11,10,2
14.91,16.89565142396434,-1.9856514239643381,1.9856514239643381,13.317581649660216,2025-10-22 12:00:00,12,10,2
14.91,16.53139566877427,-1.6213956687742694,1.6213956687742694,10.87455176910979,2025-10-22 12:15:00,12,10,2
14.88,16.474917994839192,-1.5949179948391912,1.5949179948391912,10.718534911553704,2025-10-22 12:30:00,12,10,2
14.88,16.4029664219868,-1.5229664219867995,1.5229664219867995,10.234989395072578,2025-10-22 12:45:00,12,10,2
14.81,16.976163866175536,-2.166163866175536,2.166163866175536,14.626359663575528,2025-10-22 13:00:00,13,10,2
14.87,17.02349297251347,-2.1534929725134706,2.1534929725134706,14.482131624165909,2025-10-22 13:15:00,13,10,2
14.92,16.986598470050243,-2.066598470050243,2.066598470050243,13.851196179961415,2025-10-22 13:30:00,13,10,2
14.89,16.953778985887006,-2.063778985887005,2.063778985887005,13.860167803136367,2025-10-22 13:45:00,13,10,2
16.88,17.486305600574518,-0.6063056005745189,0.6063056005745189,3.5918578233087612,2025-10-22 14:00:00,14,10,2
17.76,19.426367587348885,-1.6663675873488835,1.6663675873488835,9.382700379216685,2025-10-22 14:15:00,14,10,2
17.06,19.880083471230705,-2.8200834712307064,2.8200834712307064,16.530383770402736,2025-10-22 14:30:00,14,10,2
17.99,19.00960056313935,-1.0196005631393525,1.0196005631393525,5.667596237572833,2025-10-22 14:45:00,14,10,2
12.1,22.183708329537453,-10.083708329537453,10.083708329537453,83.33643247551615,2025-10-22 15:00:00,15,10,2
12.44,15.861874536429564,-3.4218745364295646,3.4218745364295646,27.507030035607432,2025-10-22 15:15:00,15,10,2
12.33,15.990854994396035,-3.6608549943960345,3.6608549943960345,29.69063255795648,2025-10-22 15:30:00,15,10,2
12.49,17.312377364044682,-4.822377364044682,4.822377364044682,38.609906837827715,2025-10-22 15:45:00,15,10,2
11.5,11.323617886759443,0.17638211324055675,0.17638211324055675,1.5337575064396238,2025-10-22 16:00:00,16,10,2
5.29,15.166132572401118,-9.876132572401119,9.876132572401119,186.69437755011566,2025-10-22 16:15:00,16,10,2
4.99,9.436485317267731,-4.446485317267731,4.446485317267731,89.1079221897341,2025-10-22 16:30:00,16,10,2
4.77,10.725214643844623,-5.955214643844624,5.955214643844624,124.84726716655396,2025-10-22 16:45:00,16,10,2
11.67,9.445402850815391,2.224597149184609,2.224597149184609,19.06252912754592,2025-10-22 17:00:00,17,10,2
12.5,10.877179968340549,1.622820031659451,1.622820031659451,12.982560253275608,2025-10-22 17:15:00,17,10,2
13.8,14.96278929463633,-1.1627892946363296,1.1627892946363296,8.426009381422677,2025-10-22 17:30:00,17,10,2
20.0,15.983301885315363,4.016698114684637,4.016698114684637,20.083490573423184,2025-10-22 17:45:00,17,10,2
9.63,28.399215185415798,-18.769215185415796,18.769215185415796,194.90358447991477,2025-10-22 18:00:00,18,10,2
9.68,13.309820829388492,-3.6298208293884926,3.6298208293884926,37.49814906393071,2025-10-22 18:15:00,18,10,2
9.68,15.854760482283162,-6.174760482283162,6.174760482283162,63.788847957470686,2025-10-22 18:30:00,18,10,2
7.79,20.525064634122202,-12.735064634122203,12.735064634122203,163.47964870503472,2025-10-22 18:45:00,18,10,2
5.05,0.08596591900741402,4.964034080992586,4.964034080992586,98.29770457411061,2025-10-22 19:00:00,19,10,2
5.0,5.538969137992943,-0.5389691379929431,0.5389691379929431,10.779382759858862,2025-10-22 19:15:00,19,10,2
4.99,5.880704535753246,-0.8907045357532457,0.8907045357532457,17.849790295656227,2025-10-22 19:30:00,19,10,2
4.97,3.9729081330981657,0.997091866901834,0.997091866901834,20.06221060164656,2025-10-22 19:45:00,19,10,2
4.29,2.48324318027948,1.80675681972052,1.80675681972052,42.115543583228906,2025-10-22 20:00:00,20,10,2
4.04,3.7445800751462457,0.29541992485375435,0.29541992485375435,7.312374377568178,2025-10-22 20:15:00,20,10,2
3.99,3.6449350102007116,0.34506498979928857,0.34506498979928857,8.648245358378158,2025-10-22 20:30:00,20,10,2
3.54,3.5837071589866767,-0.04370715898667665,0.04370715898667665,1.2346655080982105,2025-10-22 20:45:00,20,10,2
3.99,2.3997766085991685,1.5902233914008317,1.5902233914008317,39.8552228421261,2025-10-22 21:00:00,21,10,2
3.92,3.1189104940053554,0.8010895059946446,0.8010895059946446,20.43595678557767,2025-10-22 21:15:00,21,10,2
3.99,3.1198686261639494,0.8701313738360508,0.8701313738360508,21.80780385554012,2025-10-22 21:30:00,21,10,2
4.05,2.808437136244521,1.2415628637554788,1.2415628637554788,30.655873179147626,2025-10-22 21:45:00,21,10,2
4.17,3.550243622627349,0.6197563773726511,0.6197563773726511,14.862263246346549,2025-10-22 22:00:00,22,10,2
4.86,3.2480324789460724,1.611967521053928,1.611967521053928,33.168055988763946,2025-10-22 22:15:00,22,10,2
4.84,3.969844207304689,0.8701557926953107,0.8701557926953107,17.97842546891138,2025-10-22 22:30:00,22,10,2
4.99,3.8412380220586257,1.1487619779413745,1.1487619779413745,23.021282123073636,2025-10-22 22:45:00,22,10,2
4.99,4.134512713087069,0.8554872869129309,0.8554872869129309,17.144033805870357,2025-10-22 23:00:00,23,10,2
5.0,4.667530770804554,0.3324692291954463,0.3324692291954463,6.649384583908927,2025-10-22 23:15:00,23,10,2
4.99,4.149036199740252,0.8409638002597486,0.8409638002597486,16.85298196913324,2025-10-22 23:30:00,23,10,2
4.95,4.298027516412283,0.6519724835877172,0.6519724835877172,13.171161284600347,2025-10-22 23:45:00,23,10,2
4.42,5.988691644790983,-1.5686916447909827,1.5686916447909827,35.49076119436612,2025-10-23 00:00:00,0,10,3
4.29,5.523288460081652,-1.2332884600816518,1.2332884600816518,28.747982752486056,2025-10-23 00:15:00,0,10,3
4.44,5.478095572239461,-1.0380955722394605,1.0380955722394605,23.380530906294155,2025-10-23 00:30:00,0,10,3
4.61,5.608535034621447,-0.9985350346214465,0.9985350346214465,21.660195978773242,2025-10-23 00:45:00,0,10,3
3.99,5.579421707591784,-1.589421707591784,1.589421707591784,39.83513051608481,2025-10-23 01:00:00,1,10,3
4.0,5.25996422995933,-1.2599642299593299,1.2599642299593299,31.499105748983247,2025-10-23 01:15:00,1,10,3
4.01,5.611158922829574,-1.6011589228295744,1.6011589228295744,39.92915019525123,2025-10-23 01:30:00,1,10,3
4.05,5.669269321918684,-1.6192693219186838,1.6192693219186838,39.98195856589343,2025-10-23 01:45:00,1,10,3
4.0,5.379124041369181,-1.379124041369181,1.379124041369181,34.478101034229525,2025-10-23 02:00:00,2,10,3
4.0,5.797953041300239,-1.7979530413002394,1.7979530413002394,44.948826032505984,2025-10-23 02:15:00,2,10,3
4.0,5.809255605843084,-1.8092556058430844,1.8092556058430844,45.23139014607711,2025-10-23 02:30:00,2,10,3
4.0,5.839845306036189,-1.8398453060361888,1.8398453060361888,45.99613265090472,2025-10-23 02:45:00,2,10,3
3.12,6.192264418285241,-3.0722644182852408,3.0722644182852408,98.47001340657823,2025-10-23 03:00:00,3,10,3
3.15,5.4317074841061626,-2.2817074841061626,2.2817074841061626,72.43515822559246,2025-10-23 03:15:00,3,10,3
3.62,5.602137411219509,-1.982137411219509,1.982137411219509,54.7551771055113,2025-10-23 03:30:00,3,10,3
3.99,6.020001518635432,-2.030001518635432,2.030001518635432,50.87723104349453,2025-10-23 03:45:00,3,10,3
3.23,5.895594296208657,-2.6655942962086567,2.6655942962086567,82.5261392015064,2025-10-23 04:00:00,4,10,3
4.0,5.82804226308366,-1.8280422630836597,1.8280422630836597,45.70105657709149,2025-10-23 04:15:00,4,10,3
4.66,7.061491968765985,-2.401491968765985,2.401491968765985,51.534162419870924,2025-10-23 04:30:00,4,10,3
6.59,7.536898524877991,-0.9468985248779909,0.9468985248779909,14.368718131684233,2025-10-23 04:45:00,4,10,3
4.65,8.618946215729505,-3.9689462157295043,3.9689462157295043,85.35368205869901,2025-10-23 05:00:00,5,10,3
6.77,7.774612184996222,-1.0046121849962226,1.0046121849962226,14.839175553858533,2025-10-23 05:15:00,5,10,3
9.84,10.087062262656374,-0.24706226265637454,0.24706226265637454,2.5107953521989286,2025-10-23 05:30:00,5,10,3
12.5,13.866112155879058,-1.3661121558790583,1.3661121558790583,10.928897247032467,2025-10-23 05:45:00,5,10,3
10.29,12.910593160247608,-2.6205931602476085,2.6205931602476085,25.46737765060844,2025-10-23 06:00:00,6,10,3
12.2,13.80085607216865,-1.60085607216865,1.60085607216865,13.12177108334959,2025-10-23 06:15:00,6,10,3
16.98,17.277244899668478,-0.29724489966847756,0.29724489966847756,1.7505588908626475,2025-10-23 06:30:00,6,10,3
23.34,21.575226342241685,1.7647736577583153,1.7647736577583153,7.561155346008206,2025-10-23 06:45:00,6,10,3
17.78,22.841109665340504,-5.061109665340503,5.061109665340503,28.465183719575382,2025-10-23 07:00:00,7,10,3
24.91,19.886738791321626,5.023261208678374,5.023261208678374,20.165641142827674,2025-10-23 07:15:00,7,10,3
33.97,30.658856128282316,3.3111438717176824,3.3111438717176824,9.74725896884805,2025-10-23 07:30:00,7,10,3
41.62,40.18693883610729,1.4330611638927095,1.4330611638927095,3.4432031809051167,2025-10-23 07:45:00,7,10,3
49.99,30.01950832498853,19.970491675011473,19.970491675011473,39.94897314465188,2025-10-23 08:00:00,8,10,3
52.63,47.19554107018789,5.434458929812109,5.434458929812109,10.325781740095211,2025-10-23 08:15:00,8,10,3
57.81,51.23690389863701,6.573096101362992,6.573096101362992,11.37017142598684,2025-10-23 08:30:00,8,10,3
62.12,56.00899324097085,6.111006759029145,6.111006759029145,9.837422342287743,2025-10-23 08:45:00,8,10,3
62.45,62.228612255909,0.22138774409100392,0.22138774409100392,0.3545039937405987,2025-10-23 09:00:00,9,10,3
66.67,57.94412644731557,8.725873552684433,8.725873552684433,13.088155921230587,2025-10-23 09:15:00,9,10,3
70.59,64.73921291094743,5.850787089052574,5.850787089052574,8.288407832628664,2025-10-23 09:30:00,9,10,3
69.1,67.80123193815105,1.2987680618489463,1.2987680618489463,1.8795485699695316,2025-10-23 09:45:00,9,10,3
66.66,63.64024204619769,3.019757953802305,3.019757953802305,4.530089939697427,2025-10-23 10:00:00,10,10,3
71.85,65.36352183078445,6.486478169215545,6.486478169215545,9.027805385129499,2025-10-23 10:15:00,10,10,3
69.53,71.25198330897408,-1.7219833089740746,1.7219833089740746,2.4766047878240682,2025-10-23 10:30:00,10,10,3
64.63,63.77381901109973,0.8561809889002632,0.8561809889002632,1.3247423625255506,2025-10-23 10:45:00,10,10,3
68.77,59.20086920326935,9.569130796730647,9.569130796730647,13.914687795158715,2025-10-23 11:00:00,11,10,3
66.49,70.72841204822649,-4.238412048226493,4.238412048226493,6.374510525231604,2025-10-23 11:15:00,11,10,3
65.52,61.7772119115815,3.742788088418493,3.742788088418493,5.712436032384758,2025-10-23 11:30:00,11,10,3
64.99,58.45889951928983,6.531100480710165,6.531100480710165,10.049392953854694,2025-10-23 11:45:00,11,10,3
65.76,66.3056156507682,-0.5456156507681982,0.5456156507681982,0.8297074981268219,2025-10-23 12:00:00,12,10,3
64.47,61.9332050970303,2.536794902969696,2.536794902969696,3.9348455141456427,2025-10-23 12:15:00,12,10,3
64.04,61.38788895037882,2.6521110496211833,2.6521110496211833,4.141335180545258,2025-10-23 12:30:00,12,10,3
62.93,61.4784482671267,1.4515517328732983,1.4515517328732983,2.3066132732771303,2025-10-23 12:45:00,12,10,3
64.29,62.167287546235514,2.1227124537644926,2.1227124537644926,3.301777031831533,2025-10-23 13:00:00,13,10,3
63.99,61.90318780866417,2.086812191335831,2.086812191335831,3.2611536042128937,2025-10-23 13:15:00,13,10,3
63.56,61.93486754423212,1.6251324557678828,1.6251324557678828,2.556847790698368,2025-10-23 13:30:00,13,10,3
62.94,60.890279311862294,2.049720688137704,2.049720688137704,3.2566264508066474,2025-10-23 13:45:00,13,10,3
58.8,62.946326849291395,-4.146326849291398,4.146326849291398,7.051576274305099,2025-10-23 14:00:00,14,10,3
61.71,57.91144016281232,3.798559837187682,3.798559837187682,6.1555012756241805,2025-10-23 14:15:00,14,10,3
63.5,61.288197120797264,2.211802879202736,2.211802879202736,3.4831541404767496,2025-10-23 14:30:00,14,10,3
64.43,62.16016967890838,2.269830321091625,2.269830321091625,3.522940122755898,2025-10-23 14:45:00,14,10,3
62.38,59.76876732908159,2.6112326709184117,2.6112326709184117,4.186009411539614,2025-10-23 15:00:00,15,10,3
65.62,63.5599679034331,2.060032096566907,2.060032096566907,3.1393357155850454,2025-10-23 15:15:00,15,10,3
66.63,66.63548298260405,-0.005482982604050335,0.005482982604050335,0.0082289998559963,2025-10-23 15:30:00,15,10,3
67.28,66.55285036346227,0.7271496365377317,0.7271496365377317,1.0807812671488284,2025-10-23 15:45:00,15,10,3
65.22,64.57552682131066,0.6444731786893385,0.6444731786893385,0.9881526812164038,2025-10-23 16:00:00,16,10,3
66.06,67.13193753648815,-1.07193753648815,1.07193753648815,1.6226726256254165,2025-10-23 16:15:00,16,10,3
66.14,66.89006862974009,-0.7500686297400847,0.7500686297400847,1.1340620346841317,2025-10-23 16:30:00,16,10,3
65.83,66.69580378523838,-0.8658037852383842,0.8658037852383842,1.315211583227076,2025-10-23 16:45:00,16,10,3
66.24,64.46848537935519,1.7715146206448082,1.7715146206448082,2.674388014258467,2025-10-23 17:00:00,17,10,3
66.49,67.28889196736085,-0.7988919673608592,0.7988919673608592,1.2015219842996832,2025-10-23 17:15:00,17,10,3
67.27,66.99926046905185,0.2707395309481484,0.2707395309481484,0.40246697034063983,2025-10-23 17:30:00,17,10,3
67.62,67.45627313888352,0.16372686111648704,0.16372686111648704,0.2421278632305339,2025-10-23 17:45:00,17,10,3
66.95,68.6521474804001,-1.7021474804001002,1.7021474804001002,2.542415952800747,2025-10-23 18:00:00,18,10,3
66.95,67.92622894422684,-0.9762289442268326,0.9762289442268326,1.4581462945882488,2025-10-23 18:15:00,18,10,3
66.96,68.68430238092094,-1.7243023809209461,1.7243023809209461,2.575123030049203,2025-10-23 18:30:00,18,10,3
66.41,68.57324196850846,-2.1632419685084585,2.1632419685084585,3.2574039580009915,2025-10-23 18:45:00,18,10,3
65.76,62.76008685511023,2.9999131448897742,2.9999131448897742,4.5619117166815295,2025-10-23 19:00:00,19,10,3
65.57,62.85129755186749,2.718702448132504,2.718702448132504,4.14625964333156,2025-10-23 19:15:00,19,10,3
65.29,62.8414208638457,2.448579136154308,2.448579136154308,3.7503126606743873,2025-10-23 19:30:00,19,10,3
63.13,62.01178057195921,1.1182194280407955,1.1182194280407955,1.7712964169820933,2025-10-23 19:45:00,19,10,3
45.71,59.67078318048907,-13.960783180489067,13.960783180489067,30.54207652699424,2025-10-23 20:00:00,20,10,3
42.85,44.017627399335005,-1.1676273993350037,1.1676273993350037,2.724918084795808,2025-10-23 20:15:00,20,10,3
42.21,44.62070046315755,-2.4107004631575464,2.4107004631575464,5.711206972654694,2025-10-23 20:30:00,20,10,3
40.43,42.753698610884335,-2.3236986108843354,2.3236986108843354,5.747461318041888,2025-10-23 20:45:00,20,10,3
40.38,26.463892345108054,13.916107654891949,13.916107654891949,34.462871854611066,2025-10-23 21:00:00,21,10,3
40.18,36.97463754829013,3.205362451709867,3.205362451709867,7.977507346216692,2025-10-23 21:15:00,21,10,3
39.88,38.299158394760056,1.5808416052399465,1.5808416052399465,3.963996001103175,2025-10-23 21:30:00,21,10,3
39.39,36.84711278997787,2.54288721002213,2.54288721002213,6.455666945981544,2025-10-23 21:45:00,21,10,3
39.91,37.73903583815452,2.1709641618454754,2.1709641618454754,5.439649616250252,2025-10-23 22:00:00,22,10,3
39.25,38.16916936261522,1.0808306373847785,1.0808306373847785,2.7537086302796903,2025-10-23 22:15:00,22,10,3
37.79,37.36656027712297,0.4234397228770277,0.4234397228770277,1.120507337594675,2025-10-23 22:30:00,22,10,3
36.56,35.83179521151063,0.7282047884893714,0.7282047884893714,1.9918074083407313,2025-10-23 22:45:00,22,10,3
33.62,35.98325438094563,-2.3632543809456337,2.3632543809456337,7.029311067655068,2025-10-23 23:00:00,23,10,3
30.81,32.44623596485145,-1.6362359648514477,1.6362359648514477,5.310730168294215,2025-10-23 23:15:00,23,10,3
30.06,29.508291448118083,0.5517085518819158,0.5517085518819158,1.8353577906916694,2025-10-23 23:30:00,23,10,3
29.72,29.278408471412437,0.441591528587562,0.441591528587562,1.485839598208486,2025-10-23 23:45:00,23,10,3
20.75,29.257005950748706,-8.507005950748706,8.507005950748706,40.9976190397528,2025-10-24 00:00:00,0,10,4
17.12,20.50222843186065,-3.38222843186065,3.38222843186065,19.75600719544772,2025-10-24 00:15:00,0,10,4
11.05,20.22913198456216,-9.179131984562158,9.179131984562158,83.06906773359418,2025-10-24 00:30:00,0,10,4
8.74,15.50618564247101,-6.76618564247101,6.76618564247101,77.41631169875298,2025-10-24 00:45:00,0,10,4
13.36,6.662908404000795,6.697091595999204,6.697091595999204,50.12793110777848,2025-10-24 01:00:00,1,10,4
9.74,14.636029115146851,-4.896029115146851,4.896029115146851,50.267239375224335,2025-10-24 01:15:00,1,10,4
9.21,7.450178487783667,1.7598215122163339,1.7598215122163339,19.107725431230552,2025-10-24 01:30:00,1,10,4
8.63,9.987346105469115,-1.357346105469114,1.357346105469114,15.728228336837939,2025-10-24 01:45:00,1,10,4
12.5,15.981416919483017,-3.481416919483017,3.481416919483017,27.851335355864137,2025-10-24 02:00:00,2,10,4
12.5,12.845343242282944,-0.34534324228294366,0.34534324228294366,2.7627459382635493,2025-10-24 02:15:00,2,10,4
12.5,14.35101110993731,-1.8510111099373106,1.8510111099373106,14.808088879498484,2025-10-24 02:30:00,2,10,4
13.11,14.20988927961681,-1.0998892796168107,1.0998892796168107,8.389697022248747,2025-10-24 02:45:00,2,10,4
20.61,19.277044769898744,1.3329552301012555,1.3329552301012555,6.467516885498571,2025-10-24 03:00:00,3,10,4
20.61,23.273768442462643,-2.6637684424626435,2.6637684424626435,12.92464067182263,2025-10-24 03:15:00,3,10,4
15.91,21.923156584280058,-6.013156584280058,6.013156584280058,37.79482453978666,2025-10-24 03:30:00,3,10,4
15.9,18.17383391662876,-2.2738339166287584,2.2738339166287584,14.300842242948168,2025-10-24 03:45:00,3,10,4
16.54,26.007931596012657,-9.467931596012658,9.467931596012658,57.242633591370364,2025-10-24 04:00:00,4,10,4
20.68,21.082095602706374,-0.4020956027063747,0.4020956027063747,1.944369452158485,2025-10-24 04:15:00,4,10,4
21.6,20.501988586162653,1.098011413837348,1.098011413837348,5.083386175172907,2025-10-24 04:30:00,4,10,4
29.19,24.12484699561528,5.065153004384722,5.065153004384722,17.35235698658692,2025-10-24 04:45:00,4,10,4
20.75,32.19434004891997,-11.444340048919969,11.444340048919969,55.153446018891415,2025-10-24 05:00:00,5,10,4
32.99,26.558331727414547,6.431668272585455,6.431668272585455,19.495811678040177,2025-10-24 05:15:00,5,10,4
51.4,37.881226546811476,13.518773453188523,13.518773453188523,26.30111566768195,2025-10-24 05:30:00,5,10,4
84.91,59.83067412212395,25.079325877876045,25.079325877876045,29.536363064275168,2025-10-24 05:45:00,5,10,4
78.75,73.59903480600931,5.150965193990686,5.150965193990686,6.540908182845316,2025-10-24 06:00:00,6,10,4
82.43,79.62545036780011,2.804549632199894,2.804549632199894,3.402340934368426,2025-10-24 06:15:00,6,10,4
84.65,92.91097574852103,-8.26097574852102,8.26097574852102,9.758979029558203,2025-10-24 06:30:00,6,10,4
87.41,112.71471090833762,-25.304710908337626,25.304710908337626,28.949446182745252,2025-10-24 06:45:00,6,10,4
65.93,83.81291892742979,-17.882918927429785,17.882918927429785,27.12409969274956,2025-10-24 07:00:00,7,10,4
74.98,71.50299221670866,3.4770077832913415,3.4770077832913415,4.637246976915633,2025-10-24 07:15:00,7,10,4
110.25,83.91720192480341,26.332798075196592,26.332798075196592,23.884624104486704,2025-10-24 07:30:00,7,10,4
119.55,116.19186807720277,3.3581319227972273,3.3581319227972273,2.8089769324945437,2025-10-24 07:45:00,7,10,4
137.7,90.03499614409355,47.665003855906434,47.665003855906434,34.61510810160235,2025-10-24 08:00:00,8,10,4
149.99,129.46194568433475,20.52805431566526,20.52805431566526,13.686281962574343,2025-10-24 08:15:00,8,10,4
137.38,163.7870752969257,-26.40707529692571,26.40707529692571,19.221921165326624,2025-10-24 08:30:00,8,10,4
110.62,131.62052108930288,-21.00052108930288,21.00052108930288,18.98437993970609,2025-10-24 08:45:00,8,10,4
148.74,120.23704057369926,28.502959426300748,28.502959426300748,19.162941660818035,2025-10-24 09:00:00,9,10,4
122.57,159.05937929812129,-36.48937929812129,36.48937929812129,29.770236842719505,2025-10-24 09:15:00,9,10,4
89.8,105.65293935286903,-15.85293935286903,15.85293935286903,17.653607297181548,2025-10-24 09:30:00,9,10,4
85.2,64.11270352649207,21.087296473507934,21.087296473507934,24.75034797360086,2025-10-24 09:45:00,9,10,4
126.06,123.15776895337282,2.902231046627179,2.902231046627179,2.302261658438187,2025-10-24 10:00:00,10,10,4
105.59,109.38647283483957,-3.7964728348395624,3.7964728348395624,3.5954852115158276,2025-10-24 10:15:00,10,10,4
104.98,70.78973927485379,34.19026072514622,34.19026072514622,32.56835656805698,2025-10-24 10:30:00,10,10,4
105.57,94.11466017642998,11.455339823570014,11.455339823570014,10.850942335483579,2025-10-24 10:45:00,10,10,4
104.11,137.8104862191277,-33.70048621912771,33.70048621912771,32.370076091756516,2025-10-24 11:00:00,11,10,4
107.47,86.61687236073755,20.853127639262453,20.853127639262453,19.403673247662095,2025-10-24 11:15:00,11,10,4
114.23,104.72193272448482,9.508067275515188,9.508067275515188,8.323616629182515,2025-10-24 11:30:00,11,10,4
85.93,111.11243277325048,-25.18243277325047,25.18243277325047,29.305752092692266,2025-10-24 11:45:00,11,10,4
86.34,82.79403061227728,3.545969387722721,3.545969387722721,4.106983307531528,2025-10-24 12:00:00,12,10,4
85.04,92.66955717994699,-7.6295571799469855,7.6295571799469855,8.971727633992222,2025-10-24 12:15:00,12,10,4
85.55,95.08615337519817,-9.536153375198168,9.536153375198168,11.14687711887571,2025-10-24 12:30:00,12,10,4
85.59,63.940524621133264,21.64947537886674,21.64947537886674,25.29439815266589,2025-10-24 12:45:00,12,10,4
77.12,86.28460391864292,-9.16460391864291,9.16460391864291,11.883563172514148,2025-10-24 13:00:00,13,10,4
79.91,76.79291619682735,3.1170838031726475,3.1170838031726475,3.9007430899419946,2025-10-24 13:15:00,13,10,4
84.95,82.50959380525852,2.4404061947414846,2.4404061947414846,2.872755967912283,2025-10-24 13:30:00,13,10,4
93.57,86.36631483235891,7.203685167641083,7.203685167641083,7.698712373240444,2025-10-24 13:45:00,13,10,4
96.1,85.7658758463433,10.334124153656688,10.334124153656688,10.753511086011121,2025-10-24 14:00:00,14,10,4
93.71,95.50682323292396,-1.7968232329239697,1.7968232329239697,1.9174295517276383,2025-10-24 14:15:00,14,10,4
98.1,95.46199987141594,2.6380001285840535,2.6380001285840535,2.6890928935617264,2025-10-24 14:30:00,14,10,4
100.0,104.64335522736945,-4.6433552273694545,4.6433552273694545,4.6433552273694545,2025-10-24 14:45:00,14,10,4
86.44,101.19265226180175,-14.752652261801757,14.752652261801757,17.066927651320867,2025-10-24 15:00:00,15,10,4
87.52,84.40741949883699,3.112580501163009,3.112580501163009,3.556421962023548,2025-10-24 15:15:00,15,10,4
86.54,94.11999689413352,-7.579996894133515,7.579996894133515,8.75895180741104,2025-10-24 15:30:00,15,10,4
85.27,91.69231173574741,-6.422311735747414,6.422311735747414,7.531736526031915,2025-10-24 15:45:00,15,10,4
69.74,76.52417363732306,-6.7841736373230646,6.7841736373230646,9.72780848483376,2025-10-24 16:00:00,16,10,4
69.03,73.46615257600125,-4.436152576001248,4.436152576001248,6.426412539477398,2025-10-24 16:15:00,16,10,4
74.74,74.17012864880601,0.5698713511939815,0.5698713511939815,0.7624717034974331,2025-10-24 16:30:00,16,10,4
125.21,79.41185675748308,45.798143242516915,45.798143242516915,36.5770651246042,2025-10-24 16:45:00,16,10,4
75.4,112.16018805501673,-36.76018805501673,36.76018805501673,48.75356505970388,2025-10-24 17:00:00,17,10,4
105.51,66.51820958295477,38.99179041704524,38.99179041704524,36.955540154530595,2025-10-24 17:15:00,17,10,4
133.2,110.5331338836937,22.666866116306295,22.666866116306295,17.017166753983705,2025-10-24 17:30:00,17,10,4
175.42,173.65640598882044,1.7635940111795492,1.7635940111795492,1.0053551540186692,2025-10-24 17:45:00,17,10,4
67.33,123.99702862166313,-56.667028621663135,56.667028621663135,84.16311988959325,2025-10-24 18:00:00,18,10,4
67.97,79.66688597002457,-11.696885970024567,11.696885970024567,17.20889505667878,2025-10-24 18:15:00,18,10,4
65.12,105.18529071187203,-40.065290711872024,40.065290711872024,61.52532357474204,2025-10-24 18:30:00,18,10,4
60.2,121.31341932915586,-61.11341932915586,61.11341932915586,101.51730785574063,2025-10-24 18:45:00,18,10,4
49.99,-19.862624436630043,69.85262443663004,69.85262443663004,139.73319551236253,2025-10-24 19:00:00,19,10,4
45.0,52.42852991193239,-7.428529911932387,7.428529911932387,16.50784424873864,2025-10-24 19:15:00,19,10,4
35.6,46.41796486217167,-10.81796486217167,10.81796486217167,30.38754174767323,2025-10-24 19:30:00,19,10,4
33.99,35.984536051006785,-1.9945360510067829,1.9945360510067829,5.868008387781062,2025-10-24 19:45:00,19,10,4
43.64,30.15011221997762,13.489887780022382,13.489887780022382,30.911750183369346,2025-10-24 20:00:00,20,10,4
35.6,41.954452462422694,-6.354452462422692,6.354452462422692,17.849585568603068,2025-10-24 20:15:00,20,10,4
34.99,27.41209162149483,7.577908378505171,7.577908378505171,21.6573546113323,2025-10-24 20:30:00,20,10,4
26.0,33.81441701279181,-7.814417012791807,7.814417012791807,30.055450049199262,2025-10-24 20:45:00,20,10,4
32.99,35.757271894204194,-2.7672718942041925,2.7672718942041925,8.38821428979749,2025-10-24 21:00:00,21,10,4
35.59,29.298632220960116,6.291367779039888,6.291367779039888,17.67734694869314,2025-10-24 21:15:00,21,10,4
35.59,35.7669594574614,-0.1769594574613933,0.1769594574613933,0.4972167953396833,2025-10-24 21:30:00,21,10,4
34.0,27.20987656562787,6.790123434372131,6.790123434372131,19.970951277565092,2025-10-24 21:45:00,21,10,4
36.63,39.077727592799185,-2.4477275927991826,2.4477275927991826,6.6823030106447785,2025-10-24 22:00:00,22,10,4
32.99,39.05173475150872,-6.061734751508716,6.061734751508716,18.374461204937,2025-10-24 22:15:00,22,10,4
14.97,33.09982161950038,-18.129821619500383,18.129821619500383,121.10769284903395,2025-10-24 22:30:00,22,10,4
9.69,15.384083808670855,-5.694083808670856,5.694083808670856,58.76247480568478,2025-10-24 22:45:00,22,10,4
19.72,17.844196725999854,1.8758032740001447,1.8758032740001447,9.512186987830349,2025-10-24 23:00:00,23,10,4
12.01,22.54071347494876,-10.53071347494876,10.53071347494876,87.68287656077236,2025-10-24 23:15:00,23,10,4
8.11,-0.7097272960285963,8.819727296028596,8.819727296028596,108.75126135670278,2025-10-24 23:30:00,23,10,4
5.48,5.521151533725714,-0.04115153372571356,0.04115153372571356,0.750940396454627,2025-10-24 23:45:00,23,10,4
5.37,16.611479658206957,-11.241479658206956,11.241479658206956,209.33854112117234,2025-10-25 00:00:00,0,10,5
5.41,2.028171865331224,3.381828134668776,3.381828134668776,62.51068640792562,2025-10-25 00:15:00,0,10,5
4.82,4.082227344250093,0.7377726557499074,0.7377726557499074,15.306486633815505,2025-10-25 00:30:00,0,10,5
3.91,3.942613446296285,-0.03261344629628482,0.03261344629628482,0.8341034858384864,2025-10-25 00:45:00,0,10,5
5.45,5.720134678190725,-0.27013467819072456,0.27013467819072456,4.956599599829809,2025-10-25 01:00:00,1,10,5
4.78,7.30647035061682,-2.52647035061682,2.52647035061682,52.855028255582006,2025-10-25 01:15:00,1,10,5
4.06,5.788085671448705,-1.7280856714487056,1.7280856714487056,42.56368648888438,2025-10-25 01:30:00,1,10,5
3.2,4.77466816738302,-1.5746681673830194,1.5746681673830194,49.20838023071936,2025-10-25 01:45:00,1,10,5
3.8,6.89100663517182,-3.09100663517182,3.09100663517182,81.34227987294264,2025-10-25 02:00:00,2,10,5
3.36,5.7183247495080565,-2.3583247495080566,2.3583247495080566,70.18823659250168,2025-10-25 02:15:00,2,10,5
2.31,5.025405206118016,-2.715405206118016,2.715405206118016,117.55000892285783,2025-10-25 02:30:00,2,10,5
2.2,3.8593064682638882,-1.659306468263888,1.659306468263888,75.42302128472218,2025-10-25 02:45:00,2,10,5
2.06,5.718940661282623,-3.658940661282623,3.658940661282623,177.61847870303995,2025-10-25 03:00:00,3,10,5
1.47,4.704675616886718,-3.234675616886718,3.234675616886718,220.04596033242981,2025-10-25 03:15:00,3,10,5
1.26,3.498925440275137,-2.2389254402751373,2.2389254402751373,177.69249525993155,2025-10-25 03:30:00,3,10,5
1.14,4.006991345581717,-2.8669913455817175,2.8669913455817175,251.49046891067698,2025-10-25 03:45:00,3,10,5
1.26,4.532475915151018,-3.272475915151018,3.272475915151018,259.7203107262713,2025-10-25 04:00:00,4,10,5
1.22,4.126020859791517,-2.906020859791517,2.906020859791517,238.19843113045224,2025-10-25 04:15:00,4,10,5
1.14,4.304262697631579,-3.164262697631579,3.164262697631579,277.56690330101577,2025-10-25 04:30:00,4,10,5
1.13,4.223601014868862,-3.093601014868862,3.093601014868862,273.77000131582855,2025-10-25 04:45:00,4,10,5
1.03,5.026586665552649,-3.996586665552649,3.996586665552649,388.01812286918926,2025-10-25 05:00:00,5,10,5
1.06,4.7402750293107445,-3.6802750293107445,3.6802750293107445,347.19575748214567,2025-10-25 05:15:00,5,10,5
1.25,4.608360132336728,-3.3583601323367276,3.3583601323367276,268.6688105869382,2025-10-25 05:30:00,5,10,5
1.48,4.612448323444539,-3.1324483234445393,3.1324483234445393,211.65191374625266,2025-10-25 05:45:00,5,10,5
1.07,5.161642095137978,-4.091642095137978,4.091642095137978,382.39645748953063,2025-10-25 06:00:00,6,10,5
1.3,4.858077644869049,-3.5580776448690488,3.5580776448690488,273.6982803745422,2025-10-25 06:15:00,6,10,5
1.71,5.178684575374284,-3.468684575374284,3.468684575374284,202.8470511914786,2025-10-25 06:30:00,6,10,5
2.51,5.509752621224443,-2.9997526212244434,2.9997526212244434,119.5120566224878,2025-10-25 06:45:00,6,10,5
3.0,6.096452616250112,-3.0964526162501116,3.0964526162501116,103.21508720833705,2025-10-25 07:00:00,7,10,5
3.15,6.886665474177185,-3.7366654741771854,3.7366654741771854,118.6243007675297,2025-10-25 07:15:00,7,10,5
2.86,6.971402298771906,-4.111402298771907,4.111402298771907,143.75532513188486,2025-10-25 07:30:00,7,10,5
2.81,7.105756427382758,-4.2957564273827575,4.2957564273827575,152.8738942129095,2025-10-25 07:45:00,7,10,5
3.51,7.260803779926839,-3.750803779926839,3.750803779926839,106.8605065506222,2025-10-25 08:00:00,8,10,5
3.49,7.516422619248715,-4.026422619248715,4.026422619248715,115.37027562317232,2025-10-25 08:15:00,8,10,5
3.76,6.9482468926803875,-3.1882468926803877,3.1882468926803877,84.79380033724436,2025-10-25 08:30:00,8,10,5
3.92,7.370474708475925,-3.450474708475925,3.450474708475925,88.02231399173279,2025-10-25 08:45:00,8,10,5
5.06,8.06439973136753,-3.0043997313675304,3.0043997313675304,59.375488762204164,2025-10-25 09:00:00,9,10,5
4.72,8.522837980574614,-3.8028379805746146,3.8028379805746146,80.56860128336048,2025-10-25 09:15:00,9,10,5
4.73,8.373200722846605,-3.643200722846604,3.643200722846604,77.0232710961227,2025-10-25 09:30:00,9,10,5
4.87,8.364316810870598,-3.4943168108705978,3.4943168108705978,71.7518852334825,2025-10-25 09:45:00,9,10,5
4.89,9.435761173224314,-4.545761173224315,4.545761173224315,92.9603511906813,2025-10-25 10:00:00,10,10,5
4.88,8.273471409358685,-3.3934714093586846,3.3934714093586846,69.53834855243205,2025-10-25 10:15:00,10,10,5
4.72,8.412014045759676,-3.6920140457596764,3.6920140457596764,78.22063656270501,2025-10-25 10:30:00,10,10,5
4.3,8.315512745683044,-4.015512745683044,4.015512745683044,93.38401734146615,2025-10-25 10:45:00,10,10,5
4.9,7.86549024634639,-2.9654902463463895,2.9654902463463895,60.52020910910999,2025-10-25 11:00:00,11,10,5
3.99,8.388907107206595,-4.398907107206595,4.398907107206595,110.24829842623045,2025-10-25 11:15:00,11,10,5
4.28,7.2314433660163004,-2.9514433660163,2.9514433660163,68.95895714991354,2025-10-25 11:30:00,11,10,5
4.27,7.3644639768506295,-3.09446397685063,3.09446397685063,72.46988236184146,2025-10-25 11:45:00,11,10,5
4.66,7.968906196451698,-3.308906196451698,3.308906196451698,71.00657073930682,2025-10-25 12:00:00,12,10,5
5.44,6.982251850408964,-1.542251850408964,1.542251850408964,28.35021783840007,2025-10-25 12:15:00,12,10,5
6.87,8.46531151421729,-1.5953115142172907,1.5953115142172907,23.22141942092126,2025-10-25 12:30:00,12,10,5
5.57,9.341785863654675,-3.7717858636546744,3.7717858636546744,67.7160837280911,2025-10-25 12:45:00,12,10,5
5.17,8.032759783039502,-2.862759783039502,2.862759783039502,55.372529652601585,2025-10-25 13:00:00,13,10,5
4.85,8.27085251168807,-3.4208525116880697,3.4208525116880697,70.53304147810454,2025-10-25 13:15:00,13,10,5
4.51,8.72683550115745,-4.216835501157449,4.216835501157449,93.49967851790353,2025-10-25 13:30:00,13,10,5
4.9,6.094228412129311,-1.194228412129311,1.194228412129311,24.372008410802263,2025-10-25 13:45:00,13,10,5
4.42,6.726256376624441,-2.3062563766244413,2.3062563766244413,52.17774607747605,2025-10-25 14:00:00,14,10,5
4.41,6.20267710533011,-1.7926771053301103,1.7926771053301103,40.65027449728141,2025-10-25 14:15:00,14,10,5
4.68,6.150153615593666,-1.4701536155936665,1.4701536155936665,31.413538794736468,2025-10-25 14:30:00,14,10,5
5.24,6.980747840313832,-1.7407478403138317,1.7407478403138317,33.220378631943355,2025-10-25 14:45:00,14,10,5
5.08,6.32903887354054,-1.24903887354054,1.24903887354054,24.58737940040433,2025-10-25 15:00:00,15,10,5
4.88,6.4569971334259435,-1.5769971334259436,1.5769971334259436,32.31551502922015,2025-10-25 15:15:00,15,10,5
4.94,6.5437949250924135,-1.603794925092413,1.603794925092413,32.4654843136116,2025-10-25 15:30:00,15,10,5
4.8,6.9138600305185705,-2.1138600305185706,2.1138600305185706,44.03875063580356,2025-10-25 15:45:00,15,10,5
4.47,5.832196571508213,-1.3621965715082132,1.3621965715082132,30.474196230608797,2025-10-25 16:00:00,16,10,5
4.84,5.4136822813249665,-0.5736822813249667,0.5736822813249667,11.852939696796833,2025-10-25 16:15:00,16,10,5
4.93,5.945520540407692,-1.0155205404076924,1.0155205404076924,20.598793923076926,2025-10-25 16:30:00,16,10,5
6.52,5.663848725939843,0.8561512740601565,0.8561512740601565,13.131154510125102,2025-10-25 16:45:00,16,10,5
5.8,6.645936708325237,-0.8459367083252376,0.8459367083252376,14.58511566077996,2025-10-25 17:00:00,17,10,5
9.92,6.1307277234417725,3.7892722765582274,3.7892722765582274,38.198309239498265,2025-10-25 17:15:00,17,10,5
11.5,9.759375880375632,1.7406241196243677,1.7406241196243677,15.135861909777109,2025-10-25 17:30:00,17,10,5
11.44,11.85515565219346,-0.4151556521934605,0.4151556521934605,3.62898297371906,2025-10-25 17:45:00,17,10,5
11.66,9.794974707206553,1.8650252927934474,1.8650252927934474,15.99507112172768,2025-10-25 18:00:00,18,10,5
11.66,14.436715035176729,-2.7767150351767285,2.7767150351767285,23.81402260014347,2025-10-25 18:15:00,18,10,5
9.06,12.80127870921855,-3.74127870921855,3.74127870921855,41.29446698916722,2025-10-25 18:30:00,18,10,5
6.94,9.112910779846398,-2.172910779846398,2.172910779846398,31.30995360009219,2025-10-25 18:45:00,18,10,5
5.29,7.786629341972834,-2.4966293419728336,2.4966293419728336,47.195261663002526,2025-10-25 19:00:00,19,10,5
4.91,6.38632660483313,-1.4763266048331296,1.4763266048331296,30.06775162592932,2025-10-25 19:15:00,19,10,5
4.73,3.8254424673998813,0.9045575326001192,0.9045575326001192,19.123837898522602,2025-10-25 19:30:00,19,10,5
4.49,3.6141748163325076,0.8758251836674926,0.8758251836674926,19.506128812193598,2025-10-25 19:45:00,19,10,5
4.28,3.3595970438146097,0.9204029561853906,0.9204029561853906,21.504741966948377,2025-10-25 20:00:00,20,10,5
5.0,4.0155840297684975,0.9844159702315025,0.9844159702315025,19.68831940463005,2025-10-25 20:15:00,20,10,5
4.05,4.789046774614036,-0.7390467746140361,0.7390467746140361,18.248068508988545,2025-10-25 20:30:00,20,10,5
4.0,3.7327769341937653,0.26722306580623467,0.26722306580623467,6.680576645155867,2025-10-25 20:45:00,20,10,5
4.03,3.8060249094566956,0.22397509054330467,0.22397509054330467,5.557694554424433,2025-10-25 21:00:00,21,10,5
3.99,4.646215366519321,-0.6562153665193211,0.6562153665193211,16.44650041401807,2025-10-25 21:15:00,21,10,5
3.99,3.1317836840632722,0.858216315936728,0.858216315936728,21.50918085054456,2025-10-25 21:30:00,21,10,5
3.8,3.785848889169962,0.014151110830037616,0.014151110830037616,0.37239765342204256,2025-10-25 21:45:00,21,10,5
4.0,3.81993647023441,0.18006352976559015,0.18006352976559015,4.501588244139754,2025-10-25 22:00:00,22,10,5
3.42,3.988817997154314,-0.5688179971543139,0.5688179971543139,16.6321051799507,2025-10-25 22:15:00,22,10,5
3.38,3.5399503066226927,-0.15995030662269283,0.15995030662269283,4.732257592387362,2025-10-25 22:30:00,22,10,5
3.25,3.435296893448495,-0.18529689344849487,0.18529689344849487,5.701442875338303,2025-10-25 22:45:00,22,10,5
4.0,3.8895166354840356,0.11048336451596441,0.11048336451596441,2.7620841128991103,2025-10-25 23:00:00,23,10,5
3.96,3.926081110647715,0.03391888935228504,0.03391888935228504,0.856537609906188,2025-10-25 23:15:00,23,10,5
3.34,4.181910248203607,-0.8419102482036074,0.8419102482036074,25.20689365879064,2025-10-25 23:30:00,23,10,5
3.19,3.544149734896685,-0.3541497348966849,0.3541497348966849,11.101872567294198,2025-10-25 23:45:00,23,10,5
3.0,1.9372699309014862,1.0627300690985138,1.0627300690985138,35.42433563661713,2025-10-26 00:00:00,0,10,6
3.12,1.1972298199151936,1.9227701800848065,1.9227701800848065,61.62724936169251,2025-10-26 00:15:00,0,10,6
3.0,0.7772608441262676,2.2227391558737324,2.2227391558737324,74.09130519579108,2025-10-26 00:30:00,0,10,6
3.02,0.9731123923504299,2.04688760764957,2.04688760764957,67.77773535263478,2025-10-26 00:45:00,0,10,6
3.23,1.4477918755915624,1.7822081244084376,1.7822081244084376,55.176722117908284,2025-10-26 01:00:00,1,10,6
3.08,1.8799158273188468,1.2000841726811533,1.2000841726811533,38.963771840297184,2025-10-26 01:15:00,1,10,6
3.08,1.5125049738547744,1.5674950261452256,1.5674950261452256,50.89269565406577,2025-10-26 01:30:00,1,10,6
2.82,1.6392752406537454,1.1807247593462544,1.1807247593462544,41.869672317243065,2025-10-26 01:45:00,1,10,6
3.08,2.1641911211940723,0.9158088788059278,0.9158088788059278,29.734054506685965,2025-10-26 02:00:00,2,10,6
2.54,2.1400465875068235,0.3999534124931765,0.3999534124931765,15.746197342251042,2025-10-26 02:00:00,2,10,6
2.79,1.7293226899285585,1.0606773100714415,1.0606773100714415,38.017107887865286,2025-10-26 02:15:00,2,10,6
2.26,1.7922800072758562,0.46771999272414355,0.46771999272414355,20.69557489929839,2025-10-26 02:15:00,2,10,6
2.6,1.7198773418744722,0.8801226581255279,0.8801226581255279,33.850871466366456,2025-10-26 02:30:00,2,10,6
2.01,1.4022063354785885,0.6077936645214113,0.6077936645214113,30.23849077220952,2025-10-26 02:30:00,2,10,6
2.18,1.469063587551382,0.7109364124486182,0.7109364124486182,32.61176203892744,2025-10-26 02:45:00,2,10,6
1.26,1.0221325275823077,0.23786747241769235,0.23786747241769235,18.87837082680098,2025-10-26 02:45:00,2,10,6
1.42,1.5293991663834419,-0.10939916638344194,0.10939916638344194,7.704166646721264,2025-10-26 03:00:00,3,10,6
1.11,0.9827648682084416,0.12723513179155854,0.12723513179155854,11.462624485725993,2025-10-26 03:15:00,3,10,6
1.01,1.3043984326633122,-0.2943984326633122,0.2943984326633122,29.14835966963487,2025-10-26 03:30:00,3,10,6
0.5,0.26531225376682954,0.23468774623317046,0.23468774623317046,46.93754924663409,2025-10-26 03:45:00,3,10,6
1.23,1.3310189353623159,-0.10101893536231588,0.10101893536231588,8.212921574172023,2025-10-26 04:00:00,4,10,6
0.47,1.448481381331078,-0.978481381331078,0.978481381331078,208.18752794278254,2025-10-26 04:15:00,4,10,6
0.48,0.9993594203791645,-0.5193594203791645,0.5193594203791645,108.19987924565928,2025-10-26 04:30:00,4,10,6
0.68,0.6683576339031134,0.011642366096886625,0.011642366096886625,1.7121126613068565,2025-10-26 04:45:00,4,10,6
0.69,2.4743636611792326,-1.7843636611792326,1.7843636611792326,258.6034291564105,2025-10-26 05:00:00,5,10,6
1.21,1.2408108835167866,-0.030810883516786625,0.030810883516786625,2.5463540096517874,2025-10-26 05:15:00,5,10,6
1.24,2.206075266078315,-0.9660752660783152,0.9660752660783152,77.90929565147702,2025-10-26 05:30:00,5,10,6
1.27,2.4048598488616904,-1.1348598488616903,1.1348598488616903,89.35904321745593,2025-10-26 05:45:00,5,10,6
1.44,2.8387282310096467,-1.3987282310096467,1.3987282310096467,97.13390493122547,2025-10-26 06:00:00,6,10,6
1.58,3.4567938253297754,-1.8767938253297753,1.8767938253297753,118.78441932466932,2025-10-26 06:15:00,6,10,6
1.67,3.203562008390456,-1.5335620083904562,1.5335620083904562,91.83006038266205,2025-10-26 06:30:00,6,10,6
2.0,3.2716564820355174,-1.2716564820355174,1.2716564820355174,63.58282410177587,2025-10-26 06:45:00,6,10,6
2.07,4.147942069988169,-2.0779420699881688,2.0779420699881688,100.3836748786555,2025-10-26 07:00:00,7,10,6
2.41,4.1753652296592065,-1.7653652296592064,1.7653652296592064,73.251669280465,2025-10-26 07:15:00,7,10,6
2.48,4.441886373944165,-1.9618863739441648,1.9618863739441648,79.10832153000665,2025-10-26 07:30:00,7,10,6
2.7,4.700634718587587,-2.0006347185875866,2.0006347185875866,74.09758216991061,2025-10-26 07:45:00,7,10,6
2.99,5.064022015973407,-2.074022015973407,2.074022015973407,69.3652848151641,2025-10-26 08:00:00,8,10,6
3.01,5.550907632537552,-2.540907632537552,2.540907632537552,84.41553596470273,2025-10-26 08:15:00,8,10,6
3.09,5.342147753956553,-2.252147753956553,2.252147753956553,72.88504058111822,2025-10-26 08:30:00,8,10,6
3.18,5.578041894214621,-2.398041894214621,2.398041894214621,75.41012245957927,2025-10-26 08:45:00,8,10,6
2.88,5.965947783984738,-3.0859477839847385,3.0859477839847385,107.15096472169232,2025-10-26 09:00:00,9,10,6
2.92,5.485576218231529,-2.565576218231529,2.565576218231529,87.86219925450442,2025-10-26 09:15:00,9,10,6
2.99,5.635735044022482,-2.645735044022482,2.645735044022482,88.48612187366159,2025-10-26 09:30:00,9,10,6
3.0,5.730432627344925,-2.730432627344925,2.730432627344925,91.0144209114975,2025-10-26 09:45:00,9,10,6
3.38,5.450647568761845,-2.070647568761845,2.070647568761845,61.26176238940369,2025-10-26 10:00:00,10,10,6
3.52,6.062596102478452,-2.5425961024784516,2.5425961024784516,72.23284382041055,2025-10-26 10:15:00,10,10,6
3.48,6.1753143648385205,-2.6953143648385205,2.6953143648385205,77.45156220800347,2025-10-26 10:30:00,10,10,6
3.44,6.133561090294371,-2.6935610902943714,2.6935610902943714,78.3011944853015,2025-10-26 10:45:00,10,10,6
3.83,6.358860764858868,-2.5288607648588677,2.5288607648588677,66.0276962104143,2025-10-26 11:00:00,11,10,6
3.86,6.597679678241981,-2.737679678241981,2.737679678241981,70.92434399590624,2025-10-26 11:15:00,11,10,6
3.89,6.39073101593786,-2.5007310159378595,2.5007310159378595,64.28614436858251,2025-10-26 11:30:00,11,10,6
4.0,6.415310668323599,-2.415310668323599,2.415310668323599,60.382766708089974,2025-10-26 11:45:00,11,10,6
3.89,6.7588930892055,-2.8688930892055002,2.8688930892055002,73.75046501813625,2025-10-26 12:00:00,12,10,6
3.95,6.374491971821961,-2.4244919718219604,2.4244919718219604,61.37954359042938,2025-10-26 12:15:00,12,10,6
3.99,6.452422940331402,-2.462422940331402,2.462422940331402,61.71486065993489,2025-10-26 12:30:00,12,10,6
4.32,6.555490724398474,-2.235490724398474,2.235490724398474,51.7474704721869,2025-10-26 12:45:00,12,10,6
4.53,6.381504286096458,-1.851504286096458,1.851504286096458,40.872059295727546,2025-10-26 13:00:00,13,10,6
4.61,6.692319856266295,-2.0823198562662943,2.0823198562662943,45.169628118574714,2025-10-26 13:15:00,13,10,6
4.9,6.721248295685193,-1.8212482956851925,1.8212482956851925,37.16833256500392,2025-10-26 13:30:00,13,10,6
5.04,7.206826470821241,-2.166826470821241,2.166826470821241,42.992588706770654,2025-10-26 13:45:00,13,10,6
4.78,6.957548217220911,-2.1775482172209104,2.1775482172209104,45.555402033910255,2025-10-26 14:00:00,14,10,6
5.0,6.559360657423817,-1.5593606574238166,1.5593606574238166,31.187213148476335,2025-10-26 14:15:00,14,10,6
5.58,7.015071753235226,-1.435071753235226,1.435071753235226,25.718131778409063,2025-10-26 14:30:00,14,10,6
7.27,7.4253769786516415,-0.1553769786516419,0.1553769786516419,2.1372349195549094,2025-10-26 14:45:00,14,10,6
4.81,8.155178517313878,-3.3451785173138786,3.3451785173138786,69.54633092128645,2025-10-26 15:00:00,15,10,6
6.44,5.9873482847972355,0.4526517152027649,0.4526517152027649,7.02875334165784,2025-10-26 15:15:00,15,10,6
7.0,8.324768587969398,-1.3247685879693982,1.3247685879693982,18.925265542419975,2025-10-26 15:30:00,15,10,6
10.62,9.74594986740576,0.87405013259424,0.87405013259424,8.2302272372339,2025-10-26 15:45:00,15,10,6
7.19,9.023717622495013,-1.833717622495013,1.833717622495013,25.50372214874844,2025-10-26 16:00:00,16,10,6
9.43,8.551884510384305,0.8781154896156949,0.8781154896156949,9.311935202711505,2025-10-26 16:15:00,16,10,6
12.78,10.57835564740984,2.2016443525901597,2.2016443525901597,17.227264104774335,2025-10-26 16:30:00,16,10,6
17.97,16.35674233340856,1.613257666591437,1.613257666591437,8.977505100675778,2025-10-26 16:45:00,16,10,6
12.26,14.268862015347455,-2.0088620153474555,2.0088620153474555,16.385497678201105,2025-10-26 17:00:00,17,10,6
14.04,12.646612584622101,1.393387415377898,1.393387415377898,9.92441179044087,2025-10-26 17:15:00,17,10,6
23.29,16.796992826958803,6.493007173041196,6.493007173041196,27.878948789356787,2025-10-26 17:30:00,17,10,6
26.71,27.418188719143807,-0.7081887191438057,0.7081887191438057,2.65139917313293,2025-10-26 17:45:00,17,10,6
26.91,19.404198713623952,7.505801286376048,7.505801286376048,27.892238150784276,2025-10-26 18:00:00,18,10,6
24.7,24.785061076234747,-0.0850610762347479,0.0850610762347479,0.34437682686132753,2025-10-26 18:15:00,18,10,6
28.84,30.000290488702184,-1.1602904887021843,1.1602904887021843,4.023198643211458,2025-10-26 18:30:00,18,10,6
14.26,30.615404138476052,-16.355404138476054,16.355404138476054,114.69427867094007,2025-10-26 18:45:00,18,10,6
24.54,13.611738281566371,10.928261718433628,10.928261718433628,44.53244384039783,2025-10-26 19:00:00,19,10,6
24.0,23.744695203718237,0.25530479628176295,0.25530479628176295,1.0637699845073456,2025-10-26 19:15:00,19,10,6
17.62,26.851513062576437,-9.231513062576436,9.231513062576436,52.392242125859454,2025-10-26 19:30:00,19,10,6
15.39,4.267869738747834,11.122130261252167,11.122130261252167,72.26855270469244,2025-10-26 19:45:00,19,10,6
15.6,23.758015832950264,-8.158015832950264,8.158015832950264,52.29497328814272,2025-10-26 20:00:00,20,10,6
14.56,16.2427481050886,-1.682748105088601,1.682748105088601,11.557335886597535,2025-10-26 20:15:00,20,10,6
13.57,9.678139520058195,3.891860479941805,3.891860479941805,28.679885629637468,2025-10-26 20:30:00,20,10,6
11.92,11.642498065249164,0.27750193475083584,0.27750193475083584,2.328036365359361,2025-10-26 20:45:00,20,10,6
12.92,12.12512298548948,0.7948770145105204,0.7948770145105204,6.1522988739204365,2025-10-26 21:00:00,21,10,6
12.46,12.230258360032767,0.22974163996723362,0.22974163996723362,1.8438333865749086,2025-10-26 21:15:00,21,10,6
11.91,11.468167592448655,0.44183240755134534,0.44183240755134534,3.709759929062513,2025-10-26 21:30:00,21,10,6
10.03,10.26359023214177,-0.23359023214177022,0.23359023214177022,2.3289155746936214,2025-10-26 21:45:00,21,10,6
12.49,10.906850389472993,1.5831496105270073,1.5831496105270073,12.675337153939209,2025-10-26 22:00:00,22,10,6
11.66,12.388387928605745,-0.7283879286057449,0.7283879286057449,6.246894756481517,2025-10-26 22:15:00,22,10,6
11.67,11.013693195523231,0.6563068044767686,0.6563068044767686,5.623880072637263,2025-10-26 22:30:00,22,10,6
7.92,9.814461003962371,-1.8944610039623715,1.8944610039623715,23.919962171242066,2025-10-26 22:45:00,22,10,6
7.03,10.366701652694278,-3.336701652694278,3.336701652694278,47.46375039394421,2025-10-26 23:00:00,23,10,6
9.67,7.638191151769931,2.031808848230069,2.031808848230069,21.011466889659452,2025-10-26 23:15:00,23,10,6
5.3,10.85942394532647,-5.559423945326469,5.559423945326469,104.89479142125415,2025-10-26 23:30:00,23,10,6
4.68,2.8370481518595483,1.8429518481404514,1.8429518481404514,39.37931299445409,2025-10-26 23:45:00,23,10,6
5.13,6.059860426915073,-0.9298604269150728,0.9298604269150728,18.12593424785717,2025-10-27 00:00:00,0,10,0
5.12,9.718951583454793,-4.5989515834547925,4.5989515834547925,89.82327311435141,2025-10-27 00:15:00,0,10,0
4.81,3.62356006516697,1.1864399348330297,1.1864399348330297,24.6661109112896,2025-10-27 00:30:00,0,10,0
4.28,6.036385715488144,-1.7563857154881442,1.7563857154881442,41.037049427293084,2025-10-27 00:45:00,0,10,0
4.92,6.719728239793639,-1.7997282397936392,1.7997282397936392,36.57984227222844,2025-10-27 01:00:00,1,10,0
4.89,7.084024965631549,-2.1940249656315496,2.1940249656315496,44.86758620923415,2025-10-27 01:15:00,1,10,0
4.87,6.710327993148404,-1.8403279931484038,1.8403279931484038,37.78907583466948,2025-10-27 01:30:00,1,10,0
4.77,6.456367150461283,-1.6863671504612832,1.6863671504612832,35.35360902434556,2025-10-27 01:45:00,1,10,0
4.81,7.664122614671577,-2.854122614671577,2.854122614671577,59.337268496290584,2025-10-27 02:00:00,2,10,0
4.4,7.257661645856182,-2.857661645856181,2.857661645856181,64.94685558764047,2025-10-27 02:15:00,2,10,0
4.31,6.913327324698294,-2.603327324698294,2.603327324698294,60.40202609508803,2025-10-27 02:30:00,2,10,0
4.42,6.838739690767724,-2.4187396907677243,2.4187396907677243,54.7226174381838,2025-10-27 02:45:00,2,10,0
4.57,7.413950864200025,-2.843950864200025,2.843950864200025,62.23087230196991,2025-10-27 03:00:00,3,10,0
4.86,7.167090746617383,-2.3070907466173827,2.3070907466173827,47.47100301681857,2025-10-27 03:15:00,3,10,0
4.96,7.663282644901749,-2.7032826449017486,2.7032826449017486,54.50166622785784,2025-10-27 03:30:00,3,10,0
4.99,7.93257267903298,-2.9425726790329794,2.9425726790329794,58.96939236539036,2025-10-27 03:45:00,3,10,0
4.82,8.43464477490366,-3.6146447749036597,3.6146447749036597,74.99263018472323,2025-10-27 04:00:00,4,10,0
4.87,8.480466581884187,-3.610466581884187,3.610466581884187,74.13689079844326,2025-10-27 04:15:00,4,10,0
4.95,8.473676551832703,-3.523676551832703,3.523676551832703,71.18538488550915,2025-10-27 04:30:00,4,10,0
5.33,8.582850969140729,-3.252850969140729,3.252850969140729,61.029098858175026,2025-10-27 04:45:00,4,10,0
4.63,9.200597237125027,-4.570597237125027,4.570597237125027,98.71700296166365,2025-10-27 05:00:00,5,10,0
5.54,8.8728122444432,-3.3328122444431996,3.3328122444431996,60.15906578417328,2025-10-27 05:15:00,5,10,0
11.29,10.075862725945708,1.2141372740542913,1.2141372740542913,10.754094544324989,2025-10-27 05:30:00,5,10,0
20.55,15.521630412019512,5.028369587980489,5.028369587980489,24.468951766328413,2025-10-27 05:45:00,5,10,0
9.12,22.61184133487049,-13.491841334870491,13.491841334870491,147.936856742001,2025-10-27 06:00:00,6,10,0
21.56,11.827759702379048,9.732240297620951,9.732240297620951,45.14026112069087,2025-10-27 06:15:00,6,10,0
48.49,30.444600367530697,18.045399632469305,18.045399632469305,37.214682681932985,2025-10-27 06:30:00,6,10,0
72.21,58.003883854717934,14.20611614528206,14.20611614528206,19.673336304226645,2025-10-27 06:45:00,6,10,0
51.5,57.55945272845569,-6.059452728455689,6.059452728455689,11.7659276280693,2025-10-27 07:00:00,7,10,0
62.49,53.66572409238713,8.824275907612872,8.824275907612872,14.121100828313123,2025-10-27 07:15:00,7,10,0
64.7,83.92673910218363,-19.22673910218363,19.22673910218363,29.716752862725855,2025-10-27 07:30:00,7,10,0
68.45,85.90175265690519,-17.451752656905185,17.451752656905185,25.495621120387412,2025-10-27 07:45:00,7,10,0
71.79,46.51255115705614,25.27744884294387,25.27744884294387,35.21026444204467,2025-10-27 08:00:00,8,10,0
72.4,74.44560385424188,-2.0456038542418753,2.0456038542418753,2.8254196881793856,2025-10-27 08:15:00,8,10,0
72.81,67.89549259465669,4.914507405343315,4.914507405343315,6.749769819177744,2025-10-27 08:30:00,8,10,0
69.24,69.96179097246478,-0.7217909724647882,0.7217909724647882,1.0424479671646276,2025-10-27 08:45:00,8,10,0
72.6,67.84127877197763,4.758721228022367,4.758721228022367,6.554712435292517,2025-10-27 09:00:00,9,10,0
69.53,69.78059057087887,-0.25059057087887027,0.25059057087887027,0.36040640137907415,2025-10-27 09:15:00,9,10,0
65.41,66.17925799657884,-0.769257996578844,0.769257996578844,1.1760556437530103,2025-10-27 09:30:00,9,10,0
58.67,59.254014506844,-0.5840145068439995,0.5840145068439995,0.9954227149207422,2025-10-27 09:45:00,9,10,0
67.44,60.474490268636416,6.965509731363582,6.965509731363582,10.328454524560472,2025-10-27 10:00:00,10,10,0
62.43,64.61297969544569,-2.182979695445688,2.182979695445688,3.4966837985674966,2025-10-27 10:15:00,10,10,0
59.64,56.65542493490909,2.984575065090908,2.984575065090908,5.004317681238947,2025-10-27 10:30:00,10,10,0
57.53,51.77644571358306,5.753554286416943,5.753554286416943,10.000963473695364,2025-10-27 10:45:00,10,10,0
71.89,64.34659865262128,7.543401347378719,7.543401347378719,10.492977253274056,2025-10-27 11:00:00,11,10,0
70.11,66.97728750351425,3.132712496485752,3.132712496485752,4.468281980438955,2025-10-27 11:15:00,11,10,0
67.64,63.644739692044794,3.9952603079552063,3.9952603079552063,5.906653323411009,2025-10-27 11:30:00,11,10,0
66.1,61.8241371707308,4.275862829269194,4.275862829269194,6.468778864249916,2025-10-27 11:45:00,11,10,0
61.72,76.57203788038038,-14.85203788038038,14.85203788038038,24.063574012281887,2025-10-27 12:00:00,12,10,0
57.86,60.45444207733822,-2.594442077338222,2.594442077338222,4.483999442340515,2025-10-27 12:15:00,12,10,0
58.78,56.716318496425636,2.063681503574365,2.063681503574365,3.510856589952986,2025-10-27 12:30:00,12,10,0
59.05,58.744303187324036,0.3056968126759614,0.3056968126759614,0.5176914693919753,2025-10-27 12:45:00,12,10,0
51.94,56.398358216979645,-4.458358216979647,4.458358216979647,8.583670036541486,2025-10-27 13:00:00,13,10,0
52.2,49.381800778593195,2.8181992214068075,2.8181992214068075,5.398849083154803,2025-10-27 13:15:00,13,10,0
53.01,54.785933762220665,-1.7759337622206672,1.7759337622206672,3.3501863086600023,2025-10-27 13:30:00,13,10,0
52.24,55.11432551958819,-2.87432551958819,2.87432551958819,5.502154516822722,2025-10-27 13:45:00,13,10,0
50.76,47.877913530194334,2.882086469805664,2.882086469805664,5.677869325858282,2025-10-27 14:00:00,14,10,0
54.43,52.29548183164245,2.134518168357552,2.134518168357552,3.9215839947777913,2025-10-27 14:15:00,14,10,0
56.96,56.65525069031831,0.30474930968168934,0.30474930968168934,0.535023366716449,2025-10-27 14:30:00,14,10,0
58.84,57.02688140257874,1.8131185974212656,1.8131185974212656,3.0814388127485817,2025-10-27 14:45:00,14,10,0
50.0,57.85315264291102,-7.85315264291102,7.85315264291102,15.706305285822038,2025-10-27 15:00:00,15,10,0
50.06,53.780775767933285,-3.720775767933283,3.720775767933283,7.432632377014148,2025-10-27 15:15:00,15,10,0
57.84,55.288427381174415,2.5515726188255883,2.5515726188255883,4.411432605161806,2025-10-27 15:30:00,15,10,0
66.37,62.53444251689277,3.8355574831072374,3.8355574831072374,5.7790530105578375,2025-10-27 15:45:00,15,10,0
55.45,59.66975533597411,-4.2197553359741065,4.2197553359741065,7.610018640169713,2025-10-27 16:00:00,16,10,0
60.72,54.49273565538422,6.227264344615776,6.227264344615776,10.255705442384349,2025-10-27 16:15:00,16,10,0
62.1,68.88415148862711,-6.78415148862711,6.78415148862711,10.924559563006618,2025-10-27 16:30:00,16,10,0
62.89,71.39620168425901,-8.506201684259011,8.506201684259011,13.52552342861983,2025-10-27 16:45:00,16,10,0
50.46,55.75891631079293,-5.298916310792926,5.298916310792926,10.501221384845275,2025-10-27 17:00:00,17,10,0
50.32,57.03007057912146,-6.7100705791214565,6.7100705791214565,13.334798448174595,2025-10-27 17:15:00,17,10,0
51.24,56.65901823079825,-5.419018230798251,5.419018230798251,10.575757671347095,2025-10-27 17:30:00,17,10,0
50.22,57.215824117050815,-6.995824117050816,6.995824117050816,13.930354673538064,2025-10-27 17:45:00,17,10,0
54.79,44.25451804734406,10.535481952655942,10.535481952655942,19.22884094297489,2025-10-27 18:00:00,18,10,0
57.38,57.78969660659515,-0.4096966065951477,0.4096966065951477,0.7140059369033596,2025-10-27 18:15:00,18,10,0
59.69,60.18702622152955,-0.497026221529552,0.497026221529552,0.8326792118102732,2025-10-27 18:30:00,18,10,0
59.6,60.17468545029082,-0.5746854502908221,0.5746854502908221,0.9642373327027215,2025-10-27 18:45:00,18,10,0
63.57,60.224441455440314,3.3455585445596867,3.3455585445596867,5.2627946272765245,2025-10-27 19:00:00,19,10,0
62.28,62.94623213962666,-0.6662321396266577,0.6662321396266577,1.0697368972810817,2025-10-27 19:15:00,19,10,0
58.81,61.22350630787146,-2.413506307871458,2.413506307871458,4.103904621444411,2025-10-27 19:30:00,19,10,0
55.91,56.38344742148254,-0.4734474214825468,0.4734474214825468,0.846802757078424,2025-10-27 19:45:00,19,10,0
56.74,57.93168427480242,-1.1916842748024195,1.1916842748024195,2.100254273532639,2025-10-27 20:00:00,20,10,0
54.25,55.118333963140174,-0.8683339631401736,0.8683339631401736,1.6006156002583847,2025-10-27 20:15:00,20,10,0
51.21,50.30181277781677,0.9081872221832299,0.9081872221832299,1.7734567900473146,2025-10-27 20:30:00,20,10,0
46.08,47.779291099097435,-1.6992910990974366,1.6992910990974366,3.68769769769409,2025-10-27 20:45:00,20,10,0
50.23,46.406197349408586,3.8238026505914107,3.8238026505914107,7.612587399146747,2025-10-27 21:00:00,21,10,0
53.84,48.30087188488667,5.539128115113336,5.539128115113336,10.288127999839032,2025-10-27 21:15:00,21,10,0
44.66,49.85877231749945,-5.198772317499454,5.198772317499454,11.640779931705003,2025-10-27 21:30:00,21,10,0
36.71,38.03215686509891,-1.3221568650989113,1.3221568650989113,3.601625892396925,2025-10-27 21:45:00,21,10,0
42.29,40.058141241689995,2.231858758310004,2.231858758310004,5.277509478150873,2025-10-27 22:00:00,22,10,0
41.58,47.09765592217187,-5.517655922171869,5.517655922171869,13.269975762799108,2025-10-27 22:15:00,22,10,0
31.3,34.08776451967198,-2.7877645196719776,2.7877645196719776,8.906595909495135,2025-10-27 22:30:00,22,10,0
22.27,23.983556683131724,-1.7135566831317242,1.7135566831317242,7.6944619808339665,2025-10-27 22:45:00,22,10,0
24.95,28.71065945271019,-3.7606594527101898,3.7606594527101898,15.072783377595952,2025-10-27 23:00:00,23,10,0
19.73,28.17514729158438,-8.44514729158438,8.44514729158438,42.80358485344339,2025-10-27 23:15:00,23,10,0
16.86,13.703836585528542,3.1561634144714574,3.1561634144714574,18.71983045356736,2025-10-27 23:30:00,23,10,0
16.23,11.184932009614265,5.045067990385736,5.045067990385736,31.084830501452466,2025-10-27 23:45:00,23,10,0
31.27,22.20449983822244,9.06550016177756,9.06550016177756,28.991046248089415,2025-10-28 00:00:00,0,10,1
26.0,29.457113960997063,-3.457113960997063,3.457113960997063,13.296592157681012,2025-10-28 00:15:00,0,10,1
21.05,22.91141768043011,-1.8614176804301081,1.8614176804301081,8.842839336960132,2025-10-28 00:30:00,0,10,1
12.49,20.850462990812,-8.360462990812001,8.360462990812001,66.9372537294796,2025-10-28 00:45:00,0,10,1
27.08,28.704495082371604,-1.624495082371606,1.624495082371606,5.998874011711987,2025-10-28 01:00:00,1,10,1
24.68,27.770237691759785,-3.0902376917597856,3.0902376917597856,12.521222413937544,2025-10-28 01:15:00,1,10,1
19.05,22.11219869637016,-3.06219869637016,3.06219869637016,16.07453383921344,2025-10-28 01:30:00,1,10,1
10.64,12.979109924203161,-2.3391099242031608,2.3391099242031608,21.984115828977075,2025-10-28 01:45:00,1,10,1
14.71,26.642649861026793,-11.932649861026793,11.932649861026793,81.11930564940036,2025-10-28 02:00:00,2,10,1
11.86,18.91688140388667,-7.0568814038866705,7.0568814038866705,59.50152954373247,2025-10-28 02:15:00,2,10,1
10.1,12.032575632810456,-1.9325756328104564,1.9325756328104564,19.134412206044125,2025-10-28 02:30:00,2,10,1
9.04,7.238732807136252,1.8012671928637474,1.8012671928637474,19.92552204495296,2025-10-28 02:45:00,2,10,1
13.14,17.080539550166733,-3.940539550166733,3.940539550166733,29.988885465500246,2025-10-28 03:00:00,3,10,1
9.84,15.377731141545826,-5.537731141545827,5.537731141545827,56.277755503514506,2025-10-28 03:15:00,3,10,1
8.75,12.043749565915643,-3.2937495659156433,3.2937495659156433,37.64285218189307,2025-10-28 03:30:00,3,10,1
8.95,11.978358284600787,-3.028358284600788,3.028358284600788,33.83640541453395,2025-10-28 03:45:00,3,10,1
5.02,17.423186526756325,-12.403186526756325,12.403186526756325,247.07542881984713,2025-10-28 04:00:00,4,10,1
6.42,7.6386041693125435,-1.2186041693125436,1.2186041693125436,18.981373353777936,2025-10-28 04:15:00,4,10,1
12.12,11.098253762877619,1.0217462371223807,1.0217462371223807,8.430249481207762,2025-10-28 04:30:00,4,10,1
20.22,17.10726720230657,3.112732797693429,3.112732797693429,15.394326398088175,2025-10-28 04:45:00,4,10,1
12.16,20.22333532686057,-8.063335326860571,8.063335326860571,66.31032341168233,2025-10-28 05:00:00,5,10,1
14.87,15.455760120332386,-0.5857601203323863,0.5857601203323863,3.9392072651808094,2025-10-28 05:15:00,5,10,1
37.69,23.79421469609315,13.895785303906848,13.895785303906848,36.86862643647347,2025-10-28 05:30:00,5,10,1
49.81,47.87497836221175,1.9350216377882532,1.9350216377882532,3.8848055366156458,2025-10-28 05:45:00,5,10,1
32.43,41.79433901474327,-9.364339014743273,9.364339014743273,28.875544294613853,2025-10-28 06:00:00,6,10,1
48.69,31.686125449474112,17.003874550525886,17.003874550525886,34.922724482493095,2025-10-28 06:15:00,6,10,1
61.62,69.53906299844229,-7.919062998442293,7.919062998442293,12.851449202275711,2025-10-28 06:30:00,6,10,1
69.73,72.83366193228076,-3.103661932280758,3.103661932280758,4.450970790593371,2025-10-28 06:45:00,6,10,1
65.47,53.01121728385619,12.458782716143808,12.458782716143808,19.029758234525445,2025-10-28 07:00:00,7,10,1
68.47,75.55159749991833,-7.081597499918331,7.081597499918331,10.342628158198234,2025-10-28 07:15:00,7,10,1
65.73,79.20159644392274,-13.471596443922735,13.471596443922735,20.49535439513576,2025-10-28 07:30:00,7,10,1
75.29,74.02347727189323,1.2665227281067786,1.2665227281067786,1.6821924931687855,2025-10-28 07:45:00,7,10,1
84.06,67.84876031807951,16.21123968192049,16.21123968192049,19.285319631121208,2025-10-28 08:00:00,8,10,1
77.41,80.19701586729875,-2.7870158672987486,2.7870158672987486,3.6003305352005537,2025-10-28 08:15:00,8,10,1
77.44,67.45840357108762,9.981596428912383,9.981596428912383,12.889458198492228,2025-10-28 08:30:00,8,10,1
77.91,79.78480126240257,-1.8748012624025705,1.8748012624025705,2.406367940447401,2025-10-28 08:45:00,8,10,1
83.11,82.33444406604956,0.775555933950443,0.775555933950443,0.9331680110100385,2025-10-28 09:00:00,9,10,1
77.72,74.37597914430566,3.344020855694339,3.344020855694339,4.30265164139776,2025-10-28 09:15:00,9,10,1
77.29,73.30008056763322,3.98991943236679,3.98991943236679,5.162271228317751,2025-10-28 09:30:00,9,10,1
78.33,74.39233984158739,3.937660158412612,3.937660158412612,5.027014117723238,2025-10-28 09:45:00,9,10,1
86.04,80.82574026560948,5.214259734390524,5.214259734390524,6.0602739823227845,2025-10-28 10:00:00,10,10,1
75.51,78.95641559476726,-3.4464155947672594,3.4464155947672594,4.5641843395143145,2025-10-28 10:15:00,10,10,1
74.6,71.20156688216156,3.3984331178384366,3.3984331178384366,4.555540372437584,2025-10-28 10:30:00,10,10,1
75.24,73.69476428022693,1.5452357197730606,1.5452357197730606,2.0537423176143816,2025-10-28 10:45:00,10,10,1
79.85,81.61733744462661,-1.7673374446266195,1.7673374446266195,2.213321784128515,2025-10-28 11:00:00,11,10,1
77.87,70.21168512022405,7.658314879775958,7.658314879775958,9.834743649384817,2025-10-28 11:15:00,11,10,1
77.16,74.44017596233012,2.7198240376698806,2.7198240376698806,3.524914512273044,2025-10-28 11:30:00,11,10,1
77.04,75.41612866974793,1.6238713302520722,1.6238713302520722,2.1078288295068432,2025-10-28 11:45:00,11,10,1
77.43,79.95331174973529,-2.523311749735285,2.523311749735285,3.2588295876731044,2025-10-28 12:00:00,12,10,1
72.52,75.06997049782939,-2.549970497829392,2.549970497829392,3.516230691987579,2025-10-28 12:15:00,12,10,1
70.02,71.19491310753877,-1.1749131075387709,1.1749131075387709,1.677967877090504,2025-10-28 12:30:00,12,10,1
68.96,70.22244632099539,-1.2624463209953944,1.2624463209953944,1.8306936209329967,2025-10-28 12:45:00,12,10,1
68.04,70.7349823273002,-2.6949823273001954,2.6949823273001954,3.9608793758086347,2025-10-28 13:00:00,13,10,1
65.15,65.19908499931864,-0.0490849993186373,0.0490849993186373,0.07534151852438571,2025-10-28 13:15:00,13,10,1
64.67,63.96991592476925,0.7000840752307482,0.7000840752307482,1.0825484385816426,2025-10-28 13:30:00,13,10,1
64.67,64.96043295066823,-0.29043295066823305,0.29043295066823305,0.44909997010705593,2025-10-28 13:45:00,13,10,1
62.93,65.43377862165966,-2.503778621659656,2.503778621659656,3.9786725276651134,2025-10-28 14:00:00,14,10,1
70.81,61.77167631590032,9.03832368409968,9.03832368409968,12.764191052252055,2025-10-28 14:15:00,14,10,1
80.45,71.19645667932772,9.253543320672279,9.253543320672279,11.502229112084871,2025-10-28 14:30:00,14,10,1
89.43,79.06680794999644,10.363192050003562,10.363192050003562,11.588048809128438,2025-10-28 14:45:00,14,10,1
78.11,84.42185189480821,-6.311851894808214,6.311851894808214,8.080721923963916,2025-10-28 15:00:00,15,10,1
92.4,80.7648045754099,11.635195424590108,11.635195424590108,12.592202840465486,2025-10-28 15:15:00,15,10,1
101.96,99.52603385035644,2.4339661496435525,2.4339661496435525,2.3871774712078784,2025-10-28 15:30:00,15,10,1
114.5,106.9471307260354,7.552869273964603,7.552869273964603,6.596392379008387,2025-10-28 15:45:00,15,10,1
97.73,100.00421604891939,-2.274216048919385,2.274216048919385,2.3270398535960144,2025-10-28 16:00:00,16,10,1
105.4,103.64229647903375,1.7577035209662597,1.7577035209662597,1.6676503993987284,2025-10-28 16:15:00,16,10,1
115.7,112.44643990788603,3.253560092113972,3.253560092113972,2.8120657667363624,2025-10-28 16:30:00,16,10,1
121.98,125.2766262044685,-3.2966262044684953,3.2966262044684953,2.702595675084846,2025-10-28 16:45:00,16,10,1
112.92,104.60586755068448,8.314132449315522,8.314132449315522,7.36285197424329,2025-10-28 17:00:00,17,10,1
121.81,114.56376738275355,7.246232617246449,7.246232617246449,5.948799455912034,2025-10-28 17:15:00,17,10,1
118.69,128.64089925722956,-9.950899257229565,9.950899257229565,8.383940734037886,2025-10-28 17:30:00,17,10,1
114.33,122.23946682642301,-7.909466826423014,7.909466826423014,6.918102708320663,2025-10-28 17:45:00,17,10,1
103.94,106.06805825803565,-2.128058258035651,2.128058258035651,2.0473910506404183,2025-10-28 18:00:00,18,10,1
102.03,112.23785544512856,-10.207855445128558,10.207855445128558,10.004758840663097,2025-10-28 18:15:00,18,10,1
104.27,102.93554759359922,1.3344524064007715,1.3344524064007715,1.2798047438388525,2025-10-28 18:30:00,18,10,1
104.4,103.63012836080975,0.7698716391902565,0.7698716391902565,0.7374249417531192,2025-10-28 18:45:00,18,10,1
105.15,92.43683333401219,12.713166665987814,12.713166665987814,12.090505626236627,2025-10-28 19:00:00,19,10,1
99.67,99.06090599076052,0.6090940092394845,0.6090940092394845,0.6111106744652197,2025-10-28 19:15:00,19,10,1
96.56,97.3180440622902,-0.758044062290196,0.758044062290196,0.7850497745341715,2025-10-28 19:30:00,19,10,1
94.32,93.94908837436441,0.37091162563558555,0.37091162563558555,0.39324811878242744,2025-10-28 19:45:00,19,10,1
92.31,92.77288796457373,-0.4628879645737243,0.4628879645737243,0.5014494253859,2025-10-28 20:00:00,20,10,1
85.85,85.65697204309296,0.19302795690703078,0.19302795690703078,0.22484328119630842,2025-10-28 20:15:00,20,10,1
80.47,81.16650839029313,-0.6965083902931326,0.6965083902931326,0.8655503793875141,2025-10-28 20:30:00,20,10,1
75.78,77.62434752396364,-1.8443475239636342,1.8443475239636342,2.43381832140886,2025-10-28 20:45:00,20,10,1
82.28,73.87060628927321,8.409393710726789,8.409393710726789,10.220459055331538,2025-10-28 21:00:00,21,10,1
77.8,76.30860949134947,1.4913905086505252,1.4913905086505252,1.9169543812988756,2025-10-28 21:15:00,21,10,1
71.96,70.64813241471542,1.311867585284574,1.311867585284574,1.8230511190725045,2025-10-28 21:30:00,21,10,1
63.18,65.69285679169764,-2.5128567916976365,2.5128567916976365,3.977297865934847,2025-10-28 21:45:00,21,10,1
79.51,68.11948630472315,11.390513695276852,11.390513695276852,14.32588818422444,2025-10-28 22:00:00,22,10,1
71.22,76.11341354509233,-4.893413545092329,4.893413545092329,6.8708418212473035,2025-10-28 22:15:00,22,10,1
67.44,63.093336131694116,4.346663868305882,4.346663868305882,6.445231121450003,2025-10-28 22:30:00,22,10,1
61.54,57.330074479229985,4.209925520770014,4.209925520770014,6.8409579473025905,2025-10-28 22:45:00,22,10,1
68.17,74.4934749841947,-6.3234749841947036,6.3234749841947036,9.27603782337495,2025-10-28 23:00:00,23,10,1
62.67,61.98795012492766,0.6820498750723445,0.6820498750723445,1.0883195708829496,2025-10-28 23:15:00,23,10,1
59.36,58.212939271313175,1.1470607286868244,1.1470607286868244,1.9323799337716046,2025-10-28 23:30:00,23,10,1
50.01,53.4878241784062,-3.477824178406202,3.477824178406202,6.954257505311341,2025-10-28 23:45:00,23,10,1
63.62,57.69613467513578,5.923865324864217,5.923865324864217,9.311325565646364,2025-10-29 00:00:00,0,10,2
59.75,62.21339548785754,-2.4633954878575395,2.4633954878575395,4.122837636581656,2025-10-29 00:15:00,0,10,2
55.5,56.989625864999745,-1.489625864999745,1.489625864999745,2.684010567567108,2025-10-29 00:30:00,0,10,2
53.27,47.513314831126664,5.756685168873339,5.756685168873339,10.806617549978109,2025-10-29 00:45:00,0,10,2
57.75,66.236943004321,-8.486943004321006,8.486943004321006,14.696005202287457,2025-10-29 01:00:00,1,10,2
54.72,57.153161045734755,-2.4331610457347566,2.4331610457347566,4.446566238550359,2025-10-29 01:15:00,1,10,2
52.49,52.38850960038059,0.10149039961941497,0.10149039961941497,0.19335187582285193,2025-10-29 01:30:00,1,10,2
52.8,52.02007642111461,0.7799235788853878,0.7799235788853878,1.4771279903132344,2025-10-29 01:45:00,1,10,2
51.79,59.0020754645563,-7.2120754645563,7.2120754645563,13.92561394971288,2025-10-29 02:00:00,2,10,2
51.94,51.869181314117256,0.07081868588274176,0.07081868588274176,0.1363471041254173,2025-10-29 02:15:00,2,10,2
53.41,52.41037725306505,0.9996227469349463,0.9996227469349463,1.871602222308456,2025-10-29 02:30:00,2,10,2
54.08,55.750228044375554,-1.6702280443755555,1.6702280443755555,3.088439431167817,2025-10-29 02:45:00,2,10,2
51.73,55.37211616269962,-3.6421161626996224,3.6421161626996224,7.040626643533003,2025-10-29 03:00:00,3,10,2
54.06,53.98551714592367,0.07448285407632937,0.07448285407632937,0.1377781244475201,2025-10-29 03:15:00,3,10,2
55.3,57.93627686890386,-2.636276868903863,2.636276868903863,4.767227611037727,2025-10-29 03:30:00,3,10,2
57.22,58.22827646075737,-1.0082764607573722,1.0082764607573722,1.7621049646231604,2025-10-29 03:45:00,3,10,2
50.36,57.58628353573924,-7.226283535739242,7.226283535739242,14.349252453811046,2025-10-29 04:00:00,4,10,2
58.32,54.805779337298716,3.514220662701284,3.514220662701284,6.025755594480939,2025-10-29 04:15:00,4,10,2
62.59,63.054647488269694,-0.4646474882696907,0.4646474882696907,0.7423669727906865,2025-10-29 04:30:00,4,10,2
70.72,66.42416414649662,4.295835853503377,4.295835853503377,6.074428525881472,2025-10-29 04:45:00,4,10,2
53.44,65.85405617572464,-12.414056175724639,12.414056175724639,23.229895538406886,2025-10-29 05:00:00,5,10,2
65.7,60.68453078414875,5.015469215851255,5.015469215851255,7.633895305709672,2025-10-29 05:15:00,5,10,2
83.39,73.56209974862463,9.827900251375368,9.827900251375368,11.785466184644882,2025-10-29 05:30:00,5,10,2
99.8,92.2056485349336,7.594351465066396,7.594351465066396,7.609570606278954,2025-10-29 05:45:00,5,10,2
70.79,82.38824766975614,-11.598247669756134,11.598247669756134,16.384019875344162,2025-10-29 06:00:00,6,10,2
88.07,76.29633017798446,11.773669822015535,11.773669822015535,13.368536189412438,2025-10-29 06:15:00,6,10,2
109.34,105.57822004976902,3.761779950230988,3.761779950230988,3.4404426104179513,2025-10-29 06:30:00,6,10,2
133.79,124.39478827202859,9.3952117279714,9.3952117279714,7.022357222491517,2025-10-29 06:45:00,6,10,2
95.37,104.18622500737402,-8.816225007374015,8.816225007374015,9.24423299504458,2025-10-29 07:00:00,7,10,2
96.81,101.15758731351349,-4.347587313513486,4.347587313513486,4.490845277877788,2025-10-29 07:15:00,7,10,2
96.87,117.11618261731763,-20.24618261731763,20.24618261731763,20.900364010857466,2025-10-29 07:30:00,7,10,2
100.02,123.96175225671539,-23.94175225671539,23.94175225671539,23.93696486374264,2025-10-29 07:45:00,7,10,2
107.99,67.05653611610803,40.93346388389196,40.93346388389196,37.90486515778495,2025-10-29 08:00:00,8,10,2
104.07,103.86553562638295,0.20446437361704284,0.20446437361704284,0.1964681210887315,2025-10-29 08:15:00,8,10,2
134.94,97.60266225281995,37.337337747180044,37.337337747180044,27.669584813383757,2025-10-29 08:30:00,8,10,2
97.8,130.2215269308579,-32.421526930857894,32.421526930857894,33.150845532574536,2025-10-29 08:45:00,8,10,2
100.26,95.47135945055118,4.788640549448829,4.788640549448829,4.776222371283492,2025-10-29 09:00:00,9,10,2
88.08,95.4439351851544,-7.3639351851544035,7.3639351851544035,8.360507703399641,2025-10-29 09:15:00,9,10,2
88.07,115.40235461252342,-27.33235461252343,27.33235461252343,31.03480709949294,2025-10-29 09:30:00,9,10,2
84.97,59.99426670838061,24.97573329161939,24.97573329161939,29.393589845380006,2025-10-29 09:45:00,9,10,2
133.04,87.85229812007496,45.18770187992503,45.18770187992503,33.96550051106813,2025-10-29 10:00:00,10,10,2
99.99,120.34437448537255,-20.35437448537256,20.35437448537256,20.3564101263852,2025-10-29 10:15:00,10,10,2
88.1,89.0574807772839,-0.9574807772839051,0.9574807772839051,1.0868113249533544,2025-10-29 10:30:00,10,10,2
88.08,81.44880426014362,6.6311957398563806,6.6311957398563806,7.528605517548116,2025-10-29 10:45:00,10,10,2
123.25,131.83654052978466,-8.586540529784656,8.586540529784656,6.966767164125481,2025-10-29 11:00:00,11,10,2
106.0,98.12624118291836,7.873758817081637,7.873758817081637,7.428074355737394,2025-10-29 11:15:00,11,10,2
100.0,88.55025359675822,11.449746403241775,11.449746403241775,11.449746403241775,2025-10-29 11:30:00,11,10,2
90.22,95.11426212619816,-4.894262126198157,4.894262126198157,5.424808386386784,2025-10-29 11:45:00,11,10,2
99.78,120.71800205549812,-20.938002055498117,20.938002055498117,20.984167223389573,2025-10-29 12:00:00,12,10,2
99.77,89.29953942164093,10.470460578359067,10.470460578359067,10.494598154113529,2025-10-29 12:15:00,12,10,2
99.99,94.65878989985487,5.331210100145128,5.331210100145128,5.331743274472576,2025-10-29 12:30:00,12,10,2
100.0,90.18093528912237,9.819064710877626,9.819064710877626,9.819064710877626,2025-10-29 12:45:00,12,10,2
96.93,106.93765261257306,-10.007652612573054,10.007652612573054,10.324618397372385,2025-10-29 13:00:00,13,10,2
90.49,96.97609275401676,-6.4860927540167665,6.4860927540167665,7.167745335414705,2025-10-29 13:15:00,13,10,2
99.99,91.75874196586688,8.23125803413312,8.23125803413312,8.232081242257346,2025-10-29 13:30:00,13,10,2
89.66,101.79551487668222,-12.135514876682223,12.135514876682223,13.535037783495676,2025-10-29 13:45:00,13,10,2
78.27,87.78998694488558,-9.519986944885588,9.519986944885588,12.16300874522242,2025-10-29 14:00:00,14,10,2
77.9,75.3414008408372,2.55859915916281,2.55859915916281,3.2844661863450706,2025-10-29 14:15:00,14,10,2
92.85,90.86231201971155,1.9876879802884417,1.9876879802884417,2.140751728905161,2025-10-29 14:30:00,14,10,2
102.9,88.17246571845058,14.727534281549424,14.727534281549424,14.312472576821596,2025-10-29 14:45:00,14,10,2
88.94,92.14177215346413,-3.201772153464134,3.201772153464134,3.5999237165101574,2025-10-29 15:00:00,15,10,2
95.72,85.10497332318599,10.615026676814011,10.615026676814011,11.089664309249908,2025-10-29 15:15:00,15,10,2
109.87,108.42417352872147,1.4458264712785365,1.4458264712785365,1.315942906415342,2025-10-29 15:30:00,15,10,2
119.14,118.62879926826602,0.5112007317339788,0.5112007317339788,0.42907565195062847,2025-10-29 15:45:00,15,10,2
103.43,104.53200793510749,-1.1020079351074799,1.1020079351074799,1.0654625689910855,2025-10-29 16:00:00,16,10,2
108.07,104.69847787091751,3.3715221290824786,3.3715221290824786,3.1197576839848975,2025-10-29 16:15:00,16,10,2
118.95,120.29878374987771,-1.348783749877711,1.348783749877711,1.1339081545840362,2025-10-29 16:30:00,16,10,2
149.44,127.79659430794086,21.643405692059133,21.643405692059133,14.483007020917515,2025-10-29 16:45:00,16,10,2
129.0,133.02827531770183,-4.0282753177018265,4.0282753177018265,3.122694044730098,2025-10-29 17:00:00,17,10,2
150.01,123.90495899440165,26.105041005598338,26.105041005598338,17.402200523697314,2025-10-29 17:15:00,17,10,2
142.45,154.3677027726359,-11.91770277263592,11.91770277263592,8.366235712626128,2025-10-29 17:30:00,17,10,2
140.43,163.68027930714592,-23.250279307145917,23.250279307145917,16.55649028494333,2025-10-29 17:45:00,17,10,2
129.31,121.92161880320691,7.388381196793091,7.388381196793091,5.713696695377845,2025-10-29 18:00:00,18,10,2
132.03,146.78810903486013,-14.758109034860126,14.758109034860126,11.17784521310318,2025-10-29 18:15:00,18,10,2
140.14,128.79807664184796,11.34192335815203,11.34192335815203,8.093280546704747,2025-10-29 18:30:00,18,10,2
140.07,139.6136091108448,0.45639088915518755,0.45639088915518755,0.3258305769652228,2025-10-29 18:45:00,18,10,2
134.86,124.67019209327484,10.189807906725179,10.189807906725179,7.55584154436095,2025-10-29 19:00:00,19,10,2
119.94,130.64270317345301,-10.702703173453017,10.702703173453017,8.923381001711704,2025-10-29 19:15:00,19,10,2
101.05,123.25864240837646,-22.208642408376463,22.208642408376463,21.977874723776807,2025-10-29 19:30:00,19,10,2
93.76,102.35396086554664,-8.593960865546634,8.593960865546634,9.165913892434551,2025-10-29 19:45:00,19,10,2
97.01,94.06167455830278,2.9483254416972215,2.9483254416972215,3.039197445312052,2025-10-29 20:00:00,20,10,2
94.1,88.44316530105755,5.656834698942447,5.656834698942447,6.011514026506321,2025-10-29 20:15:00,20,10,2
92.82,78.49393463300993,14.326065366990065,14.326065366990065,15.434244092857213,2025-10-29 20:30:00,20,10,2
91.43,85.09694179526284,6.333058204737171,6.333058204737171,6.926674182147184,2025-10-29 20:45:00,20,10,2
93.52,92.3059208948866,1.2140791051133988,1.2140791051133988,1.2982026359210852,2025-10-29 21:00:00,21,10,2
90.97,89.42261280837403,1.5473871916259725,1.5473871916259725,1.700986250001069,2025-10-29 21:15:00,21,10,2
88.74,87.62068360084126,1.119316399158734,1.119316399158734,1.2613436997506584,2025-10-29 21:30:00,21,10,2
79.59,85.72324783599109,-6.133247835991085,6.133247835991085,7.706053318244861,2025-10-29 21:45:00,21,10,2
75.87,80.4578851600755,-4.587885160075501,4.587885160075501,6.047034611935549,2025-10-29 22:00:00,22,10,2
74.28,74.83552132423733,-0.5555213242373327,0.5555213242373327,0.7478746960653375,2025-10-29 22:15:00,22,10,2
58.68,73.88956031786591,-15.209560317865915,15.209560317865915,25.919496110882605,2025-10-29 22:30:00,22,10,2
53.04,52.66975218723351,0.3702478127664861,0.3702478127664861,0.6980539456381714,2025-10-29 22:45:00,22,10,2
59.59,53.76711531027841,5.82288468972159,5.82288468972159,9.771580281459288,2025-10-29 23:00:00,23,10,2
56.76,62.28447584738619,-5.524475847386192,5.524475847386192,9.733044128587371,2025-10-29 23:15:00,23,10,2
54.37,44.933500449727326,9.436499550272671,9.436499550272671,17.356077892721487,2025-10-29 23:30:00,23,10,2
53.81,49.589824277241945,4.220175722758057,4.220175722758057,7.842735035788993,2025-10-29 23:45:00,23,10,2
70.61,61.6570408849029,8.952959115097102,8.952959115097102,12.67944924953562,2025-10-30 00:00:00,0,10,3
72.47,70.0026754410716,2.4673245589283965,2.4673245589283965,3.404615094423067,2025-10-30 00:15:00,0,10,3
70.19,68.3888673193674,1.8011326806325911,1.8011326806325911,2.566081607967789,2025-10-30 00:30:00,0,10,3
62.96,67.16361904352989,-4.203619043529891,4.203619043529891,6.676650323268568,2025-10-30 00:45:00,0,10,3
68.28,77.2872393871697,-9.007239387169705,9.007239387169705,13.191621832410231,2025-10-30 01:00:00,1,10,3
64.76,72.94890338502603,-8.188903385026023,8.188903385026023,12.645002138706026,2025-10-30 01:15:00,1,10,3
59.62,65.1156082994095,-5.495608299409504,5.495608299409504,9.217726097634191,2025-10-30 01:30:00,1,10,3
55.56,55.90170373243377,-0.3417037324337713,0.3417037324337713,0.61501751697943,2025-10-30 01:45:00,1,10,3
60.4,63.836934210116766,-3.4369342101167675,3.4369342101167675,5.690288427345642,2025-10-30 02:00:00,2,10,3
57.19,61.90852363161064,-4.718523631610644,4.718523631610644,8.250609602396649,2025-10-30 02:15:00,2,10,3
53.96,55.763771478424445,-1.8037714784244443,1.8037714784244443,3.342793696116465,2025-10-30 02:30:00,2,10,3
51.24,53.37366753885981,-2.133667538859811,2.133667538859811,4.164066235089405,2025-10-30 02:45:00,2,10,3
53.5,59.43446747407609,-5.9344674740760865,5.9344674740760865,11.092462568366516,2025-10-30 03:00:00,3,10,3
51.72,55.46637455418619,-3.7463745541861897,3.7463745541861897,7.2435702903831976,2025-10-30 03:15:00,3,10,3
50.01,52.71733483374948,-2.707334833749485,2.707334833749485,5.413586950108948,2025-10-30 03:30:00,3,10,3
49.57,51.31292543808172,-1.7429254380817198,1.7429254380817198,3.5160892436589064,2025-10-30 03:45:00,3,10,3
48.14,55.8168287409146,-7.676828740914601,7.676828740914601,15.946881472610306,2025-10-30 04:00:00,4,10,3
50.0,51.19320883914847,-1.1932088391484683,1.1932088391484683,2.3864176782969366,2025-10-30 04:15:00,4,10,3
50.0,52.93018943663314,-2.9301894366331425,2.9301894366331425,5.860378873266285,2025-10-30 04:30:00,4,10,3
56.0,53.404293508213385,2.595706491786615,2.595706491786615,4.635190163904669,2025-10-30 04:45:00,4,10,3
40.69,58.46965912299229,-17.779659122992292,17.779659122992292,43.69540212089529,2025-10-30 05:00:00,5,10,3
47.43,45.721760406871354,1.7082395931286456,1.7082395931286456,3.6016015035392064,2025-10-30 05:15:00,5,10,3
58.35,53.55543860205464,4.794561397945358,4.794561397945358,8.216900424927777,2025-10-30 05:30:00,5,10,3
72.29,68.07053893981123,4.219461060188777,4.219461060188777,5.836853036642381,2025-10-30 05:45:00,5,10,3
61.03,60.63081011477992,0.3991898852200819,0.3991898852200819,0.6540879652958904,2025-10-30 06:00:00,6,10,3
67.82,65.05376401582691,2.766235984173079,2.766235984173079,4.078790893796932,2025-10-30 06:15:00,6,10,3
74.7,78.79530679238312,-4.095306792383113,4.095306792383113,5.4823384101514225,2025-10-30 06:30:00,6,10,3
77.78,88.81486001891545,-11.034860018915452,11.034860018915452,14.187271816553679,2025-10-30 06:45:00,6,10,3
73.23,69.93227569777105,3.297724302228957,3.297724302228957,4.503242253487583,2025-10-30 07:00:00,7,10,3
84.45,79.80667285868748,4.643327141312525,4.643327141312525,5.498315146610451,2025-10-30 07:15:00,7,10,3
88.26,92.64574371135032,-4.385743711350315,4.385743711350315,4.969118186438155,2025-10-30 07:30:00,7,10,3
85.24,91.83121484821731,-6.591214848217319,6.591214848217319,7.732537362995448,2025-10-30 07:45:00,7,10,3
103.11,76.03006739425555,27.079932605744446,27.079932605744446,26.26314868174226,2025-10-30 08:00:00,8,10,3
89.24,107.32566060999977,-18.085660609999778,18.085660609999778,20.266316237113156,2025-10-30 08:15:00,8,10,3
91.57,85.96333859588194,5.606661404118057,5.606661404118057,6.122814681793227,2025-10-30 08:30:00,8,10,3
69.91,85.31525156765406,-15.405251567654062,15.405251567654062,22.035834026110805,2025-10-30 08:45:00,8,10,3
91.35,84.50517902629716,6.844820973702838,6.844820973702838,7.49296220438187,2025-10-30 09:00:00,9,10,3
76.53,82.61721478750903,-6.087214787509026,6.087214787509026,7.954024287872764,2025-10-30 09:15:00,9,10,3
62.94,77.02959674897753,-14.089596748977527,14.089596748977527,22.385759054619523,2025-10-30 09:30:00,9,10,3
55.84,45.08527643808484,10.754723561915164,10.754723561915164,19.259891765607385,2025-10-30 09:45:00,9,10,3
72.53,77.94916399987703,-5.4191639998770285,5.4191639998770285,7.471617261653147,2025-10-30 10:00:00,10,10,3
60.12,65.22555132620359,-5.105551326203589,5.105551326203589,8.492267674989336,2025-10-30 10:15:00,10,10,3
55.66,48.65897262768908,7.001027372310915,7.001027372310915,12.57820224992978,2025-10-30 10:30:00,10,10,3
52.89,50.30720955439116,2.5827904456088433,2.5827904456088433,4.883324722270455,2025-10-30 10:45:00,10,10,3
49.89,70.06937387446175,-20.179373874461746,20.179373874461746,40.44773276099768,2025-10-30 11:00:00,11,10,3
48.5,43.77347688684685,4.726523113153149,4.726523113153149,9.745408480728143,2025-10-30 11:15:00,11,10,3
47.24,48.08165178278185,-0.8416517827818453,0.8416517827818453,1.7816506832807901,2025-10-30 11:30:00,11,10,3
44.53,47.88636759046396,-3.356367590463961,3.356367590463961,7.537317741890773,2025-10-30 11:45:00,11,10,3
48.52,45.39599275861912,3.1240072413808804,3.1240072413808804,6.438596952557461,2025-10-30 12:00:00,12,10,3
43.91,50.54541401501384,-6.635414015013843,6.635414015013843,15.111396071541435,2025-10-30 12:15:00,12,10,3
40.94,45.2674709859341,-4.327470985934099,4.327470985934099,10.570275979321199,2025-10-30 12:30:00,12,10,3
39.09,41.72690801766029,-2.6369080176602893,2.6369080176602893,6.7457355273990505,2025-10-30 12:45:00,12,10,3
42.46,46.7773219267013,-4.317321926701297,4.317321926701297,10.167974391665794,2025-10-30 13:00:00,13,10,3
40.81,43.01499400547988,-2.2049940054798753,2.2049940054798753,5.4030727897081,2025-10-30 13:15:00,13,10,3
39.47,41.40311603187149,-1.9331160318714922,1.9331160318714922,4.897684397951589,2025-10-30 13:30:00,13,10,3
34.99,40.9527981984057,-5.9627981984057,5.9627981984057,17.04143526266276,2025-10-30 13:45:00,13,10,3
19.99,41.98678571755857,-21.99678571755857,21.99678571755857,110.03894806182377,2025-10-30 14:00:00,14,10,3
18.31,24.745083574529815,-6.435083574529816,6.435083574529816,35.14518609792363,2025-10-30 14:15:00,14,10,3
44.48,25.923955452108274,18.556044547891723,18.556044547891723,41.71772605191485,2025-10-30 14:30:00,14,10,3
49.42,47.361740354614454,2.0582596453855473,2.0582596453855473,4.164831334248376,2025-10-30 14:45:00,14,10,3
16.2,36.72746437021156,-20.527464370211558,20.527464370211558,126.71274302599727,2025-10-30 15:00:00,15,10,3
25.51,14.15878538584354,11.351214614156461,11.351214614156461,44.49711726443144,2025-10-30 15:15:00,15,10,3
33.99,54.91562682075657,-20.92562682075657,20.92562682075657,61.564068316435915,2025-10-30 15:30:00,15,10,3
26.0,46.1732799462174,-20.1732799462174,20.1732799462174,77.5895382546823,2025-10-30 15:45:00,15,10,3
21.4,2.66901804598983,18.73098195401017,18.73098195401017,87.52795305612229,2025-10-30 16:00:00,16,10,3
26.85,33.258132546747255,-6.408132546747254,6.408132546747254,23.86641544412385,2025-10-30 16:15:00,16,10,3
22.1,40.156756966892004,-18.056756966892003,18.056756966892003,81.70478265561992,2025-10-30 16:30:00,16,10,3
17.87,20.700916393013465,-2.8309163930134638,2.8309163930134638,15.8417257583294,2025-10-30 16:45:00,16,10,3
17.56,19.715698850861422,-2.155698850861423,2.155698850861423,12.276189355702867,2025-10-30 17:00:00,17,10,3
16.67,28.604381017034843,-11.934381017034841,11.934381017034841,71.5919677086673,2025-10-30 17:15:00,17,10,3
16.67,19.29833105674998,-2.6283310567499782,2.6283310567499782,15.766832973905087,2025-10-30 17:30:00,17,10,3
16.31,18.974553122217593,-2.664553122217594,2.664553122217594,16.33692901420965,2025-10-30 17:45:00,17,10,3
16.77,21.94300010029405,-5.17300010029405,5.17300010029405,30.846750747132084,2025-10-30 18:00:00,18,10,3
16.65,21.763421727733594,-5.113421727733595,5.113421727733595,30.711241608009583,2025-10-30 18:15:00,18,10,3
16.3,22.13191731593969,-5.8319173159396875,5.8319173159396875,35.77863384012078,2025-10-30 18:30:00,18,10,3
15.82,21.41731494578776,-5.597314945787758,5.597314945787758,35.38125755870896,2025-10-30 18:45:00,18,10,3
16.14,17.179679146542973,-1.0396791465429729,1.0396791465429729,6.441630399894503,2025-10-30 19:00:00,19,10,3
15.67,17.101844712727704,-1.4318447127277043,1.4318447127277043,9.13749018971094,2025-10-30 19:15:00,19,10,3
15.26,16.39071504714853,-1.130715047148529,1.130715047148529,7.409666101890753,2025-10-30 19:30:00,19,10,3
15.06,15.874734571965003,-0.814734571965003,0.814734571965003,5.409924116633485,2025-10-30 19:45:00,19,10,3
14.54,16.04940767683138,-1.5094076768313798,1.5094076768313798,10.381070679720631,2025-10-30 20:00:00,20,10,3
14.4,14.887323426960478,-0.4873234269604776,0.4873234269604776,3.3841904650033166,2025-10-30 20:15:00,20,10,3
14.13,14.77549184596096,-0.6454918459609598,0.6454918459609598,4.568236701776077,2025-10-30 20:30:00,20,10,3
13.71,14.623375211217063,-0.9133752112170619,0.9133752112170619,6.662109491007015,2025-10-30 20:45:00,20,10,3
14.09,13.70978949428114,0.3802105057188605,0.3802105057188605,2.6984421981466324,2025-10-30 21:00:00,21,10,3
13.83,14.357075468775182,-0.5270754687751822,0.5270754687751822,3.811102449567478,2025-10-30 21:15:00,21,10,3
13.47,13.848443685475448,-0.3784436854754478,0.3784436854754478,2.8095299589862495,2025-10-30 21:30:00,21,10,3
10.78,13.355149524439138,-2.575149524439139,2.575149524439139,23.88821451242244,2025-10-30 21:45:00,21,10,3
7.26,11.48813929281416,-4.228139292814161,4.228139292814161,58.238833234354836,2025-10-30 22:00:00,22,10,3
5.7,8.136826708211295,-2.436826708211295,2.436826708211295,42.75134575809289,2025-10-30 22:15:00,22,10,3
5.31,7.218204557275762,-1.908204557275762,1.908204557275762,35.93605569257556,2025-10-30 22:30:00,22,10,3
5.12,4.866733510180367,0.25326648981963285,0.25326648981963285,4.946611129289704,2025-10-30 22:45:00,22,10,3
5.47,3.4017827791563278,2.068217220843672,2.068217220843672,37.810186852717955,2025-10-30 23:00:00,23,10,3
5.26,4.851271732859551,0.4087282671404484,0.4087282671404484,7.770499375293697,2025-10-30 23:15:00,23,10,3
5.11,5.314938142268112,-0.20493814226811136,0.20493814226811136,4.010531159845623,2025-10-30 23:30:00,23,10,3
4.98,5.2720868250851325,-0.29208682508513206,0.29208682508513206,5.865197290866106,2025-10-30 23:45:00,23,10,3
5.5,7.61040932478388,-2.1104093247838804,2.1104093247838804,38.37107863243419,2025-10-31 00:00:00,0,10,4
5.56,7.568807451186522,-2.008807451186523,2.008807451186523,36.1296304170238,2025-10-31 00:15:00,0,10,4
5.17,7.513861405655,-2.343861405655,2.343861405655,45.33581055425532,2025-10-31 00:30:00,0,10,4
4.98,7.120895823906729,-2.140895823906728,2.140895823906728,42.989875982062806,2025-10-31 00:45:00,0,10,4
5.15,7.875731525474514,-2.7257315254745134,2.7257315254745134,52.926825737369185,2025-10-31 01:00:00,1,10,4
5.02,7.707983745556788,-2.6879837455567888,2.6879837455567888,53.54549293937827,2025-10-31 01:15:00,1,10,4
4.99,7.133846752425811,-2.1438467524258105,2.1438467524258105,42.962860770056324,2025-10-31 01:30:00,1,10,4
4.76,7.226974513750662,-2.466974513750662,2.466974513750662,51.827195667030715,2025-10-31 01:45:00,1,10,4
4.99,7.713897941056068,-2.7238979410560678,2.7238979410560678,54.587133087295946,2025-10-31 02:00:00,2,10,4
5.0,7.692440807328609,-2.692440807328609,2.692440807328609,53.848816146572176,2025-10-31 02:15:00,2,10,4
5.05,7.6712574181249025,-2.6212574181249026,2.6212574181249026,51.90608748762183,2025-10-31 02:30:00,2,10,4
5.01,7.501029964333789,-2.491029964333789,2.491029964333789,49.72115697273033,2025-10-31 02:45:00,2,10,4
4.49,8.235466128447502,-3.745466128447502,3.745466128447502,83.41795386297332,2025-10-31 03:00:00,3,10,4
4.71,7.6163128138249405,-2.9063128138249406,2.9063128138249406,61.70515528290744,2025-10-31 03:15:00,3,10,4
5.3,7.928355469524156,-2.6283554695241564,2.6283554695241564,49.59161263253126,2025-10-31 03:30:00,3,10,4
6.04,8.39168135796972,-2.3516813579697198,2.3516813579697198,38.935121820690725,2025-10-31 03:45:00,3,10,4
4.63,8.857305939378492,-4.227305939378492,4.227305939378492,91.3025040902482,2025-10-31 04:00:00,4,10,4
6.04,8.09682244386888,-2.0568224438688807,2.0568224438688807,34.053351719683455,2025-10-31 04:15:00,4,10,4
9.91,10.144804854627893,-0.23480485462789247,0.23480485462789247,2.3693729024005297,2025-10-31 04:30:00,4,10,4
11.55,13.949113097778827,-2.3991130977788266,2.3991130977788266,20.771541972111052,2025-10-31 04:45:00,4,10,4
12.97,13.32726214450847,-0.3572621445084696,0.3572621445084696,2.7545269430105597,2025-10-31 05:00:00,5,10,4
13.77,16.700694697614846,-2.9306946976148467,2.9306946976148467,21.283185894080223,2025-10-31 05:15:00,5,10,4
14.73,19.71329186609817,-4.98329186609817,4.98329186609817,33.830902010170874,2025-10-31 05:30:00,5,10,4
16.17,19.056512836549683,-2.886512836549681,2.886512836549681,17.851037950214472,2025-10-31 05:45:00,5,10,4
14.69,20.527562777082384,-5.837562777082384,5.837562777082384,39.738344295999894,2025-10-31 06:00:00,6,10,4
18.9,18.597558751108302,0.30244124889169655,0.30244124889169655,1.6002182481042146,2025-10-31 06:15:00,6,10,4
35.59,23.344282966361895,12.245717033638108,12.245717033638108,34.40774665253753,2025-10-31 06:30:00,6,10,4
44.99,38.806350161351155,6.183649838648847,6.183649838648847,13.744498418868298,2025-10-31 06:45:00,6,10,4
51.39,42.426815942933516,8.963184057066485,8.963184057066485,17.44149456521986,2025-10-31 07:00:00,7,10,4
67.0,51.71017488216356,15.289825117836443,15.289825117836443,22.820634504233496,2025-10-31 07:15:00,7,10,4
75.76,77.48723273384361,-1.727232733843607,1.727232733843607,2.279874252697475,2025-10-31 07:30:00,7,10,4
83.16,78.86918734614602,4.290812653853976,4.290812653853976,5.159707375966782,2025-10-31 07:45:00,7,10,4
89.23,77.73333331317235,11.496666686827652,11.496666686827652,12.884306496500786,2025-10-31 08:00:00,8,10,4
77.66,91.70280837295103,-14.04280837295103,14.04280837295103,18.082421288888785,2025-10-31 08:15:00,8,10,4
79.53,75.98972694887412,3.5402730511258795,3.5402730511258795,4.4514938402186335,2025-10-31 08:30:00,8,10,4
81.11,80.47068738335095,0.6393126166490504,0.6393126166490504,0.7882044342856002,2025-10-31 08:45:00,8,10,4
68.32,83.04196970566801,-14.721969705668016,14.721969705668016,21.54855050595436,2025-10-31 09:00:00,9,10,4
61.65,55.272071949544554,6.377928050455445,6.377928050455445,10.34538207697558,2025-10-31 09:15:00,9,10,4
65.86,61.910471121360295,3.949528878639704,3.949528878639704,5.996855266686462,2025-10-31 09:30:00,9,10,4
65.67,67.27719587138377,-1.607195871383766,1.607195871383766,2.447382170524998,2025-10-31 09:45:00,9,10,4
72.3,53.91185405850136,18.388145941498635,18.388145941498635,25.433120251035458,2025-10-31 10:00:00,10,10,4
73.79,63.50271539359758,10.287284606402423,10.287284606402423,13.941299100694431,2025-10-31 10:15:00,10,10,4
77.1,72.6007915527382,4.499208447261793,4.499208447261793,5.835549218238383,2025-10-31 10:30:00,10,10,4
73.8,71.8834832478111,1.9165167521888975,1.9165167521888975,2.596906168277639,2025-10-31 10:45:00,10,10,4
76.86,75.26882267327566,1.5911773267243348,1.5911773267243348,2.070228111793306,2025-10-31 11:00:00,11,10,4
75.56,75.2483248180157,0.3116751819842989,0.3116751819842989,0.4124870063317878,2025-10-31 11:15:00,11,10,4
74.77,75.44904134399326,-0.6790413439932621,0.6790413439932621,0.9081735241316866,2025-10-31 11:30:00,11,10,4
76.24,69.42734508017722,6.812654919822776,6.812654919822776,8.935801311414975,2025-10-31 11:45:00,11,10,4
71.03,76.8230243585063,-5.793024358506301,5.793024358506301,8.155743148678447,2025-10-31 12:00:00,12,10,4
68.99,68.2110597376186,0.778940262381397,0.778940262381397,1.1290625632430746,2025-10-31 12:15:00,12,10,4
67.1,67.60133262822704,-0.5013326282270469,0.5013326282270469,0.7471425159866572,2025-10-31 12:30:00,12,10,4
68.63,68.282993229636,0.34700677036398986,0.34700677036398986,0.5056196566574237,2025-10-31 12:45:00,12,10,4
68.68,64.6442032676267,4.0357967323733135,4.0357967323733135,5.876232866006571,2025-10-31 13:00:00,13,10,4
69.45,66.35343547159727,3.0965645284027374,3.0965645284027374,4.458696225201925,2025-10-31 13:15:00,13,10,4
71.12,66.86571761812846,4.254282381871548,4.254282381871548,5.9818368698981255,2025-10-31 13:30:00,13,10,4
72.53,71.17050190169014,1.3594980983098566,1.3594980983098566,1.8743941793876415,2025-10-31 13:45:00,13,10,4
81.14,71.48637395540209,9.653626044597914,9.653626044597914,11.897493276556464,2025-10-31 14:00:00,14,10,4
99.99,80.01421017036846,19.975789829631537,19.975789829631537,19.97778760839238,2025-10-31 14:15:00,14,10,4
105.97,96.92204877881701,9.047951221182984,9.047951221182984,8.538219516073402,2025-10-31 14:30:00,14,10,4
108.31,98.9362698639832,9.373730136016803,9.373730136016803,8.65453802605189,2025-10-31 14:45:00,14,10,4
86.18,107.41725619756167,-21.237256197561663,21.237256197561663,24.642905775773567,2025-10-31 15:00:00,15,10,4
100.06,97.45909244601799,2.6009075539820117,2.6009075539820117,2.5993479452148827,2025-10-31 15:15:00,15,10,4
113.36,106.4148469460898,6.945153053910204,6.945153053910204,6.126634662941252,2025-10-31 15:30:00,15,10,4
140.41,114.4328860762212,25.977113923778802,25.977113923778802,18.50090016649726,2025-10-31 15:45:00,15,10,4
121.67,114.75396551153253,6.916034488467474,6.916034488467474,5.684256175283533,2025-10-31 16:00:00,16,10,4
138.84,121.64122195680895,17.198778043191055,17.198778043191055,12.387480584263221,2025-10-31 16:15:00,16,10,4
142.41,143.84499826159313,-1.4349982615931367,1.4349982615931367,1.0076527361794374,2025-10-31 16:30:00,16,10,4
130.67,159.7422308863996,-29.07223088639961,29.07223088639961,22.248588724573057,2025-10-31 16:45:00,16,10,4
108.69,109.88988109712281,-1.1998810971228124,1.1998810971228124,1.1039480146497491,2025-10-31 17:00:00,17,10,4
105.92,121.63752323065333,-15.717523230653327,15.717523230653327,14.839051388456692,2025-10-31 17:15:00,17,10,4
104.28,113.92306460927159,-9.64306460927159,9.64306460927159,9.247280983191015,2025-10-31 17:30:00,17,10,4
116.63,99.2694868463538,17.360513153646195,17.360513153646195,14.88511802593346,2025-10-31 17:45:00,17,10,4
101.31,99.72454134113954,1.5854586588604604,1.5854586588604604,1.5649577128224859,2025-10-31 18:00:00,18,10,4
104.14,96.6982790128489,7.4417209871511005,7.4417209871511005,7.145881493327348,2025-10-31 18:15:00,18,10,4
104.02,102.8258531872302,1.1941468127698016,1.1941468127698016,1.1479973204862544,2025-10-31 18:30:00,18,10,4
87.31,114.99540382453665,-27.68540382453665,27.68540382453665,31.709316028561048,2025-10-31 18:45:00,18,10,4
101.07,71.54774504230409,29.522254957695907,29.522254957695907,29.209711049466613,2025-10-31 19:00:00,19,10,4
88.55,101.72699556474427,-13.176995564744274,13.176995564744274,14.880853263404036,2025-10-31 19:15:00,19,10,4
76.75,85.13346685150793,-8.383466851507933,8.383466851507933,10.923083845612942,2025-10-31 19:30:00,19,10,4
68.41,60.89059304246152,7.519406957538479,7.519406957538479,10.99167805516515,2025-10-31 19:45:00,19,10,4
73.72,80.47317482287272,-6.753174822872722,6.753174822872722,9.16057355245893,2025-10-31 20:00:00,20,10,4
66.88,65.16348780238943,1.7165121976105695,1.7165121976105695,2.566555319393794,2025-10-31 20:15:00,20,10,4
58.01,56.004795326848054,2.005204673151944,2.005204673151944,3.4566534617340876,2025-10-31 20:30:00,20,10,4
51.4,49.99200668177939,1.407993318220612,1.407993318220612,2.7392866113241476,2025-10-31 20:45:00,20,10,4
70.1,56.56020104448571,13.539798955514286,13.539798955514286,19.314977112003263,2025-10-31 21:00:00,21,10,4
71.2,65.00457505096705,6.1954249490329545,6.1954249490329545,8.701439535158643,2025-10-31 21:15:00,21,10,4
71.2,59.07947406250887,12.12052593749113,12.12052593749113,17.023210586363945,2025-10-31 21:30:00,21,10,4
63.69,59.27010425784532,4.419895742154679,4.419895742154679,6.939701275168283,2025-10-31 21:45:00,21,10,4
82.09,74.76224238059555,7.327757619404451,7.327757619404451,8.926492410043185,2025-10-31 22:00:00,22,10,4
71.39,80.5832955936615,-9.193295593661503,9.193295593661503,12.877567717693658,2025-10-31 22:15:00,22,10,4
64.94,66.18232368459972,-1.2423236845997252,1.2423236845997252,1.9130330837692104,2025-10-31 22:30:00,22,10,4
58.64,55.19549499706285,3.4445050029371487,3.4445050029371487,5.873985339251617,2025-10-31 22:45:00,22,10,4
49.4,73.49419616305192,-24.094196163051926,24.094196163051926,48.773676443424954,2025-10-31 23:00:00,23,10,4
46.86,42.38132992989881,4.478670070101188,4.478670070101188,9.557554567010646,2025-10-31 23:15:00,23,10,4
44.64,43.72826154143097,0.9117384585690331,0.9117384585690331,2.0424248623858268,2025-10-31 23:30:00,23,10,4
39.34,41.0540616791391,-1.7140616791390997,1.7140616791390997,4.357045447735382,2025-10-31 23:45:00,23,10,4
52.65,31.28417165973488,21.365828340265118,21.365828340265118,40.58087054181409,2025-11-01 00:00:00,0,11,5
49.2,49.28387057926611,-0.08387057926610453,0.08387057926610453,0.1704686570449279,2025-11-01 00:15:00,0,11,5
47.5,43.32812193480805,4.171878065191947,4.171878065191947,8.782901189877784,2025-11-01 00:30:00,0,11,5
45.53,39.11284617594147,6.417153824058531,6.417153824058531,14.094341805531585,2025-11-01 00:45:00,0,11,5
42.28,54.554261384111214,-12.274261384111213,12.274261384111213,29.030892583044494,2025-11-01 01:00:00,1,11,5
41.63,38.78918375551107,2.840816244488934,2.840816244488934,6.823964075159582,2025-11-01 01:15:00,1,11,5
40.98,39.80125058188927,1.1787494181107263,1.1787494181107263,2.876401703540084,2025-11-01 01:30:00,1,11,5
39.71,38.76598603991425,0.9440139600857478,0.9440139600857478,2.3772701085010017,2025-11-01 01:45:00,1,11,5
46.87,36.7274796568715,10.142520343128496,10.142520343128496,21.639684965070398,2025-11-01 02:00:00,2,11,5
45.72,45.511167759387774,0.2088322406122245,0.2088322406122245,0.4567634309103773,2025-11-01 02:15:00,2,11,5
45.97,42.96272353050329,3.007276469496709,3.007276469496709,6.541823949307613,2025-11-01 02:30:00,2,11,5
44.99,42.745941139066964,2.2440588609330376,2.2440588609330376,4.987905892271699,2025-11-01 02:45:00,2,11,5
48.09,50.09894886462528,-2.0089488646252747,2.0089488646252747,4.177477364577406,2025-11-01 03:00:00,3,11,5
47.79,46.82608976183323,0.9639102381667684,0.9639102381667684,2.016970575783152,2025-11-01 03:15:00,3,11,5
48.31,47.07122940223485,1.2387705977651535,1.2387705977651535,2.5642115457775896,2025-11-01 03:30:00,3,11,5
48.45,46.546328629380696,1.903671370619307,1.903671370619307,3.9291462757880433,2025-11-01 03:45:00,3,11,5
47.63,50.8903664284412,-3.260366428441195,3.260366428441195,6.845195104852393,2025-11-01 04:00:00,4,11,5
49.84,47.54244110062321,2.2975588993767957,2.2975588993767957,4.609869380772062,2025-11-01 04:15:00,4,11,5
53.39,50.5053152521588,2.8846847478411988,2.8846847478411988,5.40304316883536,2025-11-01 04:30:00,4,11,5
56.08,53.18161355975822,2.8983864402417794,2.8983864402417794,5.16830677646537,2025-11-01 04:45:00,4,11,5
47.65,54.783987933633284,-7.133987933633286,7.133987933633286,14.971643092619697,2025-11-01 05:00:00,5,11,5
49.1,49.07673431866862,0.02326568133138096,0.02326568133138096,0.04738427969731356,2025-11-01 05:15:00,5,11,5
51.6,53.781732496708734,-2.181732496708733,2.181732496708733,4.228163753311498,2025-11-01 05:30:00,5,11,5
51.44,55.759472464826764,-4.319472464826767,4.319472464826767,8.397108213115798,2025-11-01 05:45:00,5,11,5
49.29,45.820975501355775,3.469024498644224,3.469024498644224,7.037988433037581,2025-11-01 06:00:00,6,11,5
49.05,51.4799707045746,-2.4299707045746004,2.4299707045746004,4.954068714729053,2025-11-01 06:15:00,6,11,5
50.0,52.88837883488286,-2.8883788348828574,2.8883788348828574,5.776757669765715,2025-11-01 06:30:00,6,11,5
51.91,51.78563088210436,0.12436911789563965,0.12436911789563965,0.23958604872980094,2025-11-01 06:45:00,6,11,5
61.07,51.94417687092377,9.125823129076231,9.125823129076231,14.94321783048343,2025-11-01 07:00:00,7,11,5
63.37,61.466765483825405,1.9032345161745923,1.9032345161745923,3.003368338605953,2025-11-01 07:15:00,7,11,5
64.82,62.880609148965455,1.9393908510345383,1.9393908510345383,2.9919636702168138,2025-11-01 07:30:00,7,11,5
66.35,64.83870537530632,1.5112946246936758,1.5112946246936758,2.277761303230861,2025-11-01 07:45:00,7,11,5
53.42,73.48683853794404,-20.066838537944037,20.066838537944037,37.564280303152444,2025-11-01 08:00:00,8,11,5
56.6,56.44078996012895,0.15921003987104854,0.15921003987104854,0.2812898230937253,2025-11-01 08:15:00,8,11,5
59.95,61.55187651965001,-1.6018765196500055,1.6018765196500055,2.6720208834862476,2025-11-01 08:30:00,8,11,5
62.06,64.41248946374768,-2.3524894637476734,2.3524894637476734,3.7906694549591897,2025-11-01 08:45:00,8,11,5
88.47,52.7560792511177,35.7139207488823,35.7139207488823,40.368396912944846,2025-11-01 09:00:00,9,11,5
89.51,89.73095414733622,-0.2209541473362151,0.2209541473362151,0.2468485614302481,2025-11-01 09:15:00,9,11,5
71.2,86.36138319702442,-15.16138319702442,15.16138319702442,21.2940775239107,2025-11-01 09:30:00,9,11,5
69.89,68.47395911484352,1.4160408851564767,1.4160408851564767,2.026099420741847,2025-11-01 09:45:00,9,11,5
85.07,94.06619740923553,-8.996197409235535,8.996197409235535,10.575052790919873,2025-11-01 10:00:00,10,11,5
69.62,89.88035170572671,-20.260351705726706,20.260351705726706,29.101338273092075,2025-11-01 10:15:00,10,11,5
66.56,54.49434705008914,12.065652949910863,12.065652949910863,18.12748339830358,2025-11-01 10:30:00,10,11,5
61.73,67.01862459434845,-5.288624594348455,5.288624594348455,8.567349091768111,2025-11-01 10:45:00,10,11,5
64.02,78.23318777571406,-14.213187775714061,14.213187775714061,22.20116803454243,2025-11-01 11:00:00,11,11,5
59.72,55.548569470091614,4.171430529908385,4.171430529908385,6.984980793550544,2025-11-01 11:15:00,11,11,5
52.83,59.69709360504012,-6.867093605040125,6.867093605040125,12.998473604088822,2025-11-01 11:30:00,11,11,5
51.2,51.78706905330682,-0.5870690533068199,0.5870690533068199,1.1466192447398826,2025-11-01 11:45:00,11,11,5
59.69,57.17491553965342,2.5150844603465785,2.5150844603465785,4.213577584765586,2025-11-01 12:00:00,12,11,5
57.92,59.706405178964076,-1.786405178964074,1.786405178964074,3.084263085228028,2025-11-01 12:15:00,12,11,5
57.83,53.14154956547631,4.688450434523688,4.688450434523688,8.107298001943088,2025-11-01 12:30:00,12,11,5
57.71,56.9832081473263,0.7267918526736992,0.7267918526736992,1.2593863328256787,2025-11-01 12:45:00,12,11,5
58.79,65.78516588021937,-6.995165880219368,6.995165880219368,11.89856417795436,2025-11-01 13:00:00,13,11,5
61.06,58.83716157889842,2.222838421101585,2.222838421101585,3.6404166739298804,2025-11-01 13:15:00,13,11,5
62.98,61.97471107877987,1.005288921220128,1.005288921220128,1.5962034315975357,2025-11-01 13:30:00,13,11,5
65.58,63.28075286554648,2.299247134453516,2.299247134453516,3.506018808254828,2025-11-01 13:45:00,13,11,5
69.99,66.06517555519886,3.924824444801132,3.924824444801132,5.607693163024907,2025-11-01 14:00:00,14,11,5
70.81,70.92766593334959,-0.11766593334958486,0.11766593334958486,0.16617135058548915,2025-11-01 14:15:00,14,11,5
79.97,70.91268371390989,9.057316286090114,9.057316286090114,11.32589256732539,2025-11-01 14:30:00,14,11,5
85.09,80.32681015976338,4.76318984023662,4.76318984023662,5.597825643714444,2025-11-01 14:45:00,14,11,5
104.06,85.25348451591756,18.80651548408244,18.80651548408244,18.072761372364443,2025-11-01 15:00:00,15,11,5
97.82,99.48510385189017,-1.66510385189018,1.66510385189018,1.7022120751279697,2025-11-01 15:15:00,15,11,5
90.14,97.86359944560616,-7.723599445606155,7.723599445606155,8.56844846417368,2025-11-01 15:30:00,15,11,5
73.33,89.7492927453103,-16.4192927453103,16.4192927453103,22.390962423715123,2025-11-01 15:45:00,15,11,5
95.0,89.11886505969898,5.881134940301024,5.881134940301024,6.190668358211604,2025-11-01 16:00:00,16,11,5
97.65,92.70011018123418,4.949889818765826,4.949889818765826,5.06901159115804,2025-11-01 16:15:00,16,11,5
94.37,88.41368793469994,5.956312065300068,5.956312065300068,6.311658435201936,2025-11-01 16:30:00,16,11,5
80.21,74.82052985267892,5.389470147321077,5.389470147321077,6.719199784716466,2025-11-01 16:45:00,16,11,5
71.49,94.70885703336495,-23.218857033364955,23.218857033364955,32.478468363917976,2025-11-01 17:00:00,17,11,5
68.28,75.65665580588632,-7.376655805886315,7.376655805886315,10.80353808712114,2025-11-01 17:15:00,17,11,5
62.37,69.26595986011358,-6.895959860113585,6.895959860113585,11.056533365582148,2025-11-01 17:30:00,17,11,5
59.74,53.42357544147165,6.316424558528354,6.316424558528354,10.573191427064536,2025-11-01 17:45:00,17,11,5
58.23,54.180137333794406,4.049862666205591,4.049862666205591,6.954941896283001,2025-11-01 18:00:00,18,11,5
51.56,56.714159446848996,-5.154159446848993,5.154159446848993,9.996430269295953,2025-11-01 18:15:00,18,11,5
46.61,47.57856786059947,-0.968567860599471,0.968567860599471,2.078025875562049,2025-11-01 18:30:00,18,11,5
39.96,46.20592592725285,-6.2459259272528485,6.2459259272528485,15.630445263395517,2025-11-01 18:45:00,18,11,5
41.55,41.157986094070495,0.39201390592950247,0.39201390592950247,0.9434751045234717,2025-11-01 19:00:00,19,11,5
35.59,38.83101911205818,-3.2410191120581757,3.2410191120581757,9.106544287884729,2025-11-01 19:15:00,19,11,5
27.52,33.274801007600075,-5.754801007600076,5.754801007600076,20.911340870639812,2025-11-01 19:30:00,19,11,5
15.34,24.317332887273103,-8.977332887273104,8.977332887273104,58.52237866540485,2025-11-01 19:45:00,19,11,5
14.45,20.734626063205905,-6.284626063205906,6.284626063205906,43.49222189069831,2025-11-01 20:00:00,20,11,5
12.78,15.443286655078452,-2.663286655078453,2.663286655078453,20.83948869388461,2025-11-01 20:15:00,20,11,5
12.4,10.913395069404128,1.4866049305958722,1.4866049305958722,11.988749440289292,2025-11-01 20:30:00,20,11,5
12.02,5.438965448915837,6.581034551084162,6.581034551084162,54.750703420001344,2025-11-01 20:45:00,20,11,5
12.54,13.271763017752441,-0.7317630177524421,0.7317630177524421,5.835430763576094,2025-11-01 21:00:00,21,11,5
11.63,12.863829365089142,-1.2338293650891412,1.2338293650891412,10.609022915641798,2025-11-01 21:15:00,21,11,5
10.61,12.759168785369436,-2.1491687853694366,2.1491687853694366,20.25606772261486,2025-11-01 21:30:00,21,11,5
9.97,11.890585794376921,-1.9205857943769207,1.9205857943769207,19.26364889044053,2025-11-01 21:45:00,21,11,5
10.97,12.28216035850577,-1.3121603585057695,1.3121603585057695,11.961352402058061,2025-11-01 22:00:00,22,11,5
10.68,12.081434632388099,-1.4014346323880993,1.4014346323880993,13.122047119738758,2025-11-01 22:15:00,22,11,5
10.13,11.326428303525308,-1.1964283035253072,1.1964283035253072,11.810743371424552,2025-11-01 22:30:00,22,11,5
8.97,11.010769758662974,-2.0407697586629734,2.0407697586629734,22.751056395350872,2025-11-01 22:45:00,22,11,5
9.62,11.726335342736494,-2.106335342736495,2.106335342736495,21.89537778312365,2025-11-01 23:00:00,23,11,5
9.03,11.501795383293029,-2.4717953832930295,2.4717953832930295,27.373149316644845,2025-11-01 23:15:00,23,11,5
7.95,10.513533700049344,-2.5635337000493434,2.5635337000493434,32.24570691885967,2025-11-01 23:30:00,23,11,5
7.78,8.934794686323645,-1.154794686323645,1.154794686323645,14.843119361486437,2025-11-01 23:45:00,23,11,5
6.85,7.995345585069732,-1.145345585069732,1.145345585069732,16.72037350466762,2025-11-02 00:00:00,0,11,6
5.04,6.107420934068422,-1.067420934068422,1.067420934068422,21.178986787071867,2025-11-02 00:15:00,0,11,6
5.4,4.004699422032296,1.3953005779677046,1.3953005779677046,25.83889959199453,2025-11-02 00:30:00,0,11,6
4.56,5.267738431709766,-0.7077384317097666,0.7077384317097666,15.52057964275804,2025-11-02 00:45:00,0,11,6
6.35,4.1767341964693685,2.173265803530631,2.173265803530631,34.22465832331702,2025-11-02 01:00:00,1,11,6
5.56,4.913100305868454,0.6468996941315455,0.6468996941315455,11.63488658509974,2025-11-02 01:15:00,1,11,6
4.5,5.545844925708494,-1.0458449257084936,1.0458449257084936,23.240998349077636,2025-11-02 01:30:00,1,11,6
4.01,3.62852408668374,0.38147591331625996,0.38147591331625996,9.513115045293267,2025-11-02 01:45:00,1,11,6
5.0,6.187906492724785,-1.1879064927247853,1.1879064927247853,23.758129854495706,2025-11-02 02:00:00,2,11,6
4.97,5.0618133640995,-0.09181336409950003,0.09181336409950003,1.8473513903319927,2025-11-02 02:15:00,2,11,6
4.6,4.433981536230867,0.16601846376913265,0.16601846376913265,3.6090970384594057,2025-11-02 02:30:00,2,11,6
4.12,4.393272972036641,-0.2732729720366409,0.2732729720366409,6.632839127102935,2025-11-02 02:45:00,2,11,6
7.36,5.89055208222188,1.46944791777812,1.46944791777812,19.96532496981141,2025-11-02 03:00:00,3,11,6
7.11,8.113999911237308,-1.0039999112373073,1.0039999112373073,14.120955151016979,2025-11-02 03:15:00,3,11,6
7.01,6.993163537136262,0.016836462863738078,0.016836462863738078,0.2401777869292165,2025-11-02 03:30:00,3,11,6
6.42,6.734077448806296,-0.3140774488062963,0.3140774488062963,4.8921720997865465,2025-11-02 03:45:00,3,11,6
4.62,10.216098457687274,-5.596098457687273,5.596098457687273,121.12767224431326,2025-11-02 04:00:00,4,11,6
4.04,5.974211160693777,-1.9342111606937769,1.9342111606937769,47.87651387855883,2025-11-02 04:15:00,4,11,6
4.0,5.803626781930909,-1.8036267819309089,1.8036267819309089,45.09066954827272,2025-11-02 04:30:00,4,11,6
3.99,5.33925093508207,-1.34925093508207,1.34925093508207,33.81581290932506,2025-11-02 04:45:00,4,11,6
2.19,4.6990049120483235,-2.5090049120483235,2.5090049120483235,114.5664343401061,2025-11-02 05:00:00,5,11,6
2.47,3.827385261091308,-1.357385261091308,1.357385261091308,54.954868870093435,2025-11-02 05:15:00,5,11,6
2.66,4.715344702446934,-2.0553447024469342,2.0553447024469342,77.2685978363509,2025-11-02 05:30:00,5,11,6
2.9,4.831342898855219,-1.931342898855219,1.931342898855219,66.59803099500755,2025-11-02 05:45:00,5,11,6
2.87,3.8677776288645376,-0.9977776288645375,0.9977776288645375,34.76577104057622,2025-11-02 06:00:00,6,11,6
2.93,5.375042306138589,-2.4450423061385886,2.4450423061385886,83.44854287162417,2025-11-02 06:15:00,6,11,6
2.99,5.366352107045493,-2.376352107045493,2.376352107045493,79.47665909851148,2025-11-02 06:30:00,6,11,6
3.01,5.45554098659327,-2.4455409865932705,2.4455409865932705,81.2472088569193,2025-11-02 06:45:00,6,11,6
3.01,5.6510851239521,-2.6410851239521005,2.6410851239521005,87.74369182565118,2025-11-02 07:00:00,7,11,6
3.29,5.680703473520552,-2.390703473520552,2.390703473520552,72.66575907357301,2025-11-02 07:15:00,7,11,6
3.5,5.898168332681031,-2.3981683326810312,2.3981683326810312,68.51909521945804,2025-11-02 07:30:00,7,11,6
3.92,5.974333513380202,-2.054333513380202,2.054333513380202,52.406467178066386,2025-11-02 07:45:00,7,11,6
3.99,6.681884608020475,-2.691884608020475,2.691884608020475,67.46577964963596,2025-11-02 08:00:00,8,11,6
4.03,6.894260998502098,-2.8642609985020977,2.8642609985020977,71.07347390824063,2025-11-02 08:15:00,8,11,6
4.16,6.859293130695939,-2.6992931306959385,2.6992931306959385,64.88685410326774,2025-11-02 08:30:00,8,11,6
5.0,7.1640157133602855,-2.1640157133602855,2.1640157133602855,43.28031426720571,2025-11-02 08:45:00,8,11,6
4.27,7.734791091492525,-3.4647910914925255,3.4647910914925255,81.14264851270553,2025-11-02 09:00:00,9,11,6
4.52,6.866868985023444,-2.3468689850234448,2.3468689850234448,51.92188019963374,2025-11-02 09:15:00,9,11,6
4.66,7.346735699380204,-2.686735699380204,2.686735699380204,57.6552725188885,2025-11-02 09:30:00,9,11,6
5.0,8.09110326500386,-3.0911032650038592,3.0911032650038592,61.82206530007719,2025-11-02 09:45:00,9,11,6
4.98,7.064135140073823,-2.0841351400738226,2.0841351400738226,41.850103214333785,2025-11-02 10:00:00,10,11,6
5.0,7.793676178374483,-2.793676178374483,2.793676178374483,55.873523567489656,2025-11-02 10:15:00,10,11,6
5.56,7.737274359810442,-2.1772743598104425,2.1772743598104425,39.1596107879576,2025-11-02 10:30:00,10,11,6
5.77,8.44594521077018,-2.6759452107701804,2.6759452107701804,46.37686673778476,2025-11-02 10:45:00,10,11,6
5.65,8.196209778613422,-2.546209778613422,2.546209778613422,45.065659798467635,2025-11-02 11:00:00,11,11,6
5.84,8.069560075756314,-2.2295600757563143,2.2295600757563143,38.177398557471136,2025-11-02 11:15:00,11,11,6
6.15,8.773673882145612,-2.623673882145612,2.623673882145612,42.66136393732702,2025-11-02 11:30:00,11,11,6
6.55,8.785625940610394,-2.2356259406103947,2.2356259406103947,34.13169374977702,2025-11-02 11:45:00,11,11,6
6.51,8.607569206357535,-2.0975692063575355,2.0975692063575355,32.22072513606045,2025-11-02 12:00:00,12,11,6
5.8,8.74648640626975,-2.9464864062697496,2.9464864062697496,50.80148976327155,2025-11-02 12:15:00,12,11,6
5.07,8.221246189877903,-3.1512461898779023,3.1512461898779023,62.1547571968028,2025-11-02 12:30:00,12,11,6
5.0,7.794594107560769,-2.794594107560769,2.794594107560769,55.89188215121539,2025-11-02 12:45:00,12,11,6
5.0,7.229015355682044,-2.2290153556820442,2.2290153556820442,44.580307113640885,2025-11-02 13:00:00,13,11,6
5.4,6.565901815091792,-1.1659018150917912,1.1659018150917912,21.59077435355169,2025-11-02 13:15:00,13,11,6
5.35,6.7386264753690455,-1.3886264753690458,1.3886264753690458,25.955635053627024,2025-11-02 13:30:00,13,11,6
5.53,7.061524646087236,-1.5315246460872354,1.5315246460872354,27.694839893078395,2025-11-02 13:45:00,13,11,6
5.1,6.89748424097079,-1.7974842409707907,1.7974842409707907,35.244789038642956,2025-11-02 14:00:00,14,11,6
5.0,6.814455479640934,-1.8144554796409338,1.8144554796409338,36.289109592818676,2025-11-02 14:15:00,14,11,6
5.29,6.386138307513313,-1.0961383075133133,1.0961383075133133,20.72095099269023,2025-11-02 14:30:00,14,11,6
6.06,6.833624773592824,-0.7736247735928243,0.7736247735928243,12.766085372818884,2025-11-02 14:45:00,14,11,6
4.99,6.4340949488153925,-1.4440949488153922,1.4440949488153922,28.939778533374593,2025-11-02 15:00:00,15,11,6
5.0,5.558178755476227,-0.5581787554762272,0.5581787554762272,11.163575109524544,2025-11-02 15:15:00,15,11,6
5.18,6.110576484166231,-0.930576484166231,0.930576484166231,17.96479699162608,2025-11-02 15:30:00,15,11,6
7.01,6.857648246541039,0.15235175345896046,0.15235175345896046,2.1733488367897356,2025-11-02 15:45:00,15,11,6
5.27,6.3824906624674185,-1.112490662467419,1.112490662467419,21.109879743214783,2025-11-02 16:00:00,16,11,6
6.28,5.260041891270191,1.019958108729809,1.019958108729809,16.24137115811798,2025-11-02 16:15:00,16,11,6
7.29,6.680686860325892,0.609313139674108,0.609313139674108,8.358204933801208,2025-11-02 16:30:00,16,11,6
9.42,9.113055176757541,0.30694482324245875,0.30694482324245875,3.25843761403884,2025-11-02 16:45:00,16,11,6
7.88,7.517278409664378,0.3627215903356218,0.3627215903356218,4.6030658672033224,2025-11-02 17:00:00,17,11,6
10.39,7.972651890777875,2.417348109222125,2.417348109222125,23.26610307239774,2025-11-02 17:15:00,17,11,6
11.66,10.862407461689521,0.7975925383104787,0.7975925383104787,6.840416280535838,2025-11-02 17:30:00,17,11,6
18.48,12.871365329591978,5.608634670408023,5.608634670408023,30.34975471000012,2025-11-02 17:45:00,17,11,6
10.4,15.63768271456972,-5.23768271456972,5.23768271456972,50.36233379393962,2025-11-02 18:00:00,18,11,6
12.83,10.355263730657306,2.474736269342694,2.474736269342694,19.288669285601667,2025-11-02 18:15:00,18,11,6
14.14,13.514833705749133,0.6251662942508673,0.6251662942508673,4.42126092115182,2025-11-02 18:30:00,18,11,6
11.67,19.64413922501152,-7.9741392250115215,7.9741392250115215,68.33024185956745,2025-11-02 18:45:00,18,11,6
8.81,4.315126719917195,4.494873280082805,4.494873280082805,51.02012803726226,2025-11-02 19:00:00,19,11,6
7.67,10.433553241955678,-2.7635532419556785,2.7635532419556785,36.030681120673776,2025-11-02 19:15:00,19,11,6
7.05,9.31471067788949,-2.2647106778894903,2.2647106778894903,32.12355571474455,2025-11-02 19:30:00,19,11,6
6.98,5.695622475980265,1.2843775240197353,1.2843775240197353,18.400824126357236,2025-11-02 19:45:00,19,11,6
7.86,4.786165907730208,3.0738340922697924,3.0738340922697924,39.10730397289812,2025-11-02 20:00:00,20,11,6
6.81,6.66322364361929,0.14677635638070985,0.14677635638070985,2.1553062610970612,2025-11-02 20:15:00,20,11,6
6.47,5.79637370571875,0.6736262942812496,0.6736262942812496,10.411534687499994,2025-11-02 20:30:00,20,11,6
6.36,6.052564139383662,0.3074358606163381,0.3074358606163381,4.833897179502171,2025-11-02 20:45:00,20,11,6
7.01,6.9045933665309605,0.10540663346903933,0.10540663346903933,1.5036609624684643,2025-11-02 21:00:00,21,11,6
10.36,5.880869157574743,4.479130842425256,4.479130842425256,43.234853691363476,2025-11-02 21:15:00,21,11,6
11.66,9.312492868453688,2.347507131546312,2.347507131546312,20.132994267121028,2025-11-02 21:30:00,21,11,6
13.04,10.060544260924882,2.9794557390751173,2.9794557390751173,22.848586956097527,2025-11-02 21:45:00,21,11,6
10.39,11.957277640768567,-1.567277640768566,1.567277640768566,15.084481624336535,2025-11-02 22:00:00,22,11,6
10.43,11.891372057229585,-1.4613720572295854,1.4613720572295854,14.011237365576083,2025-11-02 22:15:00,22,11,6
10.4,11.151113314892989,-0.7511133148929883,0.7511133148929883,7.2222434124325785,2025-11-02 22:30:00,22,11,6
11.67,11.416412266436819,0.2535877335631813,0.2535877335631813,2.1729882910298315,2025-11-02 22:45:00,22,11,6
15.44,9.35711761209966,6.082882387900339,6.082882387900339,39.396906657385614,2025-11-02 23:00:00,23,11,6
15.08,14.65654334236563,0.4234566576343699,0.4234566576343699,2.808068021448076,2025-11-02 23:15:00,23,11,6
14.68,13.536331867913109,1.1436681320868907,1.1436681320868907,7.790654850728138,2025-11-02 23:30:00,23,11,6
14.48,14.441334390971303,0.038665609028697645,0.038665609028697645,0.26702768666227655,2025-11-02 23:45:00,23,11,6
13.07,17.983113305882448,-4.913113305882447,4.913113305882447,37.59076745128116,2025-11-03 00:00:00,0,11,0
7.49,13.578416261457104,-6.088416261457104,6.088416261457104,81.28726650810552,2025-11-03 00:15:00,0,11,0
7.68,8.54642273462197,-0.8664227346219704,0.8664227346219704,11.281546023723573,2025-11-03 00:30:00,0,11,0
8.08,9.868586421341938,-1.7885864213419378,1.7885864213419378,22.135970561162598,2025-11-03 00:45:00,0,11,0
10.67,9.33680345699673,1.33319654300327,1.33319654300327,12.494812961605154,2025-11-03 01:00:00,1,11,0
10.4,7.478664646700587,2.9213353532994137,2.9213353532994137,28.089763012494362,2025-11-03 01:15:00,1,11,0
12.37,11.09695931845264,1.273040681547359,1.273040681547359,10.29135555009991,2025-11-03 01:30:00,1,11,0
11.66,13.210901369567758,-1.5509013695677574,1.5509013695677574,13.301040905383854,2025-11-03 01:45:00,1,11,0
10.72,14.704408589643315,-3.984408589643314,3.984408589643314,37.16799057503091,2025-11-03 02:00:00,2,11,0
10.39,11.78446451953733,-1.3944645195373297,1.3944645195373297,13.421217704882865,2025-11-03 02:15:00,2,11,0
9.51,13.703311119148605,-4.193311119148605,4.193311119148605,44.09370261985915,2025-11-03 02:30:00,2,11,0
8.58,10.824094441736431,-2.244094441736431,2.244094441736431,26.154946873384976,2025-11-03 02:45:00,2,11,0
10.76,10.189752697357797,0.570247302642203,0.570247302642203,5.299696121210065,2025-11-03 03:00:00,3,11,0
10.92,12.767952078554195,-1.8479520785541954,1.8479520785541954,16.922638081998127,2025-11-03 03:15:00,3,11,0
11.04,11.946156383346874,-0.9061563833468753,0.9061563833468753,8.20793825495358,2025-11-03 03:30:00,3,11,0
11.52,11.815183281340992,-0.2951832813409929,0.2951832813409929,2.562354872751675,2025-11-03 03:45:00,3,11,0
9.99,15.421794686417076,-5.431794686417076,5.431794686417076,54.372319183354115,2025-11-03 04:00:00,4,11,0
9.03,12.44914237693473,-3.4191423769347313,3.4191423769347313,37.86425666594388,2025-11-03 04:15:00,4,11,0
8.65,11.839834492029883,-3.189834492029883,3.189834492029883,36.876699329825236,2025-11-03 04:30:00,4,11,0
8.44,12.030944908023024,-3.5909449080230242,3.5909449080230242,42.54674061638654,2025-11-03 04:45:00,4,11,0
11.32,10.535215064865277,0.7847849351347236,0.7847849351347236,6.932729108963989,2025-11-03 05:00:00,5,11,0
10.06,13.483685015787191,-3.423685015787191,3.423685015787191,34.03265423247704,2025-11-03 05:15:00,5,11,0
9.2,12.206505404678829,-3.0065054046788298,3.0065054046788298,32.67940657259597,2025-11-03 05:30:00,5,11,0
10.4,11.810414812370926,-1.4104148123709255,1.4104148123709255,13.561680888181977,2025-11-03 05:45:00,5,11,0
22.79,16.200348880231456,6.5896511197685435,6.5896511197685435,28.91466046410067,2025-11-03 06:00:00,6,11,0
26.0,24.25294687477422,1.7470531252257793,1.7470531252257793,6.719435097022227,2025-11-03 06:15:00,6,11,0
33.43,25.34485727760665,8.08514272239335,8.08514272239335,24.185290823791057,2025-11-03 06:30:00,6,11,0
37.8,33.646149427083785,4.1538505729162125,4.1538505729162125,10.989022679672521,2025-11-03 06:45:00,6,11,0
47.05,47.13848160987749,-0.08848160987749054,0.08848160987749054,0.18805868199254103,2025-11-03 07:00:00,7,11,0
50.0,48.84728410513296,1.1527158948670433,1.1527158948670433,2.3054317897340866,2025-11-03 07:15:00,7,11,0
53.12,54.43161733300472,-1.311617333004726,1.311617333004726,2.4691591359275717,2025-11-03 07:30:00,7,11,0
52.6,55.393597002358845,-2.793597002358844,2.793597002358844,5.311020917032022,2025-11-03 07:45:00,7,11,0
63.33,54.131183147390914,9.198816852609085,9.198816852609085,14.525212146864181,2025-11-03 08:00:00,8,11,0
59.31,60.184698679566814,-0.8746986795668121,0.8746986795668121,1.4747912317767866,2025-11-03 08:15:00,8,11,0
50.34,55.09032812990168,-4.750328129901675,4.750328129901675,9.4364881404483,2025-11-03 08:30:00,8,11,0
43.8,44.63877596308972,-0.8387759630897236,0.8387759630897236,1.9150136143600998,2025-11-03 08:45:00,8,11,0
60.41,51.752054018418626,8.65794598158137,8.65794598158137,14.33197480811351,2025-11-03 09:00:00,9,11,0
52.03,56.810970765544695,-4.780970765544694,4.780970765544694,9.18887327608052,2025-11-03 09:15:00,9,11,0
43.14,40.318530819028375,2.8214691809716257,2.8214691809716257,6.540262357375118,2025-11-03 09:30:00,9,11,0
34.76,34.11128909999084,0.6487109000091564,0.6487109000091564,1.8662569045142592,2025-11-03 09:45:00,9,11,0
53.44,49.383304108997486,4.056695891002512,4.056695891002512,7.591122550528653,2025-11-03 10:00:00,10,11,0
39.01,48.24621031139988,-9.23621031139988,9.23621031139988,23.67651963957929,2025-11-03 10:15:00,10,11,0
35.33,29.029425890984704,6.300574109015294,6.300574109015294,17.833495921356622,2025-11-03 10:30:00,10,11,0
32.35,27.12729996119652,5.222700038803481,5.222700038803481,16.144358698001486,2025-11-03 10:45:00,10,11,0
37.57,49.67051775666227,-12.10051775666227,12.10051775666227,32.2079258894391,2025-11-03 11:00:00,11,11,0
35.59,27.711475078532622,7.878524921467381,7.878524921467381,22.136906213732455,2025-11-03 11:15:00,11,11,0
33.77,32.13167726453425,1.6383227354657564,1.6383227354657564,4.851414674165698,2025-11-03 11:30:00,11,11,0
35.0,30.75408709579814,4.245912904201859,4.245912904201859,12.131179726291025,2025-11-03 11:45:00,11,11,0
34.78,39.96422109135452,-5.184221091354516,5.184221091354516,14.90575356916192,2025-11-03 12:00:00,12,11,0
34.24,33.77247529279461,0.4675247072053921,0.4675247072053921,1.3654343084269627,2025-11-03 12:15:00,12,11,0
34.34,33.103973214066805,1.2360267859331984,1.2360267859331984,3.5993791087163607,2025-11-03 12:30:00,12,11,0
34.96,35.828213541389,-0.8682135413889966,0.8682135413889966,2.483448344934201,2025-11-03 12:45:00,12,11,0
33.99,35.74479051705107,-1.7547905170510703,1.7547905170510703,5.162667011035805,2025-11-03 13:00:00,13,11,0
34.99,34.394332391611336,0.5956676083886663,0.5956676083886663,1.702393850782127,2025-11-03 13:15:00,13,11,0
36.2,36.03680035747063,0.1631996425293707,0.1631996425293707,0.4508277417938416,2025-11-03 13:30:00,13,11,0
35.47,37.495427344223465,-2.0254273442234663,2.0254273442234663,5.710254706014847,2025-11-03 13:45:00,13,11,0
33.99,35.65955156080569,-1.6695515608056866,1.6695515608056866,4.911890440734588,2025-11-03 14:00:00,14,11,0
33.58,36.12408482001821,-2.544084820018213,2.544084820018213,7.576190649250189,2025-11-03 14:15:00,14,11,0
37.15,36.45469960891599,0.695300391084011,0.695300391084011,1.8716026677900701,2025-11-03 14:30:00,14,11,0
40.03,38.32146740771372,1.7085325922862822,1.7085325922862822,4.268130382928509,2025-11-03 14:45:00,14,11,0
33.16,39.83321577680293,-6.673215776802934,6.673215776802934,20.124293657427426,2025-11-03 15:00:00,15,11,0
36.93,33.58444177760822,3.34555822239178,3.34555822239178,9.059188254513352,2025-11-03 15:15:00,15,11,0
36.39,42.17071408293082,-5.780714082930821,5.780714082930821,15.885446779144877,2025-11-03 15:30:00,15,11,0
35.6,41.072763088203885,-5.472763088203884,5.472763088203884,15.372930023044617,2025-11-03 15:45:00,15,11,0
35.6,32.1749087510389,3.4250912489611025,3.4250912489611025,9.6210428341604,2025-11-03 16:00:00,16,11,0
33.01,41.02940643969787,-8.019406439697875,8.019406439697875,24.29386985670365,2025-11-03 16:15:00,16,11,0
26.0,35.322915226619116,-9.322915226619116,9.322915226619116,35.857366256227365,2025-11-03 16:30:00,16,11,0
24.47,28.936562104377877,-4.4665621043778785,4.4665621043778785,18.253216609635796,2025-11-03 16:45:00,16,11,0
36.53,29.761294825034987,6.768705174965014,6.768705174965014,18.529168286244218,2025-11-03 17:00:00,17,11,0
35.0,38.89500352839457,-3.895003528394568,3.895003528394568,11.128581509698767,2025-11-03 17:15:00,17,11,0
34.0,30.539252917165324,3.4607470828346756,3.4607470828346756,10.178667890690223,2025-11-03 17:30:00,17,11,0
26.0,33.65159752911619,-7.651597529116188,7.651597529116188,29.42922126583149,2025-11-03 17:45:00,17,11,0
30.49,39.349753456059304,-8.859753456059305,8.859753456059305,29.057899167134487,2025-11-03 18:00:00,18,11,0
25.99,34.704993396437835,-8.714993396437837,8.714993396437837,33.532102333350664,2025-11-03 18:15:00,18,11,0
18.73,29.865073774418285,-11.135073774418284,11.135073774418284,59.45047396913126,2025-11-03 18:30:00,18,11,0
12.27,17.20277266979835,-4.93277266979835,4.93277266979835,40.20189624937531,2025-11-03 18:45:00,18,11,0
24.36,18.394259928151254,5.965740071848746,5.965740071848746,24.489901772778104,2025-11-03 19:00:00,19,11,0
14.99,23.290652941527306,-8.300652941527305,8.300652941527305,55.37460267863445,2025-11-03 19:15:00,19,11,0
14.85,8.822298071608465,6.027701928391535,6.027701928391535,40.59058537637397,2025-11-03 19:30:00,19,11,0
14.64,9.80150150373834,4.838498496261661,4.838498496261661,33.04985311654139,2025-11-03 19:45:00,19,11,0
14.23,25.469012452414376,-11.239012452414375,11.239012452414375,78.98111350958801,2025-11-03 20:00:00,20,11,0
13.82,7.3441942962047975,6.475805703795203,6.475805703795203,46.858217827751105,2025-11-03 20:15:00,20,11,0
13.19,13.857472488010679,-0.667472488010679,0.667472488010679,5.060443426919478,2025-11-03 20:30:00,20,11,0
12.47,13.219140005119215,-0.7491400051192141,0.7491400051192141,6.007538132471645,2025-11-03 20:45:00,20,11,0
13.16,12.293909185497956,0.8660908145020443,0.8660908145020443,6.5812371922647745,2025-11-03 21:00:00,21,11,0
12.66,13.011477802114591,-0.3514778021145908,0.3514778021145908,2.7762859566713334,2025-11-03 21:15:00,21,11,0
12.04,12.052523227802926,-0.012523227802926584,0.012523227802926584,0.10401351995786201,2025-11-03 21:30:00,21,11,0
11.13,11.290565738962059,-0.16056573896205784,0.16056573896205784,1.442639164079585,2025-11-03 21:45:00,21,11,0
11.84,11.751134071949753,0.08886592805024662,0.08886592805024662,0.7505568247487047,2025-11-03 22:00:00,22,11,0
11.08,11.592151873031298,-0.5121518730312982,0.5121518730312982,4.622309323387168,2025-11-03 22:15:00,22,11,0
10.26,10.46074398749818,-0.20074398749818023,0.20074398749818023,1.956569078929632,2025-11-03 22:30:00,22,11,0
8.94,9.366691810915217,-0.4266918109152176,0.4266918109152176,4.772839048268653,2025-11-03 22:45:00,22,11,0
10.56,9.723422597870599,0.8365774021294019,0.8365774021294019,7.92213448986176,2025-11-03 23:00:00,23,11,0
7.33,10.17625649791935,-2.8462564979193505,2.8462564979193505,38.83023871649864,2025-11-03 23:15:00,23,11,0
7.21,6.656592273322538,0.5534077266774622,0.5534077266774622,7.675557928952319,2025-11-03 23:30:00,23,11,0
4.0,6.500173799833199,-2.500173799833199,2.500173799833199,62.504344995829975,2025-11-03 23:45:00,23,11,0
3.34,8.01894584973293,-4.67894584973293,4.67894584973293,140.0881990938003,2025-11-04 00:00:00,0,11,1
3.36,3.73042513678201,-0.37042513678201017,0.37042513678201017,11.024557642321732,2025-11-04 00:15:00,0,11,1
3.2,6.099052190003057,-2.899052190003057,2.899052190003057,90.59538093759552,2025-11-04 00:30:00,0,11,1
3.05,2.953867965525923,0.09613203447407681,0.09613203447407681,3.1518699827566174,2025-11-04 00:45:00,0,11,1
2.53,5.027174774843822,-2.4971747748438218,2.4971747748438218,98.7025602705068,2025-11-04 01:00:00,1,11,1
2.44,5.068090891408822,-2.628090891408822,2.628090891408822,107.7086430905255,2025-11-04 01:15:00,1,11,1
2.19,4.839956480265528,-2.6499564802655278,2.6499564802655278,121.00257900755835,2025-11-04 01:30:00,1,11,1
2.15,4.533086248056399,-2.3830862480563995,2.3830862480563995,110.84122083983254,2025-11-04 01:45:00,1,11,1
1.92,4.571316900579625,-2.6513169005796247,2.6513169005796247,138.08942190518877,2025-11-04 02:00:00,2,11,1
1.72,4.646853915646481,-2.9268539156464817,2.9268539156464817,170.16592532828383,2025-11-04 02:15:00,2,11,1
1.57,4.317786902490504,-2.7477869024905033,2.7477869024905033,175.01827404398108,2025-11-04 02:30:00,2,11,1
1.5,4.350505684061297,-2.8505056840612966,2.8505056840612966,190.03371227075309,2025-11-04 02:45:00,2,11,1
2.08,4.570474005849732,-2.490474005849732,2.490474005849732,119.73432720431406,2025-11-04 03:00:00,3,11,1
1.84,5.020021003711811,-3.1800210037118113,3.1800210037118113,172.82722846259844,2025-11-04 03:15:00,3,11,1
1.8,4.737494260514218,-2.9374942605142182,2.9374942605142182,163.19412558412324,2025-11-04 03:30:00,3,11,1
1.59,4.772391512275853,-3.182391512275853,3.182391512275853,200.15040957709766,2025-11-04 03:45:00,3,11,1
1.84,5.595755057447313,-3.7557550574473133,3.7557550574473133,204.11712268735397,2025-11-04 04:00:00,4,11,1
1.84,5.188752472117407,-3.3487524721174076,3.3487524721174076,181.99741696290258,2025-11-04 04:15:00,4,11,1
1.82,5.345403629690459,-3.5254036296904587,3.5254036296904587,193.7034961368384,2025-11-04 04:30:00,4,11,1
2.1,5.225164069195124,-3.1251640691951237,3.1251640691951237,148.81733662833923,2025-11-04 04:45:00,4,11,1
2.22,6.190537851095733,-3.970537851095733,3.970537851095733,178.85305635566365,2025-11-04 05:00:00,5,11,1
2.51,6.096448778743529,-3.586448778743529,3.586448778743529,142.88640552763064,2025-11-04 05:15:00,5,11,1
2.73,6.508888399067537,-3.778888399067537,3.778888399067537,138.42082047866435,2025-11-04 05:30:00,5,11,1
3.01,7.03519046379423,-4.02519046379423,4.02519046379423,133.72725793336312,2025-11-04 05:45:00,5,11,1
3.0,7.30873729768728,-4.30873729768728,4.30873729768728,143.62457658957598,2025-11-04 06:00:00,6,11,1
3.16,7.551295707021758,-4.391295707021758,4.391295707021758,138.96505401967588,2025-11-04 06:15:00,6,11,1
3.52,7.748889433274094,-4.2288894332740945,4.2288894332740945,120.13890435437769,2025-11-04 06:30:00,6,11,1
3.89,8.177979344835126,-4.287979344835126,4.287979344835126,110.23083148676416,2025-11-04 06:45:00,6,11,1
6.6,8.413217293851481,-1.8132172938514817,1.8132172938514817,27.472989300780025,2025-11-04 07:00:00,7,11,1
9.4,10.957852989357225,-1.5578529893572242,1.5578529893572242,16.57290414209813,2025-11-04 07:15:00,7,11,1
9.54,13.255254863674072,-3.7152548636740725,3.7152548636740725,38.94397131733829,2025-11-04 07:30:00,7,11,1
6.03,13.035428921677681,-7.005428921677681,7.005428921677681,116.17626735783881,2025-11-04 07:45:00,7,11,1
4.7,6.400080106354274,-1.7000801063542736,1.7000801063542736,36.1719171564739,2025-11-04 08:00:00,8,11,1
4.49,6.366745686757291,-1.8767456867572907,1.8767456867572907,41.798344916643444,2025-11-04 08:15:00,8,11,1
4.06,4.4735098656932735,-0.41350986569327386,0.41350986569327386,10.184972061410686,2025-11-04 08:30:00,8,11,1
3.27,0.734358188625869,2.535641811374131,2.535641811374131,77.54256303896425,2025-11-04 08:45:00,8,11,1
4.37,2.4125659680903055,1.9574340319096946,1.9574340319096946,44.79254077596555,2025-11-04 09:00:00,9,11,1
4.0,4.293154777859549,-0.2931547778595487,0.2931547778595487,7.328869446488717,2025-11-04 09:15:00,9,11,1
3.09,3.5537671145101513,-0.4637671145101514,0.4637671145101514,15.00864448252917,2025-11-04 09:30:00,9,11,1
3.07,2.395827418938218,0.6741725810617818,0.6741725810617818,21.96001892709387,2025-11-04 09:45:00,9,11,1
3.0,4.986916350434164,-1.9869163504341643,1.9869163504341643,66.23054501447214,2025-11-04 10:00:00,10,11,1
2.96,3.7168102359383255,-0.7568102359383255,0.7568102359383255,25.567913376294783,2025-11-04 10:15:00,10,11,1
2.93,3.1047769223352546,-0.17477692233525444,0.17477692233525444,5.965082673558172,2025-11-04 10:30:00,10,11,1
2.89,3.7441427482400726,-0.8541427482400725,0.8541427482400725,29.55511239585026,2025-11-04 10:45:00,10,11,1
2.88,4.405980320789467,-1.5259803207894675,1.5259803207894675,52.98542780518984,2025-11-04 11:00:00,11,11,1
2.74,4.3931277936256805,-1.6531277936256803,1.6531277936256803,60.33313115422191,2025-11-04 11:15:00,11,11,1
2.74,4.2572927251063035,-1.5172927251063033,1.5172927251063033,55.375646901689905,2025-11-04 11:30:00,11,11,1
2.68,4.241651800676209,-1.5616518006762088,1.5616518006762088,58.270589577470474,2025-11-04 11:45:00,11,11,1
2.9,4.818553387797699,-1.9185533877976995,1.9185533877976995,66.15701337233446,2025-11-04 12:00:00,12,11,1
2.78,4.84530346403637,-2.06530346403637,2.06530346403637,74.29149151209964,2025-11-04 12:15:00,12,11,1
2.53,4.773454821791439,-2.2434548217914396,2.2434548217914396,88.67410362812015,2025-11-04 12:30:00,12,11,1
2.32,4.4858566998059715,-2.1658566998059716,2.1658566998059716,93.35589223301602,2025-11-04 12:45:00,12,11,1
2.21,5.087575350682442,-2.8775753506824424,2.8775753506824424,130.20702944264445,2025-11-04 13:00:00,13,11,1
2.17,4.701301112235612,-2.531301112235612,2.531301112235612,116.64982084035078,2025-11-04 13:15:00,13,11,1
2.18,4.5125041720300345,-2.3325041720300344,2.3325041720300344,106.99560422156121,2025-11-04 13:30:00,13,11,1
2.18,4.504668035615708,-2.324668035615708,2.324668035615708,106.6361484227389,2025-11-04 13:45:00,13,11,1
2.22,4.975925412862459,-2.755925412862459,2.755925412862459,124.14078436317382,2025-11-04 14:00:00,14,11,1
2.23,5.110877422300753,-2.880877422300753,2.880877422300753,129.18732835429384,2025-11-04 14:15:00,14,11,1
2.23,5.20690664286208,-2.97690664286208,2.97690664286208,133.49357142879285,2025-11-04 14:30:00,14,11,1
2.23,5.24920207356336,-3.0192020735633602,3.0192020735633602,135.39022751405204,2025-11-04 14:45:00,14,11,1
2.0,5.604833580969576,-3.6048335809695757,3.6048335809695757,180.24167904847877,2025-11-04 15:00:00,15,11,1
2.3,5.475347347906485,-3.1753473479064853,3.1753473479064853,138.05858034376024,2025-11-04 15:15:00,15,11,1
2.87,5.834335170591082,-2.964335170591082,2.964335170591082,103.28693974184955,2025-11-04 15:30:00,15,11,1
2.97,6.398490912955815,-3.4284909129558145,3.4284909129558145,115.43740447662674,2025-11-04 15:45:00,15,11,1
3.0,6.42667132851998,-3.42667132851998,3.42667132851998,114.22237761733267,2025-11-04 16:00:00,16,11,1
3.94,6.95890735969504,-3.01890735969504,3.01890735969504,76.62201420545787,2025-11-04 16:15:00,16,11,1
3.99,8.218590480417,-4.228590480416999,4.228590480416999,105.97971128864658,2025-11-04 16:30:00,16,11,1
4.0,7.84425621544888,-3.8442562154488797,3.8442562154488797,96.106405386222,2025-11-04 16:45:00,16,11,1
4.24,8.072050539975443,-3.8320505399754428,3.8320505399754428,90.37855047111893,2025-11-04 17:00:00,17,11,1
4.52,9.224733872388846,-4.7047338723888465,4.7047338723888465,104.08703257497449,2025-11-04 17:15:00,17,11,1
4.5,8.762486363996267,-4.262486363996267,4.262486363996267,94.72191919991704,2025-11-04 17:30:00,17,11,1
4.31,8.66622011292965,-4.356220112929651,4.356220112929651,101.07239241136081,2025-11-04 17:45:00,17,11,1
3.68,9.069462553027606,-5.389462553027606,5.389462553027606,146.4527867670545,2025-11-04 18:00:00,18,11,1
3.69,8.614817391159292,-4.9248173911592925,4.9248173911592925,133.46388593927622,2025-11-04 18:15:00,18,11,1
3.65,8.550384147952641,-4.900384147952641,4.900384147952641,134.25709994390797,2025-11-04 18:30:00,18,11,1
3.57,8.37618009002749,-4.806180090027489,4.806180090027489,134.62689327808093,2025-11-04 18:45:00,18,11,1
2.92,3.436470052065694,-0.516470052065694,0.516470052065694,17.687330550195,2025-11-04 19:00:00,19,11,1
2.43,3.3342731864280566,-0.9042731864280564,0.9042731864280564,37.21288833037269,2025-11-04 19:15:00,19,11,1
2.4,2.9259943901690804,-0.5259943901690805,0.5259943901690805,21.91643292371169,2025-11-04 19:30:00,19,11,1
2.06,2.9075208258310568,-0.8475208258310567,0.8475208258310567,41.14178766170178,2025-11-04 19:45:00,19,11,1
1.51,1.7326971160335702,-0.22269711603357023,0.22269711603357023,14.748153379706638,2025-11-04 20:00:00,20,11,1
1.51,1.2671222164163822,0.24287778358361778,0.24287778358361778,16.08462142937866,2025-11-04 20:15:00,20,11,1
1.38,1.6304388592149053,-0.2504388592149054,0.2504388592149054,18.14774342136996,2025-11-04 20:30:00,20,11,1
1.27,1.1839127013566966,0.08608729864330344,0.08608729864330344,6.778527452228618,2025-11-04 20:45:00,20,11,1
1.43,0.7081498222099114,0.7218501777900885,0.7218501777900885,50.47903341189431,2025-11-04 21:00:00,21,11,1
1.3,1.2240514486773293,0.07594855132267075,0.07594855132267075,5.842196255590058,2025-11-04 21:15:00,21,11,1
1.26,0.9283067331725334,0.3316932668274666,0.3316932668274666,26.32486244662433,2025-11-04 21:30:00,21,11,1
1.25,0.8293158581861348,0.42068414181386515,0.42068414181386515,33.65473134510921,2025-11-04 21:45:00,21,11,1
1.25,1.1405096178556562,0.10949038214434381,0.10949038214434381,8.759230571547505,2025-11-04 22:00:00,22,11,1
1.14,0.8322456773669487,0.30775432263305125,0.30775432263305125,26.99599321342555,2025-11-04 22:15:00,22,11,1
0.85,0.7698446653218838,0.0801553346781162,0.0801553346781162,9.430039373896024,2025-11-04 22:30:00,22,11,1
0.45,0.5153460454057281,-0.06534604540572814,0.06534604540572814,14.521343423495143,2025-11-04 22:45:00,22,11,1
0.82,0.3619289381516211,0.45807106184837887,0.45807106184837887,55.862324615655965,2025-11-04 23:00:00,23,11,1
0.56,0.4819309452852494,0.07806905471475067,0.07806905471475067,13.940902627634047,2025-11-04 23:15:00,23,11,1
0.14,0.09533187734084692,0.0446681226591531,0.0446681226591531,31.905801899395065,2025-11-04 23:30:00,23,11,1
0.02,-0.4182719793824745,0.43827197938247453,0.43827197938247453,2191.3598969123727,2025-11-04 23:45:00,23,11,1
-0.03,2.0946200117300506,-2.1246200117300504,2.1246200117300504,7082.066705766834,2025-11-05 00:00:00,0,11,2
-0.1,1.7336139001402913,-1.8336139001402914,1.8336139001402914,1833.6139001402912,2025-11-05 00:15:00,0,11,2
-0.1,0.8073083356849438,-0.9073083356849437,0.9073083356849437,907.3083356849438,2025-11-05 00:30:00,0,11,2
-0.1,1.3071651295530415,-1.4071651295530416,1.4071651295530416,1407.1651295530414,2025-11-05 00:45:00,0,11,2
-0.2,1.6954288941451168,-1.8954288941451167,1.8954288941451167,947.7144470725584,2025-11-05 01:00:00,1,11,2
-0.2,1.4159344476487448,-1.6159344476487447,1.6159344476487447,807.9672238243724,2025-11-05 01:15:00,1,11,2
-0.21,1.600047672530735,-1.810047672530735,1.810047672530735,861.9274631098739,2025-11-05 01:30:00,1,11,2
-0.21,1.5863657742389918,-1.7963657742389918,1.7963657742389918,855.412273447139,2025-11-05 01:45:00,1,11,2
-0.53,1.8761849800558608,-2.406184980055861,2.406184980055861,453.99716604827563,2025-11-05 02:00:00,2,11,2
-0.53,1.4517685234792097,-1.9817685234792097,1.9817685234792097,373.91858933569995,2025-11-05 02:15:00,2,11,2
-0.41,1.7173925691470515,-2.1273925691470517,2.1273925691470517,518.8762363773297,2025-11-05 02:30:00,2,11,2
-0.3,1.8729821492019596,-2.1729821492019594,2.1729821492019594,724.3273830673198,2025-11-05 02:45:00,2,11,2
-0.07,2.06425364275853,-2.1342536427585297,2.1342536427585297,3048.9337753693276,2025-11-05 03:00:00,3,11,2
-0.03,2.58255900279336,-2.61255900279336,2.61255900279336,8708.5300093112,2025-11-05 03:15:00,3,11,2
-0.03,2.6726885741960444,-2.7026885741960442,2.7026885741960442,9008.961913986815,2025-11-05 03:30:00,3,11,2
-0.02,2.621145072960992,-2.641145072960992,2.641145072960992,13205.72536480496,2025-11-05 03:45:00,3,11,2
-0.01,3.1884077991997515,-3.1984077991997513,3.1984077991997513,31984.077991997514,2025-11-05 04:00:00,4,11,2
0.0,3.1518190567440243,-3.1518190567440243,3.1518190567440243,,2025-11-05 04:15:00,4,11,2
0.01,3.2315359606903016,-3.221535960690302,3.221535960690302,32215.359606903017,2025-11-05 04:30:00,4,11,2
0.25,2.5302204934301855,-2.2802204934301855,2.2802204934301855,912.0881973720742,2025-11-05 04:45:00,4,11,2
1.1,3.0240446723609296,-1.9240446723609295,1.9240446723609295,174.91315203281175,2025-11-05 05:00:00,5,11,2
1.19,4.090721287533874,-2.9007212875338744,2.9007212875338744,243.75809138940122,2025-11-05 05:15:00,5,11,2
1.36,4.595859297029136,-3.235859297029136,3.235859297029136,237.93083066390705,2025-11-05 05:30:00,5,11,2
1.87,5.086803256041016,-3.2168032560410156,3.2168032560410156,172.02156449417194,2025-11-05 05:45:00,5,11,2
1.65,6.233214270436044,-4.583214270436043,4.583214270436043,277.77056184460866,2025-11-05 06:00:00,6,11,2
2.18,5.590832657804846,-3.410832657804846,3.410832657804846,156.46021366077275,2025-11-05 06:15:00,6,11,2
2.93,6.34733922691737,-3.41733922691737,3.41733922691737,116.63273812004675,2025-11-05 06:30:00,6,11,2
5.0,7.504761271081058,-2.5047612710810583,2.5047612710810583,50.09522542162117,2025-11-05 06:45:00,6,11,2
4.99,8.604049845054782,-3.6140498450547813,3.6140498450547813,72.4258485982922,2025-11-05 07:00:00,7,11,2
9.13,8.944077373370789,0.18592262662921222,0.18592262662921222,2.0363924055773515,2025-11-05 07:15:00,7,11,2
9.56,13.036349265643729,-3.4763492656437283,3.4763492656437283,36.36348604229841,2025-11-05 07:30:00,7,11,2
10.3,14.158865827499184,-3.8588658274991836,3.8588658274991836,37.464716771836734,2025-11-05 07:45:00,7,11,2
8.74,7.659679260790078,1.080320739209922,1.080320739209922,12.360649190044876,2025-11-05 08:00:00,8,11,2
9.03,9.93765955021355,-0.90765955021355,0.90765955021355,10.051600777558695,2025-11-05 08:15:00,8,11,2
10.39,8.083177961493316,2.3068220385066844,2.3068220385066844,22.20232953326934,2025-11-05 08:30:00,8,11,2
8.81,9.35229343143374,-0.5422934314337393,0.5422934314337393,6.155430549758675,2025-11-05 08:45:00,8,11,2
12.09,6.657209645255939,5.432790354744061,5.432790354744061,44.93623122203524,2025-11-05 09:00:00,9,11,2
12.05,11.310698184254388,0.7393018157456126,0.7393018157456126,6.135284777971888,2025-11-05 09:15:00,9,11,2
12.13,11.746040872685409,0.3839591273145917,0.3839591273145917,3.165367908611638,2025-11-05 09:30:00,9,11,2
12.22,9.312594334651688,2.9074056653483122,2.9074056653483122,23.792190387465727,2025-11-05 09:45:00,9,11,2
12.39,14.918753834770957,-2.5287538347709564,2.5287538347709564,20.409635470306345,2025-11-05 10:00:00,10,11,2
11.88,12.306793307841168,-0.42679330784116765,0.42679330784116765,3.5925362612892897,2025-11-05 10:15:00,10,11,2
11.75,11.809670899770943,-0.059670899770942754,0.059670899770942754,0.5078374448590873,2025-11-05 10:30:00,10,11,2
11.68,11.812731790513077,-0.13273179051307693,0.13273179051307693,1.1364023160366177,2025-11-05 10:45:00,10,11,2
11.63,12.910617467189525,-1.2806174671895239,1.2806174671895239,11.011328178757728,2025-11-05 11:00:00,11,11,2
11.5,12.13121189528912,-0.6312118952891197,0.6312118952891197,5.488799089470606,2025-11-05 11:15:00,11,11,2
11.65,12.23096979404832,-0.58096979404832,0.58096979404832,4.98686518496412,2025-11-05 11:30:00,11,11,2
11.67,12.347231719654545,-0.6772317196545448,0.6772317196545448,5.803185258393699,2025-11-05 11:45:00,11,11,2
11.61,13.049750538552647,-1.439750538552648,1.439750538552648,12.400952097783358,2025-11-05 12:00:00,12,11,2
12.13,12.911184240600708,-0.781184240600707,0.781184240600707,6.440100911794781,2025-11-05 12:15:00,12,11,2
12.7,13.650341568817577,-0.9503415688175778,0.9503415688175778,7.483004478878566,2025-11-05 12:30:00,12,11,2
12.91,13.997477133016506,-1.087477133016506,1.087477133016506,8.423525430027158,2025-11-05 12:45:00,12,11,2
13.11,14.514635866777581,-1.404635866777582,1.404635866777582,10.714232393421678,2025-11-05 13:00:00,13,11,2
13.14,15.14505722385281,-2.005057223852809,2.005057223852809,15.259187396140097,2025-11-05 13:15:00,13,11,2
13.13,15.37049695125188,-2.2404969512518793,2.2404969512518793,17.06395240862056,2025-11-05 13:30:00,13,11,2
13.2,15.047133200321177,-1.8471332003211778,1.8471332003211778,13.9934333357665,2025-11-05 13:45:00,13,11,2
13.06,15.496477899530795,-2.4364778995307947,2.4364778995307947,18.656032921369025,2025-11-05 14:00:00,14,11,2
13.04,15.235921219311535,-2.1959212193115363,2.1959212193115363,16.83988665116209,2025-11-05 14:15:00,14,11,2
13.01,15.3452636150434,-2.3352636150434005,2.3352636150434005,17.949758762823986,2025-11-05 14:30:00,14,11,2
11.67,15.48622944788103,-3.81622944788103,3.81622944788103,32.70119492614422,2025-11-05 14:45:00,14,11,2
13.28,14.348348381172247,-1.0683483811722478,1.0683483811722478,8.044792026899456,2025-11-05 15:00:00,15,11,2
13.39,16.24001406896183,-2.85001406896183,2.85001406896183,21.284645772679834,2025-11-05 15:15:00,15,11,2
13.39,16.156540633050557,-2.766540633050557,2.766540633050557,20.661244458928728,2025-11-05 15:30:00,15,11,2
13.41,14.987132405321187,-1.577132405321187,1.577132405321187,11.760868048629284,2025-11-05 15:45:00,15,11,2
13.48,17.769240983546844,-4.2892409835468435,4.2892409835468435,31.81929513016946,2025-11-05 16:00:00,16,11,2
13.55,16.778567726675377,-3.228567726675376,3.228567726675376,23.827068093545208,2025-11-05 16:15:00,16,11,2
13.6,16.847107965937113,-3.247107965937113,3.247107965937113,23.875793867184655,2025-11-05 16:30:00,16,11,2
13.77,17.164590543412004,-3.3945905434120043,3.3945905434120043,24.65207366312276,2025-11-05 16:45:00,16,11,2
13.11,17.604120095773915,-4.494120095773916,4.494120095773916,34.280092263721706,2025-11-05 17:00:00,17,11,2
13.56,17.15554459609099,-3.59554459609099,3.59554459609099,26.51581560539078,2025-11-05 17:15:00,17,11,2
13.63,17.63258830157303,-4.002588301573029,4.002588301573029,29.366018353433816,2025-11-05 17:30:00,17,11,2
13.29,17.725373087118065,-4.435373087118066,4.435373087118066,33.37376288275445,2025-11-05 17:45:00,17,11,2
13.94,17.03159780394575,-3.091597803945751,3.091597803945751,22.177889554847567,2025-11-05 18:00:00,18,11,2
13.61,18.641033419493816,-5.031033419493816,5.031033419493816,36.96571211971945,2025-11-05 18:15:00,18,11,2
13.55,18.019792835753286,-4.469792835753285,4.469792835753285,32.98740100186926,2025-11-05 18:30:00,18,11,2
13.04,17.660696362234077,-4.620696362234078,4.620696362234078,35.43478805394232,2025-11-05 18:45:00,18,11,2
12.88,13.648590794074284,-0.7685907940742833,0.7685907940742833,5.96731982976928,2025-11-05 19:00:00,19,11,2
12.78,12.68405837984427,0.09594162015572927,0.09594162015572927,0.7507169026269896,2025-11-05 19:15:00,19,11,2
11.95,12.656563964413355,-0.7065639644133554,0.7065639644133554,5.912669158270758,2025-11-05 19:30:00,19,11,2
11.91,11.41703253181349,0.49296746818651016,0.49296746818651016,4.139105526335098,2025-11-05 19:45:00,19,11,2
12.07,11.489844410563908,0.5801555894360924,0.5801555894360924,4.806591461773755,2025-11-05 20:00:00,20,11,2
11.82,11.654085168601458,0.1659148313985419,0.1659148313985419,1.4036787766374104,2025-11-05 20:15:00,20,11,2
11.62,10.68617150408728,0.933828495912719,0.933828495912719,8.036389809920129,2025-11-05 20:30:00,20,11,2
11.56,11.12289258232834,0.43710741767166006,0.43710741767166006,3.7812060352219725,2025-11-05 20:45:00,20,11,2
11.6,11.124911910997785,0.4750880890022149,0.4750880890022149,4.095586974157025,2025-11-05 21:00:00,21,11,2
11.59,10.806554317279083,0.7834456827209166,0.7834456827209166,6.759669393623094,2025-11-05 21:15:00,21,11,2
11.42,10.777525822894475,0.6424741771055249,0.6424741771055249,5.625868451011602,2025-11-05 21:30:00,21,11,2
10.54,10.644304667606981,-0.1043046676069821,0.1043046676069821,0.9896078520586536,2025-11-05 21:45:00,21,11,2
10.26,9.867302957562849,0.39269704243715076,0.39269704243715076,3.827456553968331,2025-11-05 22:00:00,22,11,2
10.11,9.725363257410276,0.38463674258972347,0.38463674258972347,3.804517730857799,2025-11-05 22:15:00,22,11,2
9.87,9.361934486300186,0.5080655136998136,0.5080655136998136,5.14757359371645,2025-11-05 22:30:00,22,11,2
8.65,8.429902655625447,0.22009734437455286,0.22009734437455286,2.54447796964801,2025-11-05 22:45:00,22,11,2
9.33,7.879555356663879,1.4504446433361213,1.4504446433361213,15.546030475199585,2025-11-05 23:00:00,23,11,2
9.01,8.782717394802681,0.2272826051973187,0.2272826051973187,2.5225594361522607,2025-11-05 23:15:00,23,11,2
8.64,8.239364371464909,0.4006356285350918,0.4006356285350918,4.636986441378378,2025-11-05 23:30:00,23,11,2
6.48,6.993621099788889,-0.5136210997888888,0.5136210997888888,7.926251539951987,2025-11-05 23:45:00,23,11,2
3.01,8.61739401918824,-5.60739401918824,5.60739401918824,186.2921601059216,2025-11-06 00:00:00,0,11,3
2.22,5.033162045531775,-2.8131620455317745,2.8131620455317745,126.71901105998984,2025-11-06 00:15:00,0,11,3
2.2,4.810042567361151,-2.610042567361151,2.610042567361151,118.63829851641594,2025-11-06 00:30:00,0,11,3
2.17,3.1050259001882026,-0.9350259001882026,0.9350259001882026,43.08875116074667,2025-11-06 00:45:00,0,11,3
2.6,1.7901343711252338,0.8098656288747663,0.8098656288747663,31.148678033644856,2025-11-06 01:00:00,1,11,3
2.58,3.9855630999547387,-1.4055630999547386,1.4055630999547386,54.4791899207263,2025-11-06 01:15:00,1,11,3
2.54,4.43846449035658,-1.89846449035658,1.89846449035658,74.7426964707315,2025-11-06 01:30:00,1,11,3
2.46,4.361949671220252,-1.901949671220252,1.901949671220252,77.31502728537609,2025-11-06 01:45:00,1,11,3
2.3,5.151656803070573,-2.851656803070573,2.851656803070573,123.98507839437274,2025-11-06 02:00:00,2,11,3
2.43,4.659732269245595,-2.2297322692455945,2.2297322692455945,91.75852959858413,2025-11-06 02:15:00,2,11,3
2.63,4.750754429040093,-2.120754429040093,2.120754429040093,80.63705053384385,2025-11-06 02:30:00,2,11,3
2.92,4.845072261363121,-1.9250722613631215,1.9250722613631215,65.92713223846307,2025-11-06 02:45:00,2,11,3
2.65,5.4351644479596,-2.7851644479596005,2.7851644479596005,105.10054520602266,2025-11-06 03:00:00,3,11,3
2.92,5.3806999426726065,-2.4606999426726066,2.4606999426726066,84.27054598193858,2025-11-06 03:15:00,3,11,3
2.91,5.742024464399627,-2.832024464399627,2.832024464399627,97.32042832988408,2025-11-06 03:30:00,3,11,3
3.0,5.816951616674878,-2.816951616674878,2.816951616674878,93.89838722249593,2025-11-06 03:45:00,3,11,3
3.02,5.861712023739038,-2.841712023739038,2.841712023739038,94.09642462712047,2025-11-06 04:00:00,4,11,3
3.07,6.3397768422240475,-3.2697768422240476,3.2697768422240476,106.507388997526,2025-11-06 04:15:00,4,11,3
4.01,6.175537840788742,-2.1655378407887422,2.1655378407887422,54.00343742615318,2025-11-06 04:30:00,4,11,3
5.0,7.157516182621954,-2.157516182621954,2.157516182621954,43.150323652439084,2025-11-06 04:45:00,4,11,3
7.52,8.150273174073185,-0.6302731740731851,0.6302731740731851,8.381292208420014,2025-11-06 05:00:00,5,11,3
10.39,10.385115946724234,0.0048840532757665756,0.0048840532757665756,0.04700725000737801,2025-11-06 05:15:00,5,11,3
11.39,13.547894243942675,-2.1578942439426747,2.1578942439426747,18.945515750155177,2025-11-06 05:30:00,5,11,3
14.48,14.316960747715932,0.16303925228406868,0.16303925228406868,1.1259616870446731,2025-11-06 05:45:00,5,11,3
12.69,18.89995059029717,-6.20995059029717,6.20995059029717,48.935780853405596,2025-11-06 06:00:00,6,11,3
14.77,17.54690190703504,-2.7769019070350396,2.7769019070350396,18.800960778842516,2025-11-06 06:15:00,6,11,3
15.87,18.68188418208267,-2.81188418208267,2.81188418208267,17.718236812115123,2025-11-06 06:30:00,6,11,3
15.76,21.499157414737144,-5.739157414737145,5.739157414737145,36.41597344376361,2025-11-06 06:45:00,6,11,3
16.05,17.455688296501496,-1.405688296501495,1.405688296501495,8.758182532719594,2025-11-06 07:00:00,7,11,3
16.21,21.11182893653305,-4.90182893653305,4.90182893653305,30.239536931110734,2025-11-06 07:15:00,7,11,3
17.02,20.726037595519713,-3.706037595519714,3.706037595519714,21.774603968975992,2025-11-06 07:30:00,7,11,3
18.12,20.504693185201823,-2.3846931852018223,2.3846931852018223,13.160558417228598,2025-11-06 07:45:00,7,11,3
17.12,16.261388948036917,0.8586110519630843,0.8586110519630843,5.015251471746987,2025-11-06 08:00:00,8,11,3
17.3,14.942454678436551,2.3575453215634496,2.3575453215634496,13.627429604413003,2025-11-06 08:15:00,8,11,3
17.99,15.95780142170696,2.0321985782930376,2.0321985782930376,11.296267805964636,2025-11-06 08:30:00,8,11,3
18.76,16.822564681690757,1.9374353183092445,1.9374353183092445,10.327480374782752,2025-11-06 08:45:00,8,11,3
17.08,16.83741345736256,0.24258654263744006,0.24258654263744006,1.420295917081031,2025-11-06 09:00:00,9,11,3
22.01,15.915328785297724,6.094671214702277,6.094671214702277,27.690464401191626,2025-11-06 09:15:00,9,11,3
29.42,21.226264698714417,8.193735301285585,8.193735301285585,27.850901771874863,2025-11-06 09:30:00,9,11,3
34.46,27.36598041956735,7.094019580432651,7.094019580432651,20.58624370409939,2025-11-06 09:45:00,9,11,3
34.11,29.54191281905896,4.568087180941038,4.568087180941038,13.392222752685543,2025-11-06 10:00:00,10,11,3
37.73,34.02107907735387,3.7089209226461293,3.7089209226461293,9.830164120450913,2025-11-06 10:15:00,10,11,3
41.97,40.722090932922285,1.247909067077714,1.247909067077714,2.9733358758106125,2025-11-06 10:30:00,10,11,3
45.59,43.19110780864558,2.3988921913544203,2.3988921913544203,5.2618824113937706,2025-11-06 10:45:00,10,11,3
44.92,42.4109293321225,2.509070667877502,2.509070667877502,5.58564262661955,2025-11-06 11:00:00,11,11,3
45.19,44.73481869543004,0.45518130456995465,0.45518130456995465,1.007261129829508,2025-11-06 11:15:00,11,11,3
46.62,46.3964092174545,0.22359078254550013,0.22359078254550013,0.479602708162806,2025-11-06 11:30:00,11,11,3
47.4,47.90968949102107,-0.5096894910210708,0.5096894910210708,1.0752942848545797,2025-11-06 11:45:00,11,11,3
41.91,45.709221317810766,-3.799221317810769,3.799221317810769,9.06519045051484,2025-11-06 12:00:00,12,11,3
40.51,41.1374412212341,-0.6274412212341005,0.6274412212341005,1.5488551499237238,2025-11-06 12:15:00,12,11,3
39.35,42.0090966899017,-2.659096689901702,2.659096689901702,6.757551943841682,2025-11-06 12:30:00,12,11,3
39.58,40.85469680529776,-1.274696805297765,1.274696805297765,3.220557870888744,2025-11-06 12:45:00,12,11,3
34.77,36.12356060107174,-1.3535606010717345,1.3535606010717345,3.892897903571281,2025-11-06 13:00:00,13,11,3
34.77,34.34226355044615,0.4277364495538549,0.4277364495538549,1.2301882357027751,2025-11-06 13:15:00,13,11,3
34.77,35.220164901850346,-0.45016490185034286,0.45016490185034286,1.29469341918419,2025-11-06 13:30:00,13,11,3
34.76,36.269861842736724,-1.5098618427367256,1.5098618427367256,4.343676187389891,2025-11-06 13:45:00,13,11,3
34.73,31.905276085139462,2.8247239148605345,2.8247239148605345,8.133382997007011,2025-11-06 14:00:00,14,11,3
34.72,35.45105334364063,-0.7310533436406317,0.7310533436406317,2.1055683860617274,2025-11-06 14:15:00,14,11,3
33.99,35.68026382995508,-1.6902638299550787,1.6902638299550787,4.972826801868427,2025-11-06 14:30:00,14,11,3
33.35,35.04829969599996,-1.6982996959999568,1.6982996959999568,5.092352911544098,2025-11-06 14:45:00,14,11,3
18.62,34.687276216094965,-16.067276216094964,16.067276216094964,86.29042006495683,2025-11-06 15:00:00,15,11,3
19.34,21.127264963428484,-1.787264963428484,1.787264963428484,9.241287297975616,2025-11-06 15:15:00,15,11,3
23.42,24.02385432934599,-0.6038543293459888,0.6038543293459888,2.5783703217164335,2025-11-06 15:30:00,15,11,3
26.0,27.573521998442587,-1.5735219984425868,1.5735219984425868,6.0520076863176415,2025-11-06 15:45:00,15,11,3
23.99,16.231735606748856,7.758264393251142,7.758264393251142,32.339576462072294,2025-11-06 16:00:00,16,11,3
27.24,25.541978510328263,1.698021489671735,1.698021489671735,6.2335590663426395,2025-11-06 16:15:00,16,11,3
33.6,32.216865201066454,1.383134798933547,1.383134798933547,4.1164726158736515,2025-11-06 16:30:00,16,11,3
35.03,36.89994723882194,-1.8699472388219363,1.8699472388219363,5.3381308559004745,2025-11-06 16:45:00,16,11,3
34.56,33.64026965819751,0.9197303418024916,0.9197303418024916,2.6612567760488757,2025-11-06 17:00:00,17,11,3
35.59,37.468392005825024,-1.8783920058250203,1.8783920058250203,5.277864585066086,2025-11-06 17:15:00,17,11,3
35.6,42.078440707842006,-6.4784407078420045,6.4784407078420045,18.197867156859562,2025-11-06 17:30:00,17,11,3
35.6,38.51122838768332,-2.911228387683316,2.911228387683316,8.177607830571112,2025-11-06 17:45:00,17,11,3
37.9,37.48448429340685,0.4155157065931476,0.4155157065931476,1.096347510799862,2025-11-06 18:00:00,18,11,3
35.6,40.963328921183404,-5.3633289211834025,5.3633289211834025,15.065530677481467,2025-11-06 18:15:00,18,11,3
34.0,37.62108517399778,-3.621085173997777,3.621085173997777,10.650250511758168,2025-11-06 18:30:00,18,11,3
29.78,36.567960896469266,-6.787960896469265,6.787960896469265,22.79369004858719,2025-11-06 18:45:00,18,11,3
35.31,30.720937744463143,4.589062255536859,4.589062255536859,12.996494634768787,2025-11-06 19:00:00,19,11,3
34.0,32.843019247446236,1.156980752553764,1.156980752553764,3.4028845663346003,2025-11-06 19:15:00,19,11,3
28.46,30.780790634702832,-2.3207906347028313,2.3207906347028313,8.154570044633983,2025-11-06 19:30:00,19,11,3
22.26,23.092095806842593,-0.8320958068425917,0.8320958068425917,3.738076400910115,2025-11-06 19:45:00,19,11,3
23.23,26.37300887998782,-3.1430088799878213,3.1430088799878213,13.529956435591137,2025-11-06 20:00:00,20,11,3
19.89,23.131367940396,-3.2413679403959996,3.2413679403959996,16.296470288567118,2025-11-06 20:15:00,20,11,3
19.73,15.61340931303424,4.116590686965761,4.116590686965761,20.864625884266403,2025-11-06 20:30:00,20,11,3
19.64,14.408367966898858,5.2316320331011426,5.2316320331011426,26.637637643081174,2025-11-06 20:45:00,20,11,3
19.61,19.698223356634603,-0.08822335663460379,0.08822335663460379,0.4498896309770718,2025-11-06 21:00:00,21,11,3
19.55,15.838386337975532,3.711613662024469,3.711613662024469,18.985236122887308,2025-11-06 21:15:00,21,11,3
19.44,18.124539771170912,1.3154602288290889,1.3154602288290889,6.766770724429469,2025-11-06 21:30:00,21,11,3
19.08,18.054411533641424,1.025588466358574,1.025588466358574,5.3752016056529035,2025-11-06 21:45:00,21,11,3
19.07,17.705519153859736,1.364480846140264,1.364480846140264,7.155117179550414,2025-11-06 22:00:00,22,11,3
19.13,17.723783250005845,1.4062167499941545,1.4062167499941545,7.350845530549684,2025-11-06 22:15:00,22,11,3
17.24,17.72705354646556,-0.4870535464655603,0.4870535464655603,2.825136580426684,2025-11-06 22:30:00,22,11,3
15.34,15.706632110471144,-0.3666321104711443,0.3666321104711443,2.3900398335798196,2025-11-06 22:45:00,22,11,3
17.02,14.639052930337442,2.3809470696625574,2.3809470696625574,13.989113217758858,2025-11-06 23:00:00,23,11,3
16.35,16.629091452952867,-0.27909145295286564,0.27909145295286564,1.7069813636260895,2025-11-06 23:15:00,23,11,3
14.62,13.879655868739402,0.7403441312605974,0.7403441312605974,5.063913346515714,2025-11-06 23:30:00,23,11,3
14.11,12.031451321749039,2.078548678250961,2.078548678250961,14.731032446853018,2025-11-06 23:45:00,23,11,3
15.59,16.927376865104396,-1.337376865104396,1.337376865104396,8.578427614524669,2025-11-07 00:00:00,0,11,4
15.26,16.536116482484037,-1.2761164824840368,1.2761164824840368,8.362493332136545,2025-11-07 00:15:00,0,11,4
14.55,14.836844426058715,-0.28684442605871396,0.28684442605871396,1.9714393543554223,2025-11-07 00:30:00,0,11,4
14.62,15.054916748446807,-0.43491674844680794,0.43491674844680794,2.974806760922079,2025-11-07 00:45:00,0,11,4
15.44,17.336142031949937,-1.8961420319499371,1.8961420319499371,12.280712642162806,2025-11-07 01:00:00,1,11,4
15.17,16.685937862965957,-1.5159378629659575,1.5159378629659575,9.99299843748159,2025-11-07 01:15:00,1,11,4
15.04,15.871738652481081,-0.8317386524810821,0.8317386524810821,5.530177210645493,2025-11-07 01:30:00,1,11,4
14.96,16.403859104638613,-1.4438591046386122,1.4438591046386122,9.65146460319928,2025-11-07 01:45:00,1,11,4
14.95,17.46691537504698,-2.516915375046981,2.516915375046981,16.83555434814034,2025-11-07 02:00:00,2,11,4
14.98,16.62027459848794,-1.640274598487938,1.640274598487938,10.949763674819346,2025-11-07 02:15:00,2,11,4
15.01,16.739404230621464,-1.7294042306214639,1.7294042306214639,11.521680417198294,2025-11-07 02:30:00,2,11,4
15.34,16.792572522850985,-1.4525725228509856,1.4525725228509856,9.469182026407989,2025-11-07 02:45:00,2,11,4
14.74,17.580279557880484,-2.840279557880484,2.840279557880484,19.269196457805183,2025-11-07 03:00:00,3,11,4
14.9,17.007073236471697,-2.107073236471697,2.107073236471697,14.141431117259712,2025-11-07 03:15:00,3,11,4
15.11,17.28982719028823,-2.179827190288229,2.179827190288229,14.426387758360221,2025-11-07 03:30:00,3,11,4
15.82,17.75920407196959,-1.9392040719695913,1.9392040719695913,12.2579271300227,2025-11-07 03:45:00,3,11,4
14.93,18.01186895742521,-3.081868957425211,3.081868957425211,20.64212295663236,2025-11-07 04:00:00,4,11,4
15.45,17.669106181081705,-2.219106181081706,2.219106181081706,14.363146803117841,2025-11-07 04:15:00,4,11,4
16.32,18.437889616015998,-2.1178896160159972,2.1178896160159972,12.977264804019592,2025-11-07 04:30:00,4,11,4
16.77,19.680706707367975,-2.910706707367975,2.910706707367975,17.35662914351804,2025-11-07 04:45:00,4,11,4
16.12,19.00191457662728,-2.8819145766272776,2.8819145766272776,17.87788198900296,2025-11-07 05:00:00,5,11,4
22.91,19.463035691463304,3.446964308536696,3.446964308536696,15.045675724734597,2025-11-07 05:15:00,5,11,4
33.24,26.350276478736472,6.88972352126353,6.88972352126353,20.727206742670067,2025-11-07 05:30:00,5,11,4
42.48,34.507747804402214,7.9722521955977825,7.9722521955977825,18.767072023535274,2025-11-07 05:45:00,5,11,4
33.99,40.61085907002,-6.620859070019996,6.620859070019996,19.478843983583396,2025-11-07 06:00:00,6,11,4
38.97,37.77852280851222,1.1914771914877775,1.1914771914877775,3.0574215845208563,2025-11-07 06:15:00,6,11,4
44.68,48.85942377210936,-4.1794237721093594,4.1794237721093594,9.354126616180302,2025-11-07 06:30:00,6,11,4
47.16,54.324475431286544,-7.164475431286547,7.164475431286547,15.191847818673764,2025-11-07 06:45:00,6,11,4
47.58,41.05917959913832,6.52082040086168,6.52082040086168,13.70496090975553,2025-11-07 07:00:00,7,11,4
54.95,52.1027708807044,2.847229119295605,2.847229119295605,5.181490662958335,2025-11-07 07:15:00,7,11,4
66.15,60.66185872282711,5.488141277172893,5.488141277172893,8.296509867230375,2025-11-07 07:30:00,7,11,4
91.2,67.88607868307105,23.313921316928955,23.313921316928955,25.56351021593087,2025-11-07 07:45:00,7,11,4
84.12,82.18153816149712,1.9384618385028887,1.9384618385028887,2.3044006639359114,2025-11-07 08:00:00,8,11,4
99.95,77.20062759621985,22.749372403780157,22.749372403780157,22.76075278017024,2025-11-07 08:15:00,8,11,4
91.72,98.46806735613465,-6.748067356134655,6.748067356134655,7.357247444542798,2025-11-07 08:30:00,8,11,4
76.06,102.85977404188054,-26.79977404188054,26.79977404188054,35.235043441862395,2025-11-07 08:45:00,8,11,4
78.26,65.44245445320486,12.817545546795145,12.817545546795145,16.37815684486985,2025-11-07 09:00:00,9,11,4
79.02,90.59923891649815,-11.579238916498156,11.579238916498156,14.653554690582329,2025-11-07 09:15:00,9,11,4
100.49,71.42582238534003,29.064177614659968,29.064177614659968,28.922457572554457,2025-11-07 09:30:00,9,11,4
89.9,82.8411063879419,7.0588936120581,7.0588936120581,7.851939501733147,2025-11-07 09:45:00,9,11,4
101.43,83.39429877608485,18.035701223915154,18.035701223915154,17.78142682038367,2025-11-07 10:00:00,10,11,4
95.73,95.35808518328301,0.3719148167169948,0.3719148167169948,0.38850393472996425,2025-11-07 10:15:00,10,11,4
89.98,107.35888005922746,-17.378880059227455,17.378880059227455,19.314158767756673,2025-11-07 10:30:00,10,11,4
79.94,77.15546473875582,2.784535261244173,2.784535261244173,3.4832815377084976,2025-11-07 10:45:00,10,11,4
92.98,88.32358779054113,4.656412209458878,4.656412209458878,5.007971832070206,2025-11-07 11:00:00,11,11,4
79.94,88.58841681016345,-8.648416810163454,8.648416810163454,10.818634988946027,2025-11-07 11:15:00,11,11,4
72.61,72.67441372524152,-0.064413725241522,0.064413725241522,0.0887119201783804,2025-11-07 11:30:00,11,11,4
74.44,63.21925577079868,11.220744229201316,11.220744229201316,15.073541414832503,2025-11-07 11:45:00,11,11,4
82.2,86.658474664804,-4.458474664804001,4.458474664804001,5.423935115333334,2025-11-07 12:00:00,12,11,4
89.12,71.66421410447109,17.45578589552892,17.45578589552892,19.586833365719166,2025-11-07 12:15:00,12,11,4
89.67,79.47859603993464,10.191403960065358,10.191403960065358,11.36545551473777,2025-11-07 12:30:00,12,11,4
90.86,85.84759000129023,5.012409998709771,5.012409998709771,5.5166299787692825,2025-11-07 12:45:00,12,11,4
89.29,93.33082637795648,-4.040826377956478,4.040826377956478,4.525508318911947,2025-11-07 13:00:00,13,11,4
91.69,92.37476889537277,-0.6847688953727697,0.6847688953727697,0.7468305108220851,2025-11-07 13:15:00,13,11,4
88.63,90.33995631399934,-1.7099563139993421,1.7099563139993421,1.9293199977426856,2025-11-07 13:30:00,13,11,4
81.18,87.74658778202036,-6.566587782020349,6.566587782020349,8.08892311162891,2025-11-07 13:45:00,13,11,4
70.7,79.53584137944614,-8.835841379446137,8.835841379446137,12.497654002045454,2025-11-07 14:00:00,14,11,4
74.53,74.75342057236264,-0.22342057236264168,0.22342057236264168,0.2997726718940583,2025-11-07 14:15:00,14,11,4
78.15,75.80071247862911,2.349287521370897,2.349287521370897,3.006126067013304,2025-11-07 14:30:00,14,11,4
98.2,73.7882887078142,24.4117112921858,24.4117112921858,24.859176468620976,2025-11-07 14:45:00,14,11,4
77.82,87.90105044203932,-10.081050442039327,10.081050442039327,12.954318224157452,2025-11-07 15:00:00,15,11,4
86.66,76.42517763048505,10.234822369514944,10.234822369514944,11.810318912433585,2025-11-07 15:15:00,15,11,4
97.8,89.3552481114358,8.444751888564198,8.444751888564198,8.63471563247873,2025-11-07 15:30:00,15,11,4
115.02,114.44638855359574,0.5736114464042572,0.5736114464042572,0.4987058306418512,2025-11-07 15:45:00,15,11,4
97.56,94.69486753318292,2.865132466817087,2.865132466817087,2.936790146388978,2025-11-07 16:00:00,16,11,4
111.66,98.57523795508462,13.08476204491538,13.08476204491538,11.718396959444187,2025-11-07 16:15:00,16,11,4
115.8,119.11078800114399,-3.3107880011439903,3.3107880011439903,2.859056995806555,2025-11-07 16:30:00,16,11,4
142.72,128.0421461510552,14.677853848944807,14.677853848944807,10.284370690123884,2025-11-07 16:45:00,16,11,4
110.56,123.58347085419993,-13.023470854199928,13.023470854199928,11.77955033845869,2025-11-07 17:00:00,17,11,4
107.49,114.37215185393683,-6.882151853936833,6.882151853936833,6.402597315040313,2025-11-07 17:15:00,17,11,4
94.09,111.17825798880759,-17.088257988807584,17.088257988807584,18.161609085777002,2025-11-07 17:30:00,17,11,4
84.97,121.49965597240077,-36.529655972400775,36.529655972400775,42.99123922843448,2025-11-07 17:45:00,17,11,4
116.33,65.74489618973243,50.58510381026757,50.58510381026757,43.48414322209883,2025-11-07 18:00:00,18,11,4
108.08,118.02918254357425,-9.949182543574253,9.949182543574253,9.205387253492091,2025-11-07 18:15:00,18,11,4
81.11,93.96109618673486,-12.851096186734864,12.851096186734864,15.844034258087614,2025-11-07 18:30:00,18,11,4
68.38,71.58513990791926,-3.2051399079192606,3.2051399079192606,4.6872475985949995,2025-11-07 18:45:00,18,11,4
72.7,96.81748307623255,-24.117483076232546,24.117483076232546,33.17397947212179,2025-11-07 19:00:00,19,11,4
69.88,72.2118378300014,-2.3318378300014047,2.3318378300014047,3.336917329710081,2025-11-07 19:15:00,19,11,4
62.78,49.52872733622596,13.251272663774039,13.251272663774039,21.107474775046253,2025-11-07 19:30:00,19,11,4
54.65,51.51837812280032,3.1316218771996773,3.1316218771996773,5.730323654528229,2025-11-07 19:45:00,19,11,4
53.92,58.54434400429456,-4.6243440042945565,4.6243440042945565,8.576305645946878,2025-11-07 20:00:00,20,11,4
48.87,53.55900416110527,-4.689004161105274,4.689004161105274,9.594851976888222,2025-11-07 20:15:00,20,11,4
45.0,44.3574985101902,0.6425014898098027,0.6425014898098027,1.4277810884662283,2025-11-07 20:30:00,20,11,4
42.08,39.330816505169096,2.749183494830902,2.749183494830902,6.533230738666592,2025-11-07 20:45:00,20,11,4
45.87,42.697330295426745,3.172669704573252,3.172669704573252,6.916655122243847,2025-11-07 21:00:00,21,11,4
47.28,42.64778873238549,4.632211267614508,4.632211267614508,9.797401158237115,2025-11-07 21:15:00,21,11,4
44.31,43.387023234633745,0.9229767653662577,0.9229767653662577,2.082998793424188,2025-11-07 21:30:00,21,11,4
42.57,40.43123459952883,2.138765400471172,2.138765400471172,5.02411416601168,2025-11-07 21:45:00,21,11,4
42.88,45.22490020337767,-2.3449002033776694,2.3449002033776694,5.468517265339714,2025-11-07 22:00:00,22,11,4
37.28,44.28283629741519,-7.002836297415186,7.002836297415186,18.784432128259617,2025-11-07 22:15:00,22,11,4
29.35,35.11648735822359,-5.766487358223586,5.766487358223586,19.647316382363154,2025-11-07 22:30:00,22,11,4
23.9,29.317861922924287,-5.417861922924288,5.417861922924288,22.66887833859535,2025-11-07 22:45:00,22,11,4
26.23,27.336695531500652,-1.1066955315006517,1.1066955315006517,4.219197603891161,2025-11-07 23:00:00,23,11,4
24.29,25.064916332952155,-0.7749163329521558,0.7749163329521558,3.1902689705728933,2025-11-07 23:15:00,23,11,4
22.05,19.534795640024264,2.515204359975737,2.515204359975737,11.406822494221029,2025-11-07 23:30:00,23,11,4
20.75,18.56417573751903,2.1858242624809705,2.1858242624809705,10.534092831233592,2025-11-07 23:45:00,23,11,4
30.12,23.06905542147456,7.050944578525442,7.050944578525442,23.409510552873314,2025-11-08 00:00:00,0,11,5
27.52,28.492015435248803,-0.9720154352488031,0.9720154352488031,3.532032831572686,2025-11-08 00:15:00,0,11,5
25.87,23.628127710717344,2.2418722892826572,2.2418722892826572,8.665915304532884,2025-11-08 00:30:00,0,11,5
25.5,23.024140011589594,2.4758599884104058,2.4758599884104058,9.709254856511397,2025-11-08 00:45:00,0,11,5
29.52,33.225401551106486,-3.705401551106487,3.705401551106487,12.552173276105986,2025-11-08 01:00:00,1,11,5
27.78,27.65573624729915,0.12426375270085188,0.12426375270085188,0.4473137246250968,2025-11-08 01:15:00,1,11,5
26.29,25.655517159194233,0.6344828408057666,0.6344828408057666,2.413399926990363,2025-11-08 01:30:00,1,11,5
26.21,25.47584120453925,0.7341587954607505,0.7341587954607505,2.8010636988201085,2025-11-08 01:45:00,1,11,5
30.0,30.379873829043316,-0.3798738290433157,0.3798738290433157,1.2662460968110523,2025-11-08 02:00:00,2,11,5
29.28,29.31992606804961,-0.03992606804960985,0.03992606804960985,0.13635952202735604,2025-11-08 02:15:00,2,11,5
27.93,27.835671620429203,0.09432837957079698,0.09432837957079698,0.3377313983916827,2025-11-08 02:30:00,2,11,5
26.68,27.746538345175146,-1.0665383451751467,1.0665383451751467,3.997520034389605,2025-11-08 02:45:00,2,11,5
27.12,31.113087924493833,-3.9930879244938318,3.9930879244938318,14.723775532794365,2025-11-08 03:00:00,3,11,5
26.1,28.278734871698244,-2.178734871698243,2.178734871698243,8.347643186583307,2025-11-08 03:15:00,3,11,5
25.99,26.52555859717176,-0.5355585971717609,0.5355585971717609,2.0606333096258598,2025-11-08 03:30:00,3,11,5
25.71,26.457989405271206,-0.7479894052712055,0.7479894052712055,2.909332575928454,2025-11-08 03:45:00,3,11,5
33.22,28.201227920265055,5.018772079734944,5.018772079734944,15.107682359226201,2025-11-08 04:00:00,4,11,5
34.84,34.02029887336271,0.8197011266372911,0.8197011266372911,2.3527586872482518,2025-11-08 04:15:00,4,11,5
40.05,34.80260656799253,5.24739343200747,5.24739343200747,13.102105947584198,2025-11-08 04:30:00,4,11,5
40.07,39.22707843356665,0.8429215664333469,0.8429215664333469,2.103622576574362,2025-11-08 04:45:00,4,11,5
37.77,46.05698371294525,-8.286983712945243,8.286983712945243,21.94065055055664,2025-11-08 05:00:00,5,11,5
35.59,39.83740239899372,-4.247402398993714,4.247402398993714,11.934257934795484,2025-11-08 05:15:00,5,11,5
40.95,41.90709486871881,-0.957094868718805,0.957094868718805,2.3372280066393283,2025-11-08 05:30:00,5,11,5
42.32,43.4510243266823,-1.1310243266823008,1.1310243266823008,2.6725527568107297,2025-11-08 05:45:00,5,11,5
29.22,42.10581416095238,-12.885814160952378,12.885814160952378,44.09929555425181,2025-11-08 06:00:00,6,11,5
33.35,29.216644434505096,4.133355565494906,4.133355565494906,12.393869761603915,2025-11-08 06:15:00,6,11,5
34.99,42.22592679363244,-7.235926793632437,7.235926793632437,20.679985120412795,2025-11-08 06:30:00,6,11,5
35.6,40.26687625396717,-4.6668762539671675,4.6668762539671675,13.10920296058193,2025-11-08 06:45:00,6,11,5
32.22,27.75840440642966,4.46159559357034,4.46159559357034,13.847286137710554,2025-11-08 07:00:00,7,11,5
33.99,38.0657544630582,-4.075754463058196,4.075754463058196,11.991039903083836,2025-11-08 07:15:00,7,11,5
34.74,38.785043393765115,-4.045043393765113,4.045043393765113,11.643763367199519,2025-11-08 07:30:00,7,11,5
36.28,38.38118440979621,-2.101184409796211,2.101184409796211,5.791577755777869,2025-11-08 07:45:00,7,11,5
34.13,36.30069395483279,-2.1706939548327853,2.1706939548327853,6.360076046975638,2025-11-08 08:00:00,8,11,5
36.09,38.091759871840004,-2.001759871840001,2.001759871840001,5.546577644333612,2025-11-08 08:15:00,8,11,5
40.92,39.75435292822139,1.165647071778615,1.165647071778615,2.848599882156928,2025-11-08 08:30:00,8,11,5
42.69,44.84108637338956,-2.1510863733895604,2.1510863733895604,5.038853064861936,2025-11-08 08:45:00,8,11,5
43.28,42.83396267567096,0.44603732432904053,0.44603732432904053,1.0305853149931619,2025-11-08 09:00:00,9,11,5
44.65,46.465833062687246,-1.815833062687247,1.815833062687247,4.066815369960239,2025-11-08 09:15:00,9,11,5
45.63,50.43526943407128,-4.805269434071278,4.805269434071278,10.530943313765674,2025-11-08 09:30:00,9,11,5
48.45,49.16461158205371,-0.7146115820537062,0.7146115820537062,1.4749465057868032,2025-11-08 09:45:00,9,11,5
44.93,51.006213395262165,-6.076213395262165,6.076213395262165,13.523733352464202,2025-11-08 10:00:00,10,11,5
45.01,47.87668762773215,-2.866687627732155,2.866687627732155,6.369001616823272,2025-11-08 10:15:00,10,11,5
45.01,48.50470952561162,-3.4947095256116185,3.4947095256116185,7.76429576896605,2025-11-08 10:30:00,10,11,5
45.06,50.38340936715886,-5.32340936715886,5.32340936715886,11.814046531644163,2025-11-08 10:45:00,10,11,5
46.05,44.9402998677741,1.1097001322258961,1.1097001322258961,2.4097722741061807,2025-11-08 11:00:00,11,11,5
46.51,48.5466270164861,-2.0366270164861007,2.0366270164861007,4.3789013469922615,2025-11-08 11:15:00,11,11,5
46.74,48.68204483802624,-1.9420448380262414,1.9420448380262414,4.154995374467782,2025-11-08 11:30:00,11,11,5
46.77,48.818721003528424,-2.0487210035284207,2.0487210035284207,4.380416941476204,2025-11-08 11:45:00,11,11,5
49.18,49.55796115688972,-0.3779611568897181,0.3779611568897181,0.7685261425167103,2025-11-08 12:00:00,12,11,5
49.59,51.44161369294235,-1.851613692942344,1.851613692942344,3.7338449141809713,2025-11-08 12:15:00,12,11,5
49.62,51.21152903999559,-1.5915290399955921,1.5915290399955921,3.2074345828206208,2025-11-08 12:30:00,12,11,5
49.65,50.991936660095774,-1.3419366600957758,1.3419366600957758,2.7027928702835364,2025-11-08 12:45:00,12,11,5
50.03,52.98720187852936,-2.957201878529361,2.957201878529361,5.910857242713093,2025-11-08 13:00:00,13,11,5
50.08,51.920042570093024,-1.8400425700930256,1.8400425700930256,3.6742064099301635,2025-11-08 13:15:00,13,11,5
50.71,51.62741519764061,-0.917415197640608,0.917415197640608,1.8091405987785605,2025-11-08 13:30:00,13,11,5
52.62,52.250851076152315,0.36914892384768194,0.36914892384768194,0.701537293515169,2025-11-08 13:45:00,13,11,5
56.8,53.98474757264941,2.815252427350586,2.815252427350586,4.956430329842582,2025-11-08 14:00:00,14,11,5
60.23,57.279055537136315,2.9509444628636814,2.9509444628636814,4.899459509984529,2025-11-08 14:15:00,14,11,5
68.85,60.29358714147419,8.556412858525803,8.556412858525803,12.427614899819615,2025-11-08 14:30:00,14,11,5
73.21,68.98175246295449,4.228247537045505,4.228247537045505,5.775505446039482,2025-11-08 14:45:00,14,11,5
53.64,73.75852239541895,-20.11852239541895,20.11852239541895,37.50656673269752,2025-11-08 15:00:00,15,11,5
70.7,54.57036740885068,16.129632591149324,16.129632591149324,22.814190369376693,2025-11-08 15:15:00,15,11,5
80.7,79.76014574942175,0.9398542505782501,0.9398542505782501,1.1646273241366172,2025-11-08 15:30:00,15,11,5
104.19,83.29114940204468,20.898850597955317,20.898850597955317,20.058403491654975,2025-11-08 15:45:00,15,11,5
86.14,81.65682135339469,4.48317864660531,4.48317864660531,5.204525942193302,2025-11-08 16:00:00,16,11,5
95.32,90.6650607056382,4.654939294361796,4.654939294361796,4.883486460723663,2025-11-08 16:15:00,16,11,5
99.03,99.42758344980896,-0.39758344980896254,0.39758344980896254,0.4014777843168359,2025-11-08 16:30:00,16,11,5
111.5,115.46966506099864,-3.9696650609986364,3.9696650609986364,3.5602377228687323,2025-11-08 16:45:00,16,11,5
94.98,91.76110504629952,3.2188949537004845,3.2188949537004845,3.389023956307101,2025-11-08 17:00:00,17,11,5
104.76,95.84898166536293,8.911018334637077,8.911018334637077,8.506126703548183,2025-11-08 17:15:00,17,11,5
103.28,104.89796103831193,-1.6179610383119325,1.6179610383119325,1.5665773027807246,2025-11-08 17:30:00,17,11,5
101.45,110.55846112059513,-9.108461120595123,9.108461120595123,8.978276116900071,2025-11-08 17:45:00,17,11,5
100.92,83.91269019197864,17.00730980802136,17.00730980802136,16.85226893383012,2025-11-08 18:00:00,18,11,5
94.53,105.2011432027061,-10.671143202706105,10.671143202706105,11.288631336830747,2025-11-08 18:15:00,18,11,5
73.99,90.72643329665625,-16.73643329665626,16.73643329665626,22.619858489871955,2025-11-08 18:30:00,18,11,5
59.64,72.08626859709408,-12.446268597094075,12.446268597094075,20.86899496494647,2025-11-08 18:45:00,18,11,5
60.43,63.25496646553818,-2.824966465538182,2.824966465538182,4.6747748891911005,2025-11-08 19:00:00,19,11,5
50.21,61.139464759425216,-10.929464759425215,10.929464759425215,21.767505993676988,2025-11-08 19:15:00,19,11,5
46.6,36.857512103299555,9.742487896700446,9.742487896700446,20.906626387769197,2025-11-08 19:30:00,19,11,5
40.14,37.19678323873012,2.9432167612698805,2.9432167612698805,7.332378578151172,2025-11-08 19:45:00,19,11,5
43.88,43.12553733362821,0.7544626663717935,0.7544626663717935,1.7193770883586905,2025-11-08 20:00:00,20,11,5
38.54,37.70615167350947,0.8338483264905321,0.8338483264905321,2.1635919213558177,2025-11-08 20:15:00,20,11,5
27.72,36.20683372591682,-8.486833725916824,8.486833725916824,30.61628328252823,2025-11-08 20:30:00,20,11,5
21.89,23.734717705624057,-1.8447177056240562,1.8447177056240562,8.427216562923965,2025-11-08 20:45:00,20,11,5
26.35,28.660660527110068,-2.310660527110066,2.310660527110066,8.769110159810497,2025-11-08 21:00:00,21,11,5
25.99,26.121942970051485,-0.1319429700514867,0.1319429700514867,0.5076682187436964,2025-11-08 21:15:00,21,11,5
25.02,18.754697649171014,6.265302350828986,6.265302350828986,25.041176462146225,2025-11-08 21:30:00,21,11,5
22.02,20.48393318738195,1.5360668126180492,1.5360668126180492,6.975780257121023,2025-11-08 21:45:00,21,11,5
26.43,26.519373468348785,-0.08937346834878568,0.08937346834878568,0.33815160177368775,2025-11-08 22:00:00,22,11,5
21.82,27.563124914540502,-5.743124914540502,5.743124914540502,26.320462486436764,2025-11-08 22:15:00,22,11,5
17.86,21.794550454783863,-3.9345504547838637,3.9345504547838637,22.02995775354907,2025-11-08 22:30:00,22,11,5
17.65,16.8914720512939,0.7585279487060994,0.7585279487060994,4.297608774538808,2025-11-08 22:45:00,22,11,5
18.18,24.079815274283675,-5.899815274283675,5.899815274283675,32.45222923148336,2025-11-08 23:00:00,23,11,5
17.49,17.0092529432434,0.48074705675659857,0.48074705675659857,2.748696722450535,2025-11-08 23:15:00,23,11,5
17.38,15.976012508881084,1.4039874911189152,1.4039874911189152,8.078178890212401,2025-11-08 23:30:00,23,11,5
17.33,18.750884305703202,-1.4208843057032041,1.4208843057032041,8.19898618409235,2025-11-08 23:45:00,23,11,5
18.69,16.960544187123528,1.7294558128764734,1.7294558128764734,9.253375135775673,2025-11-09 00:00:00,0,11,6
15.94,17.182398848409758,-1.2423988484097581,1.2423988484097581,7.7942211318052586,2025-11-09 00:15:00,0,11,6
15.71,14.77261618655601,0.93738381344399,0.93738381344399,5.966797030197263,2025-11-09 00:30:00,0,11,6
15.25,15.097977804536818,0.15202219546318219,0.15202219546318219,0.9968668554962766,2025-11-09 00:45:00,0,11,6
16.5,16.515932586967295,-0.015932586967295492,0.015932586967295492,0.0965611331351242,2025-11-09 01:00:00,1,11,6
15.52,14.166179023889612,1.3538209761103879,1.3538209761103879,8.723073299680333,2025-11-09 01:15:00,1,11,6
15.32,14.835300262413426,0.48469973758657403,0.48469973758657403,3.163836407223068,2025-11-09 01:30:00,1,11,6
14.78,14.559540251922009,0.22045974807799062,0.22045974807799062,1.4916085796887053,2025-11-09 01:45:00,1,11,6
16.43,16.169081179829416,0.2609188201705841,0.2609188201705841,1.588063421610372,2025-11-09 02:00:00,2,11,6
15.42,15.948727588061747,-0.5287275880617468,0.5287275880617468,3.428842983539214,2025-11-09 02:15:00,2,11,6
14.92,15.231762964513948,-0.3117629645139477,0.3117629645139477,2.089564105321365,2025-11-09 02:30:00,2,11,6
14.61,14.588766160063518,0.021233839936481758,0.021233839936481758,0.14533771345983407,2025-11-09 02:45:00,2,11,6
16.15,16.981880511645734,-0.8318805116457355,0.8318805116457355,5.150962920407032,2025-11-09 03:00:00,3,11,6
16.1,16.291966816355064,-0.19196681635506252,0.19196681635506252,1.1923404742550465,2025-11-09 03:15:00,3,11,6
15.93,16.230948183523793,-0.3009481835237935,0.3009481835237935,1.889191359220298,2025-11-09 03:30:00,3,11,6
15.53,16.150757200570276,-0.6207572005702762,0.6207572005702762,3.9971487480378376,2025-11-09 03:45:00,3,11,6
15.91,18.062976140184634,-2.1529761401846343,2.1529761401846343,13.532219611468474,2025-11-09 04:00:00,4,11,6
15.87,17.273755039285962,-1.4037550392859632,1.4037550392859632,8.845337361600272,2025-11-09 04:15:00,4,11,6
15.87,17.00471977466084,-1.134719774660839,1.134719774660839,7.150093098051917,2025-11-09 04:30:00,4,11,6
15.88,16.74476834635636,-0.8647683463563585,0.8647683463563585,5.445644498465733,2025-11-09 04:45:00,4,11,6
16.24,17.995406514099315,-1.7554065140993167,1.7554065140993167,10.809153411941606,2025-11-09 05:00:00,5,11,6
16.28,18.003795926575613,-1.7237959265756118,1.7237959265756118,10.588427067417761,2025-11-09 05:15:00,5,11,6
16.32,17.966157246814902,-1.6461572468149015,1.6461572468149015,10.086747835875622,2025-11-09 05:30:00,5,11,6
16.43,17.982634795307206,-1.5526347953072062,1.5526347953072062,9.4499987541522,2025-11-09 05:45:00,5,11,6
15.97,18.999522755727348,-3.0295227557273474,3.0295227557273474,18.97008613479867,2025-11-09 06:00:00,6,11,6
16.11,18.29187483993267,-2.1818748399326715,2.1818748399326715,13.543605462027758,2025-11-09 06:15:00,6,11,6
16.17,18.49606309471789,-2.326063094717888,2.326063094717888,14.385053152244204,2025-11-09 06:30:00,6,11,6
16.26,18.581866711273967,-2.321866711273966,2.321866711273966,14.279623070565595,2025-11-09 06:45:00,6,11,6
16.25,18.60846158229294,-2.3584615822929393,2.3584615822929393,14.51360973718732,2025-11-09 07:00:00,7,11,6
16.42,19.03750157937612,-2.6175015793761176,2.6175015793761176,15.940935318977573,2025-11-09 07:15:00,7,11,6
16.82,19.134675134260824,-2.314675134260824,2.314675134260824,13.76144550690145,2025-11-09 07:30:00,7,11,6
17.26,19.498056856364663,-2.2380568563646612,2.2380568563646612,12.966725703155626,2025-11-09 07:45:00,7,11,6
16.22,20.10876710575672,-3.8887671057567204,3.8887671057567204,23.975136287032804,2025-11-09 08:00:00,8,11,6
16.7,19.201843382059298,-2.501843382059299,2.501843382059299,14.981098096163468,2025-11-09 08:15:00,8,11,6
17.2,20.05841615977234,-2.8584161597723394,2.8584161597723394,16.618698603327555,2025-11-09 08:30:00,8,11,6
17.62,20.53121189270138,-2.9112118927013775,2.9112118927013775,16.522201434173535,2025-11-09 08:45:00,8,11,6
16.91,19.7298272906358,-2.8198272906358,2.8198272906358,16.675501423038437,2025-11-09 09:00:00,9,11,6
17.65,20.189695392233556,-2.5396953922335577,2.5396953922335577,14.3892090211533,2025-11-09 09:15:00,9,11,6
18.02,21.102555769748935,-3.082555769748936,3.082555769748936,17.106302828795428,2025-11-09 09:30:00,9,11,6
20.2,21.30155206398154,-1.10155206398154,1.10155206398154,5.453228039512574,2025-11-09 09:45:00,9,11,6
30.99,22.37814283700117,8.611857162998827,8.611857162998827,27.789148638266624,2025-11-09 10:00:00,10,11,6
34.17,33.244083547001594,0.9259164529984076,0.9259164529984076,2.709735010238243,2025-11-09 10:15:00,10,11,6
36.66,33.968976234043765,2.6910237659562313,2.6910237659562313,7.3404903599460765,2025-11-09 10:30:00,10,11,6
41.65,37.45336145124185,4.196638548758152,4.196638548758152,10.075962902180438,2025-11-09 10:45:00,10,11,6
35.47,50.09425995565917,-14.62425995565917,14.62425995565917,41.229940670028675,2025-11-09 11:00:00,11,11,6
37.13,38.30099184158342,-1.1709918415834153,1.1709918415834153,3.1537620295809727,2025-11-09 11:15:00,11,11,6
40.0,41.00989261444538,-1.009892614445377,1.009892614445377,2.5247315361134426,2025-11-09 11:30:00,11,11,6
42.89,46.20170362462005,-3.3117036246200513,3.3117036246200513,7.721388726090117,2025-11-09 11:45:00,11,11,6
38.18,38.67978446698632,-0.49978446698631984,0.49978446698631984,1.309021652661917,2025-11-09 12:00:00,12,11,6
38.01,39.849741581383455,-1.839741581383457,1.839741581383457,4.840151490090653,2025-11-09 12:15:00,12,11,6
38.77,42.040958899408814,-3.270958899408811,3.270958899408811,8.436829763757572,2025-11-09 12:30:00,12,11,6
39.42,43.352561013115555,-3.932561013115553,3.932561013115553,9.976055335148535,2025-11-09 12:45:00,12,11,6
38.48,36.98196632236972,1.498033677630275,1.498033677630275,3.8930189127605903,2025-11-09 13:00:00,13,11,6
38.56,39.31540195299678,-0.7554019529967775,0.7554019529967775,1.9590299610912278,2025-11-09 13:15:00,13,11,6
38.24,40.39955472104024,-2.1595547210402373,2.1595547210402373,5.6473711324273985,2025-11-09 13:30:00,13,11,6
38.68,40.11432169412269,-1.434321694122687,1.434321694122687,3.708173976532283,2025-11-09 13:45:00,13,11,6
38.78,38.855699099635125,-0.07569909963512345,0.07569909963512345,0.19520139152945704,2025-11-09 14:00:00,14,11,6
38.19,39.61227344683615,-1.4222734468361509,1.4222734468361509,3.724203840890681,2025-11-09 14:15:00,14,11,6
38.78,38.633913590533744,0.14608640946625684,0.14608640946625684,0.3767055427185581,2025-11-09 14:30:00,14,11,6
38.25,39.92237543354068,-1.6723754335406795,1.6723754335406795,4.372223355661907,2025-11-09 14:45:00,14,11,6
41.9,38.75698501769223,3.1430149823077684,3.1430149823077684,7.501229074720212,2025-11-09 15:00:00,15,11,6
42.63,41.565801314438524,1.064198685561479,1.064198685561479,2.496360979501475,2025-11-09 15:15:00,15,11,6
44.39,42.483283437088524,1.9067165629114768,1.9067165629114768,4.295374099823106,2025-11-09 15:30:00,15,11,6
45.0,42.95271759402211,2.0472824059778887,2.0472824059778887,4.549516457728641,2025-11-09 15:45:00,15,11,6
43.79,46.65455902760798,-2.8645590276079815,2.8645590276079815,6.541582616140628,2025-11-09 16:00:00,16,11,6
43.31,43.327652959898906,-0.017652959898903475,0.017652959898903475,0.04075954721520082,2025-11-09 16:15:00,16,11,6
43.08,44.1954359746314,-1.1154359746314029,1.1154359746314029,2.5892199968231266,2025-11-09 16:30:00,16,11,6
44.3,43.28463036884978,1.0153696311502145,1.0153696311502145,2.292030770090778,2025-11-09 16:45:00,16,11,6
41.05,42.561993638224735,-1.5119936382247374,1.5119936382247374,3.6832975352612367,2025-11-09 17:00:00,17,11,6
46.45,39.69886778983151,6.7511322101684925,6.7511322101684925,14.534192056336902,2025-11-09 17:15:00,17,11,6
48.67,45.53178304448534,3.1382169555146646,3.1382169555146646,6.447949364114783,2025-11-09 17:30:00,17,11,6
47.48,47.94716945705746,-0.4671694570574658,0.4671694570574658,0.983928932303003,2025-11-09 17:45:00,17,11,6
48.49,42.06973328437784,6.420266715622162,6.420266715622162,13.24039330918161,2025-11-09 18:00:00,18,11,6
46.48,50.77370377951202,-4.293703779512022,4.293703779512022,9.237744792409686,2025-11-09 18:15:00,18,11,6
44.65,46.86508383710263,-2.2150838371026325,2.2150838371026325,4.960994036064126,2025-11-09 18:30:00,18,11,6
39.63,42.81199353543611,-3.1819935354361064,3.1819935354361064,8.029254442180434,2025-11-09 18:45:00,18,11,6
45.77,40.03785534526466,5.732144654735343,5.732144654735343,12.523803047269702,2025-11-09 19:00:00,19,11,6
42.11,44.14968060352097,-2.0396806035209707,2.0396806035209707,4.843696517504086,2025-11-09 19:15:00,19,11,6
37.82,39.32682148601995,-1.5068214860199518,1.5068214860199518,3.984192189370576,2025-11-09 19:30:00,19,11,6
35.42,32.69527972494598,2.7247202750540183,2.7247202750540183,7.692603825674811,2025-11-09 19:45:00,19,11,6
35.59,40.637774386039304,-5.0477743860393005,5.0477743860393005,14.183125557851362,2025-11-09 20:00:00,20,11,6
34.99,33.272876170596604,1.7171238294033984,1.7171238294033984,4.907470218357812,2025-11-09 20:15:00,20,11,6
30.68,31.4206093566527,-0.7406093566527012,0.7406093566527012,2.413980953887553,2025-11-09 20:30:00,20,11,6
29.58,28.46910710527421,1.1108928947257866,1.1108928947257866,3.755554072771422,2025-11-09 20:45:00,20,11,6
34.95,30.214437275121583,4.73556272487842,4.73556272487842,13.549535693500486,2025-11-09 21:00:00,21,11,6
33.99,34.790664529537814,-0.8006645295378121,0.8006645295378121,2.3555884952568755,2025-11-09 21:15:00,21,11,6
31.17,29.289996062542176,1.8800039374578255,1.8800039374578255,6.031453119851862,2025-11-09 21:30:00,21,11,6
26.0,29.037885701962203,-3.037885701962203,3.037885701962203,11.684175776777703,2025-11-09 21:45:00,21,11,6
28.97,30.703174817446424,-1.7331748174464252,1.7331748174464252,5.982653839994565,2025-11-09 22:00:00,22,11,6
22.37,29.597574265451918,-7.227574265451917,7.227574265451917,32.309227829467666,2025-11-09 22:15:00,22,11,6
19.35,20.948913479514488,-1.5989134795144864,1.5989134795144864,8.263118757180807,2025-11-09 22:30:00,22,11,6
18.01,16.655128395679558,1.3548716043204436,1.3548716043204436,7.5228850878425515,2025-11-09 22:45:00,22,11,6
19.78,22.91535115429505,-3.135351154295048,3.135351154295048,15.851118070247965,2025-11-09 23:00:00,23,11,6
18.67,16.42417877890759,2.245821221092413,2.245821221092413,12.029037070661023,2025-11-09 23:15:00,23,11,6
18.09,17.129164568537718,0.9608354314622822,0.9608354314622822,5.311417531577016,2025-11-09 23:30:00,23,11,6
17.62,17.78661392859249,-0.1666139285924899,0.1666139285924899,0.9455955084704308,2025-11-09 23:45:00,23,11,6
18.31,21.149328629513896,-2.839328629513897,2.839328629513897,15.50698323055105,2025-11-10 00:00:00,0,11,0
18.28,19.488508107441106,-1.208508107441105,1.208508107441105,6.611094679655935,2025-11-10 00:15:00,0,11,0
18.24,19.616396712197943,-1.3763967121979448,1.3763967121979448,7.546034606348383,2025-11-10 00:30:00,0,11,0
18.28,19.58262935887524,-1.3026293588752402,1.3026293588752402,7.125981175466303,2025-11-10 00:45:00,0,11,0
18.03,20.94908254710161,-2.9190825471016097,2.9190825471016097,16.19014169218863,2025-11-10 01:00:00,1,11,0
18.16,20.17043603122857,-2.0104360312285685,2.0104360312285685,11.070682991346743,2025-11-10 01:15:00,1,11,0
18.27,20.343204613316253,-2.0732046133162534,2.0732046133162534,11.347589563854699,2025-11-10 01:30:00,1,11,0
18.48,20.487116436388828,-2.007116436388827,2.007116436388827,10.861019677428718,2025-11-10 01:45:00,1,11,0
17.92,20.768891146579,-2.8488911465789997,2.8488911465789997,15.897830059034595,2025-11-10 02:00:00,2,11,0
17.92,20.517649481227345,-2.597649481227343,2.597649481227343,14.495811837206155,2025-11-10 02:15:00,2,11,0
17.92,20.626405035183822,-2.7064050351838205,2.7064050351838205,15.102706669552568,2025-11-10 02:30:00,2,11,0
18.66,20.73725839629762,-2.077258396297619,2.077258396297619,11.132145746503856,2025-11-10 02:45:00,2,11,0
17.32,21.189325697072107,-3.8693256970721066,3.8693256970721066,22.340217650531795,2025-11-10 03:00:00,3,11,0
17.87,20.219353739972533,-2.349353739972532,2.349353739972532,13.146915164927432,2025-11-10 03:15:00,3,11,0
17.88,20.987828553986564,-3.1078285539865647,3.1078285539865647,17.381591465249244,2025-11-10 03:30:00,3,11,0
19.42,21.59462384600451,-2.1746238460045078,2.1746238460045078,11.197857085502099,2025-11-10 03:45:00,3,11,0
16.93,21.649589834727024,-4.719589834727024,4.719589834727024,27.87708112656246,2025-11-10 04:00:00,4,11,0
17.7,20.541874102936546,-2.841874102936547,2.841874102936547,16.055785892296875,2025-11-10 04:15:00,4,11,0
17.78,21.328435655054157,-3.5484356550541563,3.5484356550541563,19.957455877694915,2025-11-10 04:30:00,4,11,0
20.91,22.693936789240762,-1.7839367892407623,1.7839367892407623,8.531500665905128,2025-11-10 04:45:00,4,11,0
17.5,22.55892710402819,-5.058927104028189,5.058927104028189,28.90815488016108,2025-11-10 05:00:00,5,11,0
25.72,21.350672763685385,4.369327236314614,4.369327236314614,16.988053018330536,2025-11-10 05:15:00,5,11,0
36.79,29.158302416662465,7.631697583337534,7.631697583337534,20.74394559211072,2025-11-10 05:30:00,5,11,0
52.0,40.8493278682938,11.150672131706202,11.150672131706202,21.443600253281154,2025-11-10 05:45:00,5,11,0
45.69,47.93000634310759,-2.240006343107595,2.240006343107595,4.902618391568385,2025-11-10 06:00:00,6,11,0
73.95,49.38000920223622,24.569990797763786,24.569990797763786,33.225139685955085,2025-11-10 06:15:00,6,11,0
94.19,81.4099252179252,12.780074782074792,12.780074782074792,13.568398749415852,2025-11-10 06:30:00,6,11,0
113.19,101.0117119928405,12.178288007159495,12.178288007159495,10.759155408745908,2025-11-10 06:45:00,6,11,0
99.99,98.04096449079863,1.9490355092013658,1.9490355092013658,1.9492304322445906,2025-11-10 07:00:00,7,11,0
112.19,113.19367306895302,-1.0036730689530202,1.0036730689530202,0.8946190114564758,2025-11-10 07:15:00,7,11,0
117.59,125.21550715558243,-7.625507155582426,7.625507155582426,6.484826222963198,2025-11-10 07:30:00,7,11,0
123.53,130.68954458513616,-7.15954458513616,7.15954458513616,5.795794207994949,2025-11-10 07:45:00,7,11,0
126.69,103.2005838337898,23.48941616621019,23.48941616621019,18.540860499021385,2025-11-10 08:00:00,8,11,0
120.39,126.254317949056,-5.864317949056002,5.864317949056002,4.871100547434174,2025-11-10 08:15:00,8,11,0
118.44,115.67588303764137,2.764116962358628,2.764116962358628,2.333769809488879,2025-11-10 08:30:00,8,11,0
108.76,116.60631677744786,-7.8463167774478535,7.8463167774478535,7.214340545649001,2025-11-10 08:45:00,8,11,0
128.6,107.64192116260057,20.958078837399427,20.958078837399427,16.29710640544279,2025-11-10 09:00:00,9,11,0
112.44,119.8486809829032,-7.408680982903206,7.408680982903206,6.5890083448089705,2025-11-10 09:15:00,9,11,0
105.18,103.64570201463069,1.5342979853693208,1.5342979853693208,1.458735487135692,2025-11-10 09:30:00,9,11,0
100.04,92.31832447396602,7.721675526033991,7.721675526033991,7.718588090797672,2025-11-10 09:45:00,9,11,0
113.74,115.73123786898208,-1.9912378689820827,1.9912378689820827,1.7506926929682458,2025-11-10 10:00:00,10,11,0
107.31,99.57917265286454,7.73082734713546,7.73082734713546,7.204200304850862,2025-11-10 10:15:00,10,11,0
104.29,96.08077617686433,8.209223823135673,8.209223823135673,7.871534972802448,2025-11-10 10:30:00,10,11,0
98.27,95.06117690347153,3.2088230965284623,3.2088230965284623,3.265313011629656,2025-11-10 10:45:00,10,11,0
109.0,107.50560645699582,1.494393543004179,1.494393543004179,1.3710032504625496,2025-11-10 11:00:00,11,11,0
106.18,102.53586964089473,3.644130359105276,3.644130359105276,3.432030852425387,2025-11-10 11:15:00,11,11,0
102.16,99.7566586620131,2.4033413379869017,2.4033413379869017,2.352526759971517,2025-11-10 11:30:00,11,11,0
100.67,93.16289881711265,7.507101182887354,7.507101182887354,7.4571383559028055,2025-11-10 11:45:00,11,11,0
101.71,107.7483651883629,-6.038365188362903,6.038365188362903,5.9368451365282695,2025-11-10 12:00:00,12,11,0
100.15,98.41916464582948,1.730835354170523,1.730835354170523,1.7282429896859939,2025-11-10 12:15:00,12,11,0
98.74,95.10981826948657,3.630181730513428,3.630181730513428,3.6765057023632046,2025-11-10 12:30:00,12,11,0
99.95,95.71505889712259,4.234941102877414,4.234941102877414,4.237059632693761,2025-11-10 12:45:00,12,11,0
100.53,99.75132066012917,0.778679339870834,0.778679339870834,0.7745740971559077,2025-11-10 13:00:00,13,11,0
100.71,97.86380385893979,2.8461961410602044,2.8461961410602044,2.826130613702914,2025-11-10 13:15:00,13,11,0
100.3,97.80115867197443,2.498841328025563,2.498841328025563,2.491367226346523,2025-11-10 13:30:00,13,11,0
104.7,99.58803401117046,5.111965988829539,5.111965988829539,4.88248900556785,2025-11-10 13:45:00,13,11,0
96.92,103.90111520614872,-6.981115206148715,6.981115206148715,7.202966576711427,2025-11-10 14:00:00,14,11,0
98.08,95.51495384024977,2.5650461597502243,2.5650461597502243,2.6152591351450085,2025-11-10 14:15:00,14,11,0
108.64,97.65813863476703,10.981861365232973,10.981861365232973,10.108488001871294,2025-11-10 14:30:00,14,11,0
121.99,111.82922409440593,10.160775905594065,10.160775905594065,8.329187560942755,2025-11-10 14:45:00,14,11,0
96.62,112.09651869253665,-15.476518692536644,15.476518692536644,16.01792454205821,2025-11-10 15:00:00,15,11,0
102.49,92.62649588372525,9.86350411627474,9.86350411627474,9.623869759268944,2025-11-10 15:15:00,15,11,0
115.67,112.12845642388527,3.5415435761147336,3.5415435761147336,3.0617650005314547,2025-11-10 15:30:00,15,11,0
140.8,128.0391380488463,12.760861951153714,12.760861951153714,9.063112181217125,2025-11-10 15:45:00,15,11,0
113.74,115.77441772610393,-2.034417726103939,2.034417726103939,1.7886563443853871,2025-11-10 16:00:00,16,11,0
116.89,109.87141627859873,7.018583721401271,7.018583721401271,6.004434700488725,2025-11-10 16:15:00,16,11,0
120.54,126.06947711255407,-5.529477112554062,5.529477112554062,4.587254946535642,2025-11-10 16:30:00,16,11,0
139.84,142.65971577469182,-2.819715774691815,2.819715774691815,2.0163871386526138,2025-11-10 16:45:00,16,11,0
134.67,116.57506318903344,18.094936810966544,18.094936810966544,13.436501678893997,2025-11-10 17:00:00,17,11,0
145.0,131.04663331444016,13.953366685559843,13.953366685559843,9.62301150728265,2025-11-10 17:15:00,17,11,0
134.96,142.85294769575196,-7.892947695751957,7.892947695751957,5.848360770414905,2025-11-10 17:30:00,17,11,0
129.15,146.77628282391711,-17.62628282391711,17.62628282391711,13.647915465673332,2025-11-10 17:45:00,17,11,0
147.62,124.62678613847376,22.993213861526243,22.993213861526243,15.575947609759005,2025-11-10 18:00:00,18,11,0
128.08,156.63235718389902,-28.552357183899005,28.552357183899005,22.292596177310276,2025-11-10 18:15:00,18,11,0
107.36,117.59467334150418,-10.234673341504177,10.234673341504177,9.533041487988243,2025-11-10 18:30:00,18,11,0
99.96,103.98332379175517,-4.023323791755175,4.023323791755175,4.024933765261279,2025-11-10 18:45:00,18,11,0
113.44,118.44783196413854,-5.007831964138546,5.007831964138546,4.41452041972721,2025-11-10 19:00:00,19,11,0
91.77,100.45626212524687,-8.68626212524687,8.68626212524687,9.465252397566601,2025-11-10 19:15:00,19,11,0
84.84,72.65776235620295,12.182237643797052,12.182237643797052,14.359073130359562,2025-11-10 19:30:00,19,11,0
83.73,78.88371154139492,4.846288458605088,4.846288458605088,5.787995292732697,2025-11-10 19:45:00,19,11,0
84.54,97.04544614367035,-12.50544614367034,12.50544614367034,14.792342256529857,2025-11-10 20:00:00,20,11,0
88.12,67.71573497270793,20.40426502729207,20.40426502729207,23.155089681448104,2025-11-10 20:15:00,20,11,0
82.63,80.57910829826687,2.0508917017331214,2.0508917017331214,2.482018276331988,2025-11-10 20:30:00,20,11,0
80.85,78.88145795526523,1.968542044734761,1.968542044734761,2.4348077238525185,2025-11-10 20:45:00,20,11,0
85.66,79.69784400423089,5.962155995769109,5.962155995769109,6.9602568243860725,2025-11-10 21:00:00,21,11,0
82.01,87.34166695453249,-5.33166695453248,5.33166695453248,6.501240037230191,2025-11-10 21:15:00,21,11,0
79.82,75.21676864506719,4.603231354932802,4.603231354932802,5.767014977365075,2025-11-10 21:30:00,21,11,0
77.77,76.33463971783752,1.4353602821624776,1.4353602821624776,1.8456477847016557,2025-11-10 21:45:00,21,11,0
75.45,80.65102867848951,-5.201028678489507,5.201028678489507,6.8933448356388425,2025-11-10 22:00:00,22,11,0
64.49,71.93231259143835,-7.442312591438352,7.442312591438352,11.540258321349594,2025-11-10 22:15:00,22,11,0
63.82,62.80694663464077,1.0130533653592337,1.0130533653592337,1.587360334314061,2025-11-10 22:30:00,22,11,0
62.96,64.04239739148504,-1.0823973914850384,1.0823973914850384,1.719182642129985,2025-11-10 22:45:00,22,11,0
62.71,62.84006469284016,-0.13006469284015765,0.13006469284015765,0.20740662229334658,2025-11-10 23:00:00,23,11,0
62.18,54.23496595350236,7.945034046497639,7.945034046497639,12.777475147149628,2025-11-10 23:15:00,23,11,0
58.79,61.3441716646115,-2.554171664611502,2.554171664611502,4.344568233732781,2025-11-10 23:30:00,23,11,0
49.8,57.97021624853062,-8.170216248530622,8.170216248530622,16.40605672395707,2025-11-10 23:45:00,23,11,0
73.14,52.45519715032681,20.68480284967319,20.68480284967319,28.2811086268433,2025-11-11 00:00:00,0,11,1
72.08,75.79006529865211,-3.710065298652111,3.710065298652111,5.1471494154441055,2025-11-11 00:15:00,0,11,1
70.69,67.54620964071614,3.143790359283855,3.143790359283855,4.447291497077176,2025-11-11 00:30:00,0,11,1
68.91,60.58307078272833,8.326929217271669,8.326929217271669,12.083774803760948,2025-11-11 00:45:00,0,11,1
61.28,88.09294546760923,-26.812945467609225,26.812945467609225,43.75480657246936,2025-11-11 01:00:00,1,11,1
53.97,62.974812594945305,-9.004812594945307,9.004812594945307,16.68484823966149,2025-11-11 01:15:00,1,11,1
51.64,57.11765327563312,-5.477653275633116,5.477653275633116,10.607384344758165,2025-11-11 01:30:00,1,11,1
48.87,55.74372931888653,-6.873729318886532,6.873729318886532,14.065335213600436,2025-11-11 01:45:00,1,11,1
54.29,48.18135816461581,6.108641835384191,6.108641835384191,11.251872969946934,2025-11-11 02:00:00,2,11,1
50.23,52.644250682560106,-2.414250682560109,2.414250682560109,4.806391962094583,2025-11-11 02:15:00,2,11,1
47.77,51.07285910865976,-3.30285910865976,3.30285910865976,6.914086474062716,2025-11-11 02:30:00,2,11,1
38.7,48.71329321202742,-10.01329321202742,10.01329321202742,25.87414266673752,2025-11-11 02:45:00,2,11,1
51.98,48.29284896061097,3.687151039389029,3.687151039389029,7.093403307789591,2025-11-11 03:00:00,3,11,1
42.36,54.66481827373529,-12.304818273735293,12.304818273735293,29.048201779356216,2025-11-11 03:15:00,3,11,1
44.08,43.83358211142337,0.24641788857663016,0.24641788857663016,0.5590242481321012,2025-11-11 03:30:00,3,11,1
40.73,40.646379436936414,0.08362056306358312,0.08362056306358312,0.20530459873209705,2025-11-11 03:45:00,3,11,1
39.54,56.84423713724534,-17.304237137245337,17.304237137245337,43.76387743359974,2025-11-11 04:00:00,4,11,1
40.0,37.503741173236754,2.4962588267632455,2.4962588267632455,6.240647066908114,2025-11-11 04:15:00,4,11,1
47.0,46.949975773592,0.05002422640799864,0.05002422640799864,0.10643452427233752,2025-11-11 04:30:00,4,11,1
50.39,49.01182468270183,1.3781753172981723,1.3781753172981723,2.735017498111078,2025-11-11 04:45:00,4,11,1
56.0,52.674241831100765,3.3257581688992346,3.3257581688992346,5.938853873034348,2025-11-11 05:00:00,5,11,1
58.14,58.594944044081956,-0.4549440440819552,0.4549440440819552,0.7824974958409963,2025-11-11 05:15:00,5,11,1
109.27,65.72018769394549,43.549812306054505,43.549812306054505,39.855232274233096,2025-11-11 05:30:00,5,11,1
120.83,111.17848925747691,9.651510742523087,9.651510742523087,7.987677515950581,2025-11-11 05:45:00,5,11,1
90.09,115.29409716741526,-25.204097167415256,25.204097167415256,27.976575832406763,2025-11-11 06:00:00,6,11,1
91.56,81.95077862701302,9.60922137298698,9.60922137298698,10.494999315188924,2025-11-11 06:15:00,6,11,1
95.86,135.5795999012614,-39.71959990126139,39.71959990126139,41.43500928568891,2025-11-11 06:30:00,6,11,1
91.35,112.06784528557597,-20.717845285575976,20.717845285575976,22.679633591216174,2025-11-11 06:45:00,6,11,1
102.27,69.9293243515011,32.3406756484989,32.3406756484989,31.622837243080966,2025-11-11 07:00:00,7,11,1
101.04,105.25035817502257,-4.210358175022563,4.210358175022563,4.1670211550104534,2025-11-11 07:15:00,7,11,1
93.49,104.88260793150604,-11.39260793150605,11.39260793150605,12.185910719334741,2025-11-11 07:30:00,7,11,1
93.03,90.5456804387324,2.484319561267597,2.484319561267597,2.6704499207434127,2025-11-11 07:45:00,7,11,1
99.53,99.49879793854097,0.03120206145902671,0.03120206145902671,0.0313494036562109,2025-11-11 08:00:00,8,11,1
96.81,96.42483393783778,0.38516606216222726,0.38516606216222726,0.39785772354325716,2025-11-11 08:15:00,8,11,1
95.52,86.43903382278395,9.080966177216041,9.080966177216041,9.50687413862651,2025-11-11 08:30:00,8,11,1
91.66,90.96322361380504,0.696776386194955,0.696776386194955,0.7601749794839133,2025-11-11 08:45:00,8,11,1
94.81,94.94956770525931,-0.13956770525931006,0.13956770525931006,0.14720778953624097,2025-11-11 09:00:00,9,11,1
84.63,91.32317515362865,-6.693175153628658,6.693175153628658,7.908750033828027,2025-11-11 09:15:00,9,11,1
87.49,81.98341295246948,5.506587047530516,5.506587047530516,6.293961649937726,2025-11-11 09:30:00,9,11,1
81.98,83.99583041298683,-2.01583041298683,2.01583041298683,2.458929510840241,2025-11-11 09:45:00,9,11,1
90.26,84.89760061338306,5.362399386616943,5.362399386616943,5.941058482846159,2025-11-11 10:00:00,10,11,1
81.77,81.86139543331151,-0.09139543331151856,0.09139543331151856,0.11177135050937821,2025-11-11 10:15:00,10,11,1
78.57,82.53782249784393,-3.9678224978439403,3.9678224978439403,5.050047725396386,2025-11-11 10:30:00,10,11,1
76.21,73.90474013607371,2.305259863926281,2.305259863926281,3.0248784463013796,2025-11-11 10:45:00,10,11,1
83.13,84.85205702680429,-1.7220570268042934,1.7220570268042934,2.071522948158659,2025-11-11 11:00:00,11,11,1
79.53,77.67857123911577,1.8514287608842324,1.8514287608842324,2.327962732156711,2025-11-11 11:15:00,11,11,1
76.27,76.27293189433729,-0.0029318943372942385,0.0029318943372942385,0.0038440990393263912,2025-11-11 11:30:00,11,11,1
74.71,74.0710532796106,0.6389467203893986,0.6389467203893986,0.8552358725597626,2025-11-11 11:45:00,11,11,1
78.12,82.08385799223615,-3.963857992236143,3.963857992236143,5.074062970092349,2025-11-11 12:00:00,12,11,1
76.92,77.05410244669494,-0.1341024466949392,0.1341024466949392,0.17434015430959335,2025-11-11 12:15:00,12,11,1
77.07,74.87624521848167,2.1937547815183223,2.1937547815183223,2.8464445069655153,2025-11-11 12:30:00,12,11,1
74.24,76.18935081950204,-1.949350819502044,1.949350819502044,2.6257419443723653,2025-11-11 12:45:00,12,11,1
74.72,78.36098354218873,-3.640983542188735,3.640983542188735,4.8728366463982,2025-11-11 13:00:00,13,11,1
72.8,75.68175092961994,-2.8817509296199404,2.8817509296199404,3.95844907914827,2025-11-11 13:15:00,13,11,1
71.79,74.80467379120216,-3.0146737912021564,3.0146737912021564,4.19929487561242,2025-11-11 13:30:00,13,11,1
73.22,71.42762000774431,1.7923799922556896,1.7923799922556896,2.447937711357129,2025-11-11 13:45:00,13,11,1
67.64,75.97444361533391,-8.33444361533391,8.33444361533391,12.321767615810039,2025-11-11 14:00:00,14,11,1
69.13,68.28383384251927,0.8461661574807238,0.8461661574807238,1.2240216367434165,2025-11-11 14:15:00,14,11,1
77.29,71.17785471698397,6.112145283016034,6.112145283016034,7.908067386487298,2025-11-11 14:30:00,14,11,1
77.89,80.5525787110889,-2.662578711088898,2.662578711088898,3.418383247000768,2025-11-11 14:45:00,14,11,1
63.45,73.7219743368675,-10.271974336867501,10.271974336867501,16.189084849278963,2025-11-11 15:00:00,15,11,1
78.21,65.56587282674592,12.644127173254077,12.644127173254077,16.166893201961486,2025-11-11 15:15:00,15,11,1
92.71,88.6760217863139,4.0339782136860975,4.0339782136860975,4.351179175586342,2025-11-11 15:30:00,15,11,1
90.88,93.78673329017883,-2.9067332901788347,2.9067332901788347,3.1984301168341056,2025-11-11 15:45:00,15,11,1
74.35,75.76004550049835,-1.4100455004983559,1.4100455004983559,1.8964969744429805,2025-11-11 16:00:00,16,11,1
78.84,85.15857311161571,-6.318573111615706,6.318573111615706,8.014425560141685,2025-11-11 16:15:00,16,11,1
70.7,95.16496002643362,-24.464960026433616,24.464960026433616,34.603903856341745,2025-11-11 16:30:00,16,11,1
64.15,74.0557319434104,-9.905731943410387,9.905731943410387,15.441515110538404,2025-11-11 16:45:00,16,11,1
100.88,55.76285087355119,45.11714912644881,45.11714912644881,44.72358160829581,2025-11-11 17:00:00,17,11,1
94.12,107.90476103496539,-13.784761034965385,13.784761034965385,14.645942451089445,2025-11-11 17:15:00,17,11,1
81.36,83.51068237213153,-2.150682372131527,2.150682372131527,2.6434149116660857,2025-11-11 17:30:00,17,11,1
59.45,72.77632624252064,-13.326326242520636,13.326326242520636,22.416023957141523,2025-11-11 17:45:00,17,11,1
64.5,94.36352441466063,-29.86352441466063,29.86352441466063,46.300037852187025,2025-11-11 18:00:00,18,11,1
51.3,69.76680015750995,-18.46680015750995,18.46680015750995,35.9976611257504,2025-11-11 18:15:00,18,11,1
48.97,49.53665643440071,-0.5666564344007128,0.5666564344007128,1.1571501621415414,2025-11-11 18:30:00,18,11,1
35.27,38.85610778362367,-3.5861077836236674,3.5861077836236674,10.167586571090634,2025-11-11 18:45:00,18,11,1
30.38,43.011577035294145,-12.631577035294146,12.631577035294146,41.578594586221676,2025-11-11 19:00:00,19,11,1
17.85,24.990245767375868,-7.140245767375866,7.140245767375866,40.00137684804406,2025-11-11 19:15:00,19,11,1
17.02,21.811478926242806,-4.791478926242807,4.791478926242807,28.152050095433644,2025-11-11 19:30:00,19,11,1
16.39,12.269130413421653,4.120869586578348,4.120869586578348,25.142584420856302,2025-11-11 19:45:00,19,11,1
16.26,17.06293099598488,-0.8029309959848767,0.8029309959848767,4.938075006057052,2025-11-11 20:00:00,20,11,1
15.87,8.876175349154291,6.993824650845708,6.993824650845708,44.06946849934284,2025-11-11 20:15:00,20,11,1
13.1,17.039071503394236,-3.9390715033942367,3.9390715033942367,30.069248117513258,2025-11-11 20:30:00,20,11,1
10.39,14.507789250647999,-4.1177892506479985,4.1177892506479985,39.632235328662155,2025-11-11 20:45:00,20,11,1
15.14,12.591502335149588,2.5484976648504123,2.5484976648504123,16.8328775749697,2025-11-11 21:00:00,21,11,1
14.6,17.18649362812512,-2.5864936281251207,2.5864936281251207,17.71570978167891,2025-11-11 21:15:00,21,11,1
11.37,13.462012015939699,-2.0920120159396998,2.0920120159396998,18.3994020751073,2025-11-11 21:30:00,21,11,1
10.0,10.030016390169717,-0.0300163901697168,0.0300163901697168,0.300163901697168,2025-11-11 21:45:00,21,11,1
9.31,15.734492100437524,-6.424492100437524,6.424492100437524,69.00635983284128,2025-11-11 22:00:00,22,11,1
8.02,11.302570100525422,-3.2825701005254224,3.2825701005254224,40.92980175218731,2025-11-11 22:15:00,22,11,1
6.37,7.560088817235098,-1.1900888172350976,1.1900888172350976,18.682712986422253,2025-11-11 22:30:00,22,11,1
5.35,7.339392817459363,-1.989392817459363,1.989392817459363,37.18491247587595,2025-11-11 22:45:00,22,11,1
6.34,7.106957047635483,-0.7669570476354828,0.7669570476354828,12.097114316017079,2025-11-11 23:00:00,23,11,1
5.43,7.447168400145387,-2.017168400145387,2.017168400145387,37.148589321277846,2025-11-11 23:15:00,23,11,1
4.99,5.817149650520172,-0.8271496505201714,0.8271496505201714,16.576145301005436,2025-11-11 23:30:00,23,11,1
4.01,5.836842343459473,-1.8268423434594734,1.8268423434594734,45.55716567230607,2025-11-11 23:45:00,23,11,1
6.61,8.32882937327432,-1.7188293732743203,1.7188293732743203,26.00347009492164,2025-11-12 00:00:00,0,11,2
6.16,9.215364399946598,-3.0553643999465976,3.0553643999465976,49.600071427704506,2025-11-12 00:15:00,0,11,2
5.42,8.596570963298742,-3.176570963298742,3.176570963298742,58.60832035606535,2025-11-12 00:30:00,0,11,2
4.99,7.362039474242401,-2.372039474242401,2.372039474242401,47.53586120726254,2025-11-12 00:45:00,0,11,2
5.35,10.553109159758847,-5.2031091597588475,5.2031091597588475,97.25437681792239,2025-11-12 01:00:00,1,11,2
5.0,8.588127216842953,-3.5881272168429525,3.5881272168429525,71.76254433685905,2025-11-12 01:15:00,1,11,2
4.6,7.817847967740413,-3.217847967740413,3.217847967740413,69.95321669000899,2025-11-12 01:30:00,1,11,2
4.46,7.6331515678113036,-3.1731515678113036,3.1731515678113036,71.1468961392669,2025-11-12 01:45:00,1,11,2
4.87,8.550654878878,-3.6806548788779994,3.6806548788779994,75.57812892973304,2025-11-12 02:00:00,2,11,2
4.56,8.329604902417003,-3.7696049024170035,3.7696049024170035,82.66677417581148,2025-11-12 02:15:00,2,11,2
4.36,7.838589178763677,-3.4785891787636762,3.4785891787636762,79.7841554762311,2025-11-12 02:30:00,2,11,2
4.28,7.880332505572589,-3.600332505572589,3.600332505572589,84.11991835449973,2025-11-12 02:45:00,2,11,2
4.37,8.67284450764981,-4.30284450764981,4.30284450764981,98.46326104461806,2025-11-12 03:00:00,3,11,2
4.35,8.177307893589528,-3.827307893589529,3.827307893589529,87.98408950780527,2025-11-12 03:15:00,3,11,2
4.19,8.148639160926098,-3.958639160926098,3.958639160926098,94.47826159728156,2025-11-12 03:30:00,3,11,2
4.12,8.062723497116888,-3.942723497116888,3.942723497116888,95.69717226011863,2025-11-12 03:45:00,3,11,2
4.34,8.584590423877156,-4.244590423877156,4.244590423877156,97.80162266998056,2025-11-12 04:00:00,4,11,2
4.28,8.679494121671699,-4.399494121671698,4.399494121671698,102.79191873064715,2025-11-12 04:15:00,4,11,2
4.29,8.394271343112283,-4.104271343112283,4.104271343112283,95.670660678608,2025-11-12 04:30:00,4,11,2
4.33,8.420396543325932,-4.090396543325932,4.090396543325932,94.46643287126864,2025-11-12 04:45:00,4,11,2
4.39,9.07629719860908,-4.68629719860908,4.68629719860908,106.749366710913,2025-11-12 05:00:00,5,11,2
4.44,8.85734836363844,-4.41734836363844,4.41734836363844,99.48982800987476,2025-11-12 05:15:00,5,11,2
5.29,8.684935293597025,-3.394935293597025,3.394935293597025,64.17647057839368,2025-11-12 05:30:00,5,11,2
6.14,9.374340008391652,-3.2343400083916523,3.2343400083916523,52.67654736794222,2025-11-12 05:45:00,5,11,2
10.0,10.467538482543034,-0.4675384825430342,0.4675384825430342,4.675384825430342,2025-11-12 06:00:00,6,11,2
10.14,13.817414804600283,-3.677414804600282,3.677414804600282,36.26641819132428,2025-11-12 06:15:00,6,11,2
10.11,13.972567678019768,-3.8625676780197686,3.8625676780197686,38.205417191095634,2025-11-12 06:30:00,6,11,2
9.8,14.072193601819624,-4.272193601819623,4.272193601819623,43.59381226346554,2025-11-12 06:45:00,6,11,2
10.4,16.95289834382929,-6.552898343829289,6.552898343829289,63.00863792143547,2025-11-12 07:00:00,7,11,2
10.39,14.817451000192964,-4.4274510001929634,4.4274510001929634,42.61261790368589,2025-11-12 07:15:00,7,11,2
10.0,14.554657247238694,-4.554657247238694,4.554657247238694,45.54657247238694,2025-11-12 07:30:00,7,11,2
8.82,13.88879725046042,-5.06879725046042,5.06879725046042,57.4693565811839,2025-11-12 07:45:00,7,11,2
11.67,7.939390495907041,3.7306095040929588,3.7306095040929588,31.967519315278135,2025-11-12 08:00:00,8,11,2
11.67,10.30300286267305,1.3669971373269494,1.3669971373269494,11.713771528080114,2025-11-12 08:15:00,8,11,2
11.66,9.402132093085559,2.2578679069144414,2.2578679069144414,19.364218755698467,2025-11-12 08:30:00,8,11,2
10.4,8.536792701031967,1.8632072989680335,1.8632072989680335,17.915454797769552,2025-11-12 08:45:00,8,11,2
10.4,11.898549327139992,-1.4985493271399921,1.4985493271399921,14.409128145576847,2025-11-12 09:00:00,9,11,2
10.39,10.01351816312184,0.3764818368781597,0.3764818368781597,3.623501798634839,2025-11-12 09:15:00,9,11,2
9.99,9.943242355645726,0.04675764435427432,0.04675764435427432,0.468044488030774,2025-11-12 09:30:00,9,11,2
8.47,8.385191832113147,0.08480816788685352,0.08480816788685352,1.0012770706830403,2025-11-12 09:45:00,9,11,2
10.4,8.788016209841857,1.6119837901581437,1.6119837901581437,15.499844136135998,2025-11-12 10:00:00,10,11,2
10.39,10.832463653722549,-0.44246365372254814,0.44246365372254814,4.258552971343101,2025-11-12 10:15:00,10,11,2
10.0,10.083412300214079,-0.08341230021407853,0.08341230021407853,0.8341230021407853,2025-11-12 10:30:00,10,11,2
9.04,8.56996076053376,0.4700392394662387,0.4700392394662387,5.199549109139809,2025-11-12 10:45:00,10,11,2
7.8,11.367730578229327,-3.5677305782293276,3.5677305782293276,45.740135618324715,2025-11-12 11:00:00,11,11,2
7.74,8.928702675466745,-1.188702675466745,1.188702675466745,15.357915703704714,2025-11-12 11:15:00,11,11,2
7.56,8.71885668233886,-1.1588566823388602,1.1588566823388602,15.32879209442937,2025-11-12 11:30:00,11,11,2
7.46,7.925058136161219,-0.46505813616121916,0.46505813616121916,6.234023272938595,2025-11-12 11:45:00,11,11,2
7.23,7.987163367826344,-0.7571633678263439,0.7571633678263439,10.472522376574602,2025-11-12 12:00:00,12,11,2
7.31,8.633060289450139,-1.3230602894501393,1.3230602894501393,18.099319965118184,2025-11-12 12:15:00,12,11,2
7.57,8.593350378277403,-1.023350378277403,1.023350378277403,13.51849905254165,2025-11-12 12:30:00,12,11,2
7.57,8.83918841027847,-1.2691884102784705,1.2691884102784705,16.76602919786619,2025-11-12 12:45:00,12,11,2
7.28,9.137033195015242,-1.8570331950152417,1.8570331950152417,25.508697733725842,2025-11-12 13:00:00,13,11,2
7.41,9.09188062447847,-1.6818806244784703,1.6818806244784703,22.697444324945618,2025-11-12 13:15:00,13,11,2
7.2,9.420569549684018,-2.2205695496840177,2.2205695496840177,30.841243745611358,2025-11-12 13:30:00,13,11,2
7.25,8.974069618914292,-1.7240696189142923,1.7240696189142923,23.780270605714378,2025-11-12 13:45:00,13,11,2
7.33,9.220103856808947,-1.8901038568089472,1.8901038568089472,25.785864349371725,2025-11-12 14:00:00,14,11,2
7.31,9.586798349884404,-2.2767983498844044,2.2767983498844044,31.14635225560061,2025-11-12 14:15:00,14,11,2
7.3,9.195874192767086,-1.895874192767086,1.895874192767086,25.970879352973782,2025-11-12 14:30:00,14,11,2
7.33,9.349782756249958,-2.019782756249958,2.019782756249958,27.55501713847146,2025-11-12 14:45:00,14,11,2
6.34,9.861692228049268,-3.521692228049268,3.521692228049268,55.54719602601369,2025-11-12 15:00:00,15,11,2
7.01,8.775635695395525,-1.7656356953955257,1.7656356953955257,25.18738509836699,2025-11-12 15:15:00,15,11,2
7.31,9.481967275487403,-2.171967275487403,2.171967275487403,29.71227463047063,2025-11-12 15:30:00,15,11,2
7.55,9.659646361127617,-2.1096463611276173,2.1096463611276173,27.942335908975064,2025-11-12 15:45:00,15,11,2
6.72,9.312942443050403,-2.5929424430504033,2.5929424430504033,38.58545302158338,2025-11-12 16:00:00,16,11,2
6.9,9.827093682749002,-2.9270936827490015,2.9270936827490015,42.42164757607249,2025-11-12 16:15:00,16,11,2
6.89,9.938929401328757,-3.048929401328757,3.048929401328757,44.2515152587628,2025-11-12 16:30:00,16,11,2
6.73,9.90989443843371,-3.17989443843371,3.17989443843371,47.24954589054546,2025-11-12 16:45:00,16,11,2
6.13,9.03136204763561,-2.901362047635611,2.901362047635611,47.3305391131421,2025-11-12 17:00:00,17,11,2
5.69,9.322354562813736,-3.6323545628137355,3.6323545628137355,63.83751428495141,2025-11-12 17:15:00,17,11,2
5.68,8.938153945692576,-3.2581539456925768,3.2581539456925768,57.36186524106649,2025-11-12 17:30:00,17,11,2
5.68,8.95795938994847,-3.277959389948471,3.277959389948471,57.71055263993787,2025-11-12 17:45:00,17,11,2
6.25,8.960752332031078,-2.7107523320310776,2.7107523320310776,43.37203731249724,2025-11-12 18:00:00,18,11,2
5.94,9.576277037993776,-3.636277037993776,3.636277037993776,61.21678515141037,2025-11-12 18:15:00,18,11,2
5.0,9.522056282507968,-4.522056282507968,4.522056282507968,90.44112565015936,2025-11-12 18:30:00,18,11,2
4.82,8.783725511130356,-3.963725511130356,3.963725511130356,82.2349691105883,2025-11-12 18:45:00,18,11,2
5.75,4.961526774515761,0.788473225484239,0.788473225484239,13.712577834508505,2025-11-12 19:00:00,19,11,2
4.99,5.180945153386276,-0.19094515338627538,0.19094515338627538,3.826556180085679,2025-11-12 19:15:00,19,11,2
4.6,3.6692050827870375,0.9307949172129621,0.9307949172129621,20.234672113325267,2025-11-12 19:30:00,19,11,2
3.75,3.9727580416936803,-0.2227580416936803,0.2227580416936803,5.940214445164807,2025-11-12 19:45:00,19,11,2
4.0,3.9567005695803985,0.04329943041960149,0.04329943041960149,1.0824857604900373,2025-11-12 20:00:00,20,11,2
2.79,2.916194813382731,-0.12619481338273086,0.12619481338273086,4.523111590778884,2025-11-12 20:15:00,20,11,2
2.36,1.983563219096503,0.37643678090349697,0.37643678090349697,15.950711055232924,2025-11-12 20:30:00,20,11,2
1.97,1.295893299095944,0.674106700904056,0.674106700904056,34.21861425908914,2025-11-12 20:45:00,20,11,2
2.35,1.671532357194316,0.6784676428056842,0.6784676428056842,28.870963523646132,2025-11-12 21:00:00,21,11,2
2.17,0.7345319712800844,1.4354680287199155,1.4354680287199155,66.15060040183943,2025-11-12 21:15:00,21,11,2
1.86,1.0301084615711886,0.8298915384288115,0.8298915384288115,44.61782464671029,2025-11-12 21:30:00,21,11,2
1.45,0.7298624461791334,0.7201375538208665,0.7201375538208665,49.66465888419769,2025-11-12 21:45:00,21,11,2
1.52,1.0067678809729728,0.5132321190270273,0.5132321190270273,33.765270988620216,2025-11-12 22:00:00,22,11,2
1.23,0.6653833572071406,0.5646166427928594,0.5646166427928594,45.90379209698044,2025-11-12 22:15:00,22,11,2
0.22,0.2540002452744261,-0.034000245274426105,0.034000245274426105,15.454656942920957,2025-11-12 22:30:00,22,11,2
0.0,-0.7202400905464756,0.7202400905464756,0.7202400905464756,,2025-11-12 22:45:00,22,11,2
0.0,-0.25616778431210463,0.25616778431210463,0.25616778431210463,,2025-11-12 23:00:00,23,11,2
-0.01,-0.7632340838820326,0.7532340838820326,0.7532340838820326,7532.340838820326,2025-11-12 23:30:00,23,11,2
-0.01,-0.8901364975663526,0.8801364975663526,0.8801364975663526,8801.364975663526,2025-11-12 23:45:00,23,11,2
0.0,1.087590678431262,-1.087590678431262,1.087590678431262,,2025-11-13 00:00:00,0,11,3
0.0,1.2085233788722007,-1.2085233788722007,1.2085233788722007,,2025-11-13 00:15:00,0,11,3
0.02,1.1408787066891009,-1.1208787066891008,1.1208787066891008,5604.3935334455045,2025-11-13 01:00:00,1,11,3
0.49,1.441258693146878,-0.951258693146878,0.951258693146878,194.13442717283226,2025-11-13 01:15:00,1,11,3
0.44,1.180579074679379,-0.740579074679379,0.740579074679379,168.31342606349523,2025-11-13 01:30:00,1,11,3
0.35,2.1097729586312113,-1.7597729586312112,1.7597729586312112,502.79227389463176,2025-11-13 01:45:00,1,11,3
0.36,1.720999143917382,-1.360999143917382,1.360999143917382,378.05531775482837,2025-11-13 02:00:00,2,11,3
0.37,2.4617088258815514,-2.0917088258815513,2.0917088258815513,565.3267096977165,2025-11-13 02:15:00,2,11,3
0.3,2.072114424347241,-1.7721144243472409,1.7721144243472409,590.704808115747,2025-11-13 02:30:00,2,11,3
0.21,1.9851648919537368,-1.7751648919537368,1.7751648919537368,845.3166152160652,2025-11-13 02:45:00,2,11,3
0.21,2.4276901729196183,-2.2176901729196183,2.2176901729196183,1056.0429394855325,2025-11-13 03:00:00,3,11,3
0.17,2.406980056364219,-2.236980056364219,2.236980056364219,1315.870621390717,2025-11-13 03:15:00,3,11,3
0.18,2.318593354946792,-2.1385933549467917,2.1385933549467917,1188.1074194148844,2025-11-13 03:30:00,3,11,3
0.16,2.2687001432785365,-2.1087001432785364,2.1087001432785364,1317.9375895490853,2025-11-13 03:45:00,3,11,3
0.13,2.7728084480677566,-2.6428084480677567,2.6428084480677567,2032.9295754367358,2025-11-13 04:00:00,4,11,3
0.83,2.7184434194564346,-1.8884434194564346,1.8884434194564346,227.52330354896802,2025-11-13 04:15:00,4,11,3
1.29,2.7464783086729625,-1.4564783086729625,1.4564783086729625,112.90529524596609,2025-11-13 04:30:00,4,11,3
1.5,3.6039345559751226,-2.1039345559751226,2.1039345559751226,140.26230373167482,2025-11-13 04:45:00,4,11,3
1.28,4.183936264265931,-2.9039362642659308,2.9039362642659308,226.87002064577584,2025-11-13 05:00:00,5,11,3
1.8,4.677294966602979,-2.877294966602979,2.877294966602979,159.84972036683217,2025-11-13 05:15:00,5,11,3
1.57,5.0502562437967455,-3.4802562437967453,3.4802562437967453,221.6723722163532,2025-11-13 05:30:00,5,11,3
1.75,4.677478106282699,-2.927478106282699,2.927478106282699,167.28446321615422,2025-11-13 05:45:00,5,11,3
3.0,4.820946748533288,-1.820946748533288,1.820946748533288,60.6982249511096,2025-11-13 06:00:00,6,11,3
3.76,6.546008940823036,-2.786008940823036,2.786008940823036,74.09598246869777,2025-11-13 06:15:00,6,11,3
4.27,6.480020368076232,-2.2100203680762327,2.2100203680762327,51.75691728515768,2025-11-13 06:30:00,6,11,3
4.85,7.163469514712638,-2.3134695147126383,2.3134695147126383,47.70040236520904,2025-11-13 06:45:00,6,11,3
9.67,8.915538865731396,0.7544611342686043,0.7544611342686043,7.802079982095184,2025-11-13 07:00:00,7,11,3
12.45,13.001410667579577,-0.551410667579578,0.551410667579578,4.429001346020707,2025-11-13 07:15:00,7,11,3
12.93,14.683622935309863,-1.7536229353098634,1.7536229353098634,13.562435694585176,2025-11-13 07:30:00,7,11,3
13.3,14.802578543695237,-1.5025785436952361,1.5025785436952361,11.297583035302527,2025-11-13 07:45:00,7,11,3
13.43,13.492299041647467,-0.062299041647467135,0.062299041647467135,0.46387968464234647,2025-11-13 08:00:00,8,11,3
13.47,12.568804513675268,0.9011954863247329,0.9011954863247329,6.6903896534872525,2025-11-13 08:15:00,8,11,3
13.24,10.971206956520813,2.268793043479187,2.268793043479187,17.135899119933438,2025-11-13 08:30:00,8,11,3
13.07,10.752440521535217,2.3175594784647835,2.3175594784647835,17.731901135920303,2025-11-13 08:45:00,8,11,3
13.62,11.479447421612644,2.1405525783873554,2.1405525783873554,15.716245068923316,2025-11-13 09:00:00,9,11,3
13.62,12.005771947716603,1.614228052283396,1.614228052283396,11.85189465699997,2025-11-13 09:15:00,9,11,3
12.95,11.72401979900469,1.2259802009953091,1.2259802009953091,9.467028579114357,2025-11-13 09:30:00,9,11,3
20.11,11.163583632211957,8.946416367788043,8.946416367788043,44.48740113271031,2025-11-13 09:45:00,9,11,3
26.55,19.44849239031856,7.101507609681441,7.101507609681441,26.747674612736123,2025-11-13 10:00:00,10,11,3
24.35,23.74760183091955,0.6023981690804519,0.6023981690804519,2.4739144520757774,2025-11-13 10:15:00,10,11,3
22.93,19.884137345206714,3.045862654793286,3.045862654793286,13.283308568658029,2025-11-13 10:30:00,10,11,3
20.15,26.225513204290834,-6.075513204290836,6.075513204290836,30.151430294247326,2025-11-13 10:45:00,10,11,3
24.34,25.360062206718638,-1.020062206718638,1.020062206718638,4.190888277397856,2025-11-13 11:00:00,11,11,3
18.37,22.953056623661347,-4.583056623661346,4.583056623661346,24.948593487541345,2025-11-13 11:15:00,11,11,3
19.72,16.90641071448487,2.8135892855151283,2.8135892855151283,14.267694145614243,2025-11-13 11:30:00,11,11,3
23.09,17.763169889892758,5.326830110107242,5.326830110107242,23.0698575578486,2025-11-13 11:45:00,11,11,3
20.73,27.226733861867288,-6.496733861867288,6.496733861867288,31.339767785177457,2025-11-13 12:00:00,12,11,3
22.84,15.66731949221375,7.17268050778625,7.17268050778625,31.404030244248034,2025-11-13 12:15:00,12,11,3
24.79,23.78330940138105,1.006690598618949,1.006690598618949,4.060873733840052,2025-11-13 12:30:00,12,11,3
25.21,27.367009687107142,-2.1570096871071414,2.1570096871071414,8.55616694608148,2025-11-13 12:45:00,12,11,3
24.87,23.15545513622423,1.714544863775771,1.714544863775771,6.89402840279763,2025-11-13 13:00:00,13,11,3
14.11,26.49617629660536,-12.38617629660536,12.38617629660536,87.78296454008051,2025-11-13 13:15:00,13,11,3
14.24,16.775113412331322,-2.535113412331322,2.535113412331322,17.802762727045803,2025-11-13 13:30:00,13,11,3
14.6,17.89393600291534,-3.2939360029153395,3.2939360029153395,22.561205499420133,2025-11-13 13:45:00,13,11,3
14.09,18.019048452363705,-3.9290484523637055,3.9290484523637055,27.885368717982296,2025-11-13 14:00:00,14,11,3
14.41,7.647515079870459,6.762484920129541,6.762484920129541,46.92911117369564,2025-11-13 14:15:00,14,11,3
14.44,16.16032753636449,-1.7203275363644916,1.7203275363644916,11.913625598092048,2025-11-13 14:30:00,14,11,3
14.37,16.368092665776686,-1.9980926657766869,1.9980926657766869,13.904611452864907,2025-11-13 14:45:00,14,11,3
13.78,15.831286324706912,-2.051286324706913,2.051286324706913,14.885967523272228,2025-11-13 15:00:00,15,11,3
13.98,15.982151395270368,-2.002151395270367,2.002151395270367,14.321540738700767,2025-11-13 15:15:00,15,11,3
13.72,16.10577941972549,-2.3857794197254893,2.3857794197254893,17.38906282598753,2025-11-13 15:30:00,15,11,3
13.75,15.763486792704374,-2.0134867927043736,2.0134867927043736,14.643540310577263,2025-11-13 15:45:00,15,11,3
14.28,15.714375629076557,-1.4343756290765572,1.4343756290765572,10.044647262440877,2025-11-13 16:00:00,16,11,3
14.14,16.858995676751157,-2.718995676751156,2.718995676751156,19.22910662483137,2025-11-13 16:15:00,16,11,3
14.15,16.296143882057095,-2.1461438820570944,2.1461438820570944,15.167094572841656,2025-11-13 16:30:00,16,11,3
14.28,16.570435316381086,-2.290435316381087,2.290435316381087,16.039462999867556,2025-11-13 16:45:00,16,11,3
14.62,17.576723377900798,-2.956723377900799,2.956723377900799,20.22382611423255,2025-11-13 17:00:00,17,11,3
14.61,17.359441802895077,-2.7494418028950776,2.7494418028950776,18.81890351057548,2025-11-13 17:15:00,17,11,3
14.54,17.405960353931654,-2.865960353931655,2.865960353931655,19.710869009158564,2025-11-13 17:30:00,17,11,3
14.52,17.462822023046016,-2.9428220230460163,2.9428220230460163,20.26736930472463,2025-11-13 17:45:00,17,11,3
14.51,18.168861387723943,-3.6588613877239435,3.6588613877239435,25.216136373011327,2025-11-13 18:00:00,18,11,3
14.52,17.888303472094186,-3.368303472094187,3.368303472094187,23.197682314698255,2025-11-13 18:15:00,18,11,3
14.32,17.837355862240287,-3.5173558622402865,3.5173558622402865,24.562540937432168,2025-11-13 18:30:00,18,11,3
14.19,17.6537480357689,-3.4637480357688997,3.4637480357688997,24.40978178836434,2025-11-13 18:45:00,18,11,3
13.78,13.248852616684832,0.531147383315167,0.531147383315167,3.8544802853060016,2025-11-13 19:00:00,19,11,3
13.6,12.906219939113736,0.6937800608862634,0.6937800608862634,5.101323977104879,2025-11-13 19:15:00,19,11,3
13.49,12.58089108616727,0.9091089138327302,0.9091089138327302,6.739132052132915,2025-11-13 19:30:00,19,11,3
13.14,12.495966844265247,0.6440331557347534,0.6440331557347534,4.901317775759158,2025-11-13 19:45:00,19,11,3
11.66,11.60626447899401,0.053735521005989995,0.053735521005989995,0.4608535249227272,2025-11-13 20:00:00,20,11,3
10.39,10.414428936913186,-0.024428936913185595,0.024428936913185595,0.23511970080063133,2025-11-13 20:15:00,20,11,3
9.99,9.547692649375406,0.4423073506245938,0.4423073506245938,4.427501007253191,2025-11-13 20:30:00,20,11,3
5.0,9.171809351297124,-4.171809351297124,4.171809351297124,83.43618702594249,2025-11-13 20:45:00,20,11,3
5.0,3.3132468604828986,1.6867531395171014,1.6867531395171014,33.73506279034203,2025-11-13 21:00:00,21,11,3
5.0,4.137497038346773,0.8625029616532274,0.8625029616532274,17.250059233064547,2025-11-13 21:15:00,21,11,3
4.99,4.709904296117749,0.28009570388225136,0.28009570388225136,5.6131403583617505,2025-11-13 21:30:00,21,11,3
4.99,0.3220777293871535,4.667922270612847,4.667922270612847,93.54553648522739,2025-11-13 21:45:00,21,11,3
4.86,3.9867230568717886,0.8732769431282117,0.8732769431282117,17.968661381238924,2025-11-13 22:00:00,22,11,3
4.56,3.8729854672110307,0.687014532788969,0.687014532788969,15.066108175196687,2025-11-13 22:15:00,22,11,3
4.13,3.6035117115267,0.5264882884733,0.5264882884733,12.747900447295399,2025-11-13 22:30:00,22,11,3
4.08,3.2585960459546612,0.8214039540453388,0.8214039540453388,20.13244985405242,2025-11-13 22:45:00,22,11,3
4.04,3.2636513922729264,0.7763486077270736,0.7763486077270736,19.216549696214695,2025-11-13 23:00:00,23,11,3
4.01,3.0492158655613295,0.9607841344386703,0.9607841344386703,23.95970410071497,2025-11-13 23:15:00,23,11,3
4.0,2.8376456678403486,1.1623543321596514,1.1623543321596514,29.058858303991286,2025-11-13 23:30:00,23,11,3
3.21,3.1057750804130464,0.10422491958695357,0.10422491958695357,3.246882230123164,2025-11-13 23:45:00,23,11,3
3.24,4.439080766438273,-1.1990807664382732,1.1990807664382732,37.0086656308109,2025-11-14 00:00:00,0,11,4
3.34,4.5968946650115825,-1.2568946650115826,1.2568946650115826,37.631576796753976,2025-11-14 00:15:00,0,11,4
3.16,4.692347378479859,-1.5323473784798587,1.5323473784798587,48.49200564809679,2025-11-14 00:30:00,0,11,4
3.06,3.783544469560404,-0.7235444695604039,0.7235444695604039,23.645244103281172,2025-11-14 00:45:00,0,11,4
3.03,4.655431868512601,-1.6254318685126008,1.6254318685126008,53.64461612252808,2025-11-14 01:00:00,1,11,4
3.03,4.714141739890515,-1.684141739890515,1.684141739890515,55.582235639950994,2025-11-14 01:15:00,1,11,4
3.04,4.477405237775265,-1.4374052377752653,1.4374052377752653,47.28306703208109,2025-11-14 01:30:00,1,11,4
3.25,4.528867756725546,-1.2788677567255462,1.2788677567255462,39.349777130016804,2025-11-14 01:45:00,1,11,4
3.2,5.147738242757633,-1.9477382427576329,1.9477382427576329,60.86682008617602,2025-11-14 02:00:00,2,11,4
3.31,5.096156516039343,-1.7861565160393433,1.7861565160393433,53.962432508741486,2025-11-14 02:15:00,2,11,4
3.35,5.215686164055747,-1.8656861640557465,1.8656861640557465,55.69212430017153,2025-11-14 02:30:00,2,11,4
3.53,5.430377380589142,-1.9003773805891426,1.9003773805891426,53.83505327447996,2025-11-14 02:45:00,2,11,4
3.47,5.809936151076329,-2.3399361510763286,2.3399361510763286,67.43331847482214,2025-11-14 03:00:00,3,11,4
3.46,5.872729848577514,-2.4127298485775137,2.4127298485775137,69.73207654848306,2025-11-14 03:15:00,3,11,4
3.48,5.834032225061044,-2.354032225061044,2.354032225061044,67.64460416842081,2025-11-14 03:30:00,3,11,4
3.55,6.002130847499224,-2.452130847499224,2.452130847499224,69.07410838025983,2025-11-14 03:45:00,3,11,4
4.0,6.307649991268455,-2.3076499912684554,2.3076499912684554,57.691249781711385,2025-11-14 04:00:00,4,11,4
4.12,6.743087426983095,-2.623087426983095,2.623087426983095,63.66717055784211,2025-11-14 04:15:00,4,11,4
4.67,6.815244565410758,-2.145244565410758,2.145244565410758,45.93671446275713,2025-11-14 04:30:00,4,11,4
5.21,7.351796228960431,-2.1417962289604313,2.1417962289604313,41.10933260960521,2025-11-14 04:45:00,4,11,4
11.67,8.538107909237947,3.1318920907620527,3.1318920907620527,26.837121600360348,2025-11-14 05:00:00,5,11,4
13.61,14.19434189350859,-0.58434189350859,0.58434189350859,4.2934746032960325,2025-11-14 05:15:00,5,11,4
15.3,15.416544199294364,-0.11654419929436344,0.11654419929436344,0.7617267927736172,2025-11-14 05:30:00,5,11,4
16.13,16.81495876463304,-0.6849587646330413,0.6849587646330413,4.246489551351775,2025-11-14 05:45:00,5,11,4
15.13,23.218408000460002,-8.088408000460001,8.088408000460001,53.45940515836087,2025-11-14 06:00:00,6,11,4
16.37,19.195550000745254,-2.8255500007452525,2.8255500007452525,17.260537573275826,2025-11-14 06:15:00,6,11,4
35.51,20.734477685529654,14.775522314470344,14.775522314470344,41.60946864114431,2025-11-14 06:30:00,6,11,4
44.65,37.87813628756912,6.7718637124308785,6.7718637124308785,15.166548068154265,2025-11-14 06:45:00,6,11,4
46.28,41.54312515918957,4.7368748408104295,4.7368748408104295,10.235252465018215,2025-11-14 07:00:00,7,11,4
59.9,43.27637246875002,16.62362753124998,16.62362753124998,27.752299718280433,2025-11-14 07:15:00,7,11,4
88.48,72.83147781146197,15.648522188538038,15.648522188538038,17.6859427989806,2025-11-14 07:30:00,7,11,4
98.38,91.52257271509131,6.857427284908681,6.857427284908681,6.970346904765888,2025-11-14 07:45:00,7,11,4
73.86,84.30578227909987,-10.445782279099873,10.445782279099873,14.142678417411148,2025-11-14 08:00:00,8,11,4
95.03,71.08591927621538,23.944080723784623,23.944080723784623,25.196338760164817,2025-11-14 08:15:00,8,11,4
94.72,112.30634575701666,-17.58634575701666,17.58634575701666,18.566665706309816,2025-11-14 08:30:00,8,11,4
82.95,95.82070283197007,-12.870702831970064,12.870702831970064,15.516218001169454,2025-11-14 08:45:00,8,11,4
91.89,55.53958436045717,36.35041563954283,36.35041563954283,39.55861969696684,2025-11-14 09:00:00,9,11,4
84.59,104.31273423137523,-19.722734231375227,19.722734231375227,23.315680613991283,2025-11-14 09:15:00,9,11,4
84.21,79.90750103704445,4.302498962955539,4.302498962955539,5.109249451318774,2025-11-14 09:30:00,9,11,4
72.27,70.06970258397241,2.200297416027581,2.200297416027581,3.0445515650028803,2025-11-14 09:45:00,9,11,4
83.86,77.04315796685681,6.816842033143189,6.816842033143189,8.128836195019305,2025-11-14 10:00:00,10,11,4
80.49,76.71637529560273,3.773624704397264,3.773624704397264,4.688314951419138,2025-11-14 10:15:00,10,11,4
73.12,76.3559697560526,-3.2359697560525973,3.2359697560525973,4.425560388474558,2025-11-14 10:30:00,10,11,4
72.66,59.136228941766795,13.523771058233201,13.523771058233201,18.61240167662153,2025-11-14 10:45:00,10,11,4
77.22,80.73531299618375,-3.515312996183752,3.515312996183752,4.552334882392842,2025-11-14 11:00:00,11,11,4
73.94,73.25915048205967,0.6808495179403309,0.6808495179403309,0.9208135216937123,2025-11-14 11:15:00,11,11,4
73.26,64.85187750572398,8.408122494276029,8.408122494276029,11.47709868178546,2025-11-14 11:30:00,11,11,4
70.98,69.92367534446026,1.0563246555397399,1.0563246555397399,1.488200416370442,2025-11-14 11:45:00,11,11,4
70.7,73.2534063938403,-2.553406393840291,2.553406393840291,3.6116073463087566,2025-11-14 12:00:00,12,11,4
68.37,67.04087416116212,1.3291258388378822,1.3291258388378822,1.9440190709929532,2025-11-14 12:15:00,12,11,4
68.01,66.72974475518441,1.2802552448155922,1.2802552448155922,1.8824514701008557,2025-11-14 12:30:00,12,11,4
71.1,65.24103302484018,5.858966975159817,5.858966975159817,8.240459880674848,2025-11-14 12:45:00,12,11,4
68.34,70.16764996046732,-1.827649960467312,1.827649960467312,2.674348786168147,2025-11-14 13:00:00,13,11,4
67.15,65.0935753602291,2.05642463977091,2.05642463977091,3.0624343109023227,2025-11-14 13:15:00,13,11,4
69.92,65.90972785612882,4.010272143871177,4.010272143871177,5.735515079907289,2025-11-14 13:30:00,13,11,4
75.73,71.86528836037235,3.8647116396276573,3.8647116396276573,5.103276957120899,2025-11-14 13:45:00,13,11,4
68.14,72.27550714710996,-4.135507147109962,4.135507147109962,6.069132883930088,2025-11-14 14:00:00,14,11,4
70.7,65.02939287147925,5.670607128520757,5.670607128520757,8.020660719265567,2025-11-14 14:15:00,14,11,4
63.27,72.44400666679769,-9.174006666797688,9.174006666797688,14.499773457875275,2025-11-14 14:30:00,14,11,4
70.24,68.5680708611705,1.6719291388294977,1.6719291388294977,2.3803091384246837,2025-11-14 14:45:00,14,11,4
72.63,65.36272722364046,7.267272776359533,7.267272776359533,10.005882935921154,2025-11-14 15:00:00,15,11,4
67.91,74.40192987280093,-6.491929872800938,6.491929872800938,9.559608117804357,2025-11-14 15:15:00,15,11,4
74.06,60.77133694057743,13.288663059422575,13.288663059422575,17.943104320041282,2025-11-14 15:30:00,15,11,4
79.06,79.68918173363605,-0.6291817336360452,0.6291817336360452,0.7958281477814889,2025-11-14 15:45:00,15,11,4
72.91,80.51215866654522,-7.602158666545222,7.602158666545222,10.426770904601868,2025-11-14 16:00:00,16,11,4
73.94,67.72731841809528,6.212681581904718,6.212681581904718,8.40232834988466,2025-11-14 16:15:00,16,11,4
60.18,79.23016256547544,-19.05016256547544,19.05016256547544,31.655305027376933,2025-11-14 16:30:00,16,11,4
70.37,66.50178522341378,3.8682147765862283,3.8682147765862283,5.496965719178951,2025-11-14 16:45:00,16,11,4
77.2,69.40480659432814,7.795193405671867,7.795193405671867,10.09740078454905,2025-11-14 17:00:00,17,11,4
76.38,79.38143476932137,-3.001434769321378,3.001434769321378,3.9296082342516083,2025-11-14 17:15:00,17,11,4
72.99,63.54448302319711,9.445516976802885,9.445516976802885,12.940837069191513,2025-11-14 17:30:00,17,11,4
57.38,80.26480136979205,-22.88480136979205,22.88480136979205,39.88288841023362,2025-11-14 17:45:00,17,11,4
57.19,65.87623623813116,-8.686236238131158,8.686236238131158,15.188383000753905,2025-11-14 18:00:00,18,11,4
49.91,62.83748139764991,-12.927481397649913,12.927481397649913,25.90158564946887,2025-11-14 18:15:00,18,11,4
48.01,53.28040101198503,-5.2704010119850295,5.2704010119850295,10.977715084326244,2025-11-14 18:30:00,18,11,4
41.18,40.71216386649044,0.46783613350955733,0.46783613350955733,1.136076089144141,2025-11-14 18:45:00,18,11,4
43.99,41.792428068276315,2.1975719317236866,2.1975719317236866,4.995617030515314,2025-11-14 19:00:00,19,11,4
35.33,39.056677582396034,-3.726677582396036,3.726677582396036,10.548195817707432,2025-11-14 19:15:00,19,11,4
25.99,33.99511352972115,-8.005113529721154,8.005113529721154,30.800744631478082,2025-11-14 19:30:00,19,11,4
16.82,21.87930568312738,-5.059305683127381,5.059305683127381,30.079106320614628,2025-11-14 19:45:00,19,11,4
17.7,22.51214667625886,-4.812146676258859,4.812146676258859,27.187269357394683,2025-11-14 20:00:00,20,11,4
16.79,14.84203177234966,1.947968227650339,1.947968227650339,11.601954899644664,2025-11-14 20:15:00,20,11,4
16.53,11.486391157925155,5.043608842074846,5.043608842074846,30.51185022428824,2025-11-14 20:30:00,20,11,4
15.71,9.766648270549375,5.943351729450626,5.943351729450626,37.831646909297426,2025-11-14 20:45:00,20,11,4
16.29,16.552433754755132,-0.26243375475513275,0.26243375475513275,1.61101138585103,2025-11-14 21:00:00,21,11,4
16.07,15.761289368160924,0.30871063183907665,0.30871063183907665,1.9210369125020326,2025-11-14 21:15:00,21,11,4
15.38,15.865384892550523,-0.4853848925505222,0.4853848925505222,3.1559485861542407,2025-11-14 21:30:00,21,11,4
14.44,14.68351842016812,-0.24351842016812064,0.24351842016812064,1.6864156521337996,2025-11-14 21:45:00,21,11,4
14.68,15.053397822588899,-0.373397822588899,0.373397822588899,2.5435818977445437,2025-11-14 22:00:00,22,11,4
13.53,14.777970237499403,-1.2479702374994037,1.2479702374994037,9.22372681078643,2025-11-14 22:15:00,22,11,4
13.43,13.122709974917207,0.3072900250827928,0.3072900250827928,2.2880865605569083,2025-11-14 22:30:00,22,11,4
13.22,12.838748855861073,0.38125114413892724,0.38125114413892724,2.8838967030176037,2025-11-14 22:45:00,22,11,4
12.85,13.696511880030208,-0.8465118800302083,0.8465118800302083,6.587641089729248,2025-11-14 23:00:00,23,11,4
12.65,12.12683425870226,0.5231657412977402,0.5231657412977402,4.13569755966593,2025-11-14 23:15:00,23,11,4
11.84,12.759861430399965,-0.9198614303999655,0.9198614303999655,7.769099918918627,2025-11-14 23:30:00,23,11,4
11.34,11.9215510786189,-0.5815510786189009,0.5815510786189009,5.128316389937398,2025-11-14 23:45:00,23,11,4
12.68,10.446199572561255,2.2338004274387444,2.2338004274387444,17.616722613870227,2025-11-15 00:00:00,0,11,5
12.51,11.855495915106392,0.6545040848936079,0.6545040848936079,5.231847201387753,2025-11-15 00:15:00,0,11,5
11.73,10.83525525583596,0.8947447441640399,0.8947447441640399,7.627832431065984,2025-11-15 00:30:00,0,11,5
11.35,10.28104817139414,1.0689518286058597,1.0689518286058597,9.418077785073654,2025-11-15 00:45:00,0,11,5
10.4,12.245370939201138,-1.8453709392011373,1.8453709392011373,17.74395133847247,2025-11-15 01:00:00,1,11,5
5.0,10.270817313770188,-5.270817313770188,5.270817313770188,105.41634627540375,2025-11-15 01:15:00,1,11,5
4.9,4.826699365949565,0.07330063405043497,0.07330063405043497,1.495931307151734,2025-11-15 01:30:00,1,11,5
4.78,5.949104181601427,-1.1691041816014272,1.1691041816014272,24.458246477017305,2025-11-15 01:45:00,1,11,5
5.0,5.862134111916895,-0.8621341119168946,0.8621341119168946,17.242682238337892,2025-11-15 02:00:00,2,11,5
4.99,1.722979364177526,3.2670206358224743,3.2670206358224743,65.47135542730409,2025-11-15 02:15:00,2,11,5
4.79,5.588514987294452,-0.7985149872944524,0.7985149872944524,16.670459024936374,2025-11-15 02:30:00,2,11,5
4.79,5.360056886695013,-0.5700568866950126,0.5700568866950126,11.900978845407362,2025-11-15 02:45:00,2,11,5
4.88,6.319731773489636,-1.439731773489636,1.439731773489636,29.502700276426967,2025-11-15 03:00:00,3,11,5
4.79,6.222193554111513,-1.432193554111513,1.432193554111513,29.899656662035763,2025-11-15 03:15:00,3,11,5
4.79,5.945706376484495,-1.1557063764844946,1.1557063764844946,24.127481763768156,2025-11-15 03:30:00,3,11,5
4.49,6.108766970209146,-1.6187669702091458,1.6187669702091458,36.052716485727075,2025-11-15 03:45:00,3,11,5
4.76,6.618556562152449,-1.8585565621524491,1.8585565621524491,39.04530592757246,2025-11-15 04:00:00,4,11,5
4.79,6.778327796414395,-1.9883277964143948,1.9883277964143948,41.50997487295188,2025-11-15 04:15:00,4,11,5
4.79,6.871020385590235,-2.081020385590235,2.081020385590235,43.445101995620774,2025-11-15 04:30:00,4,11,5
4.97,6.58366799227948,-1.6136679922794803,1.6136679922794803,32.46816885874206,2025-11-15 04:45:00,4,11,5
4.79,7.788474775886407,-2.9984747758864065,2.9984747758864065,62.59863832748239,2025-11-15 05:00:00,5,11,5
4.82,7.3890902927387,-2.5690902927387,2.5690902927387,53.30062848005601,2025-11-15 05:15:00,5,11,5
4.91,7.456109962600991,-2.5461099626009904,2.5461099626009904,51.85560005297333,2025-11-15 05:30:00,5,11,5
5.0,7.701993026143178,-2.701993026143178,2.701993026143178,54.039860522863556,2025-11-15 05:45:00,5,11,5
5.0,7.90500908796097,-2.90500908796097,2.90500908796097,58.100181759219396,2025-11-15 06:00:00,6,11,5
5.29,8.0734956683282,-2.7834956683281993,2.7834956683281993,52.61806556386009,2025-11-15 06:15:00,6,11,5
5.57,8.321882030787162,-2.7518820307871614,2.7518820307871614,49.405422455783864,2025-11-15 06:30:00,6,11,5
5.77,8.488977258615524,-2.7189772586155243,2.7189772586155243,47.12265612851862,2025-11-15 06:45:00,6,11,5
5.61,8.960765142655234,-3.3507651426552334,3.3507651426552334,59.728433915423054,2025-11-15 07:00:00,7,11,5
5.91,8.97798953113005,-3.067989531130049,3.067989531130049,51.91183639813958,2025-11-15 07:15:00,7,11,5
5.96,9.172800196722491,-3.2128001967224913,3.2128001967224913,53.90604356916931,2025-11-15 07:30:00,7,11,5
6.28,9.069777573651514,-2.789777573651514,2.789777573651514,44.423209771520916,2025-11-15 07:45:00,7,11,5
6.11,9.454143724848201,-3.344143724848201,3.344143724848201,54.73230318900492,2025-11-15 08:00:00,8,11,5
6.24,9.526092344587543,-3.2860923445875425,3.2860923445875425,52.66173629146702,2025-11-15 08:15:00,8,11,5
6.23,9.495641693929905,-3.265641693929904,3.265641693929904,52.41800471797598,2025-11-15 08:30:00,8,11,5
6.28,9.74830322378262,-3.4683032237826206,3.4683032237826206,55.22775834048759,2025-11-15 08:45:00,8,11,5
6.02,9.553124253344588,-3.533124253344589,3.533124253344589,58.68977165024234,2025-11-15 09:00:00,9,11,5
6.2,9.5542980529688,-3.3542980529688,3.3542980529688,54.101581499496774,2025-11-15 09:15:00,9,11,5
6.21,9.62807592508592,-3.41807592508592,3.41807592508592,55.04148027513559,2025-11-15 09:30:00,9,11,5
6.13,9.696373778086404,-3.5663737780864038,3.5663737780864038,58.17901758705389,2025-11-15 09:45:00,9,11,5
6.36,9.319149141883582,-2.9591491418835814,2.9591491418835814,46.52750223087392,2025-11-15 10:00:00,10,11,5
6.37,9.88278857043008,-3.5127885704300796,3.5127885704300796,55.14581743218335,2025-11-15 10:15:00,10,11,5
6.35,9.722057025903663,-3.372057025903663,3.372057025903663,53.10326025045139,2025-11-15 10:30:00,10,11,5
6.21,9.58663026907465,-3.37663026907465,3.37663026907465,54.374078406999196,2025-11-15 10:45:00,10,11,5
6.17,9.653930310493369,-3.4839303104933688,3.4839303104933688,56.4656452267969,2025-11-15 11:00:00,11,11,5
6.17,9.462810312637039,-3.292810312637039,3.292810312637039,53.36807637985477,2025-11-15 11:15:00,11,11,5
6.17,9.414252093729555,-3.244252093729555,3.244252093729555,52.58107121117593,2025-11-15 11:30:00,11,11,5
6.22,9.274459105762606,-3.0544591057626063,3.0544591057626063,49.10705957817695,2025-11-15 11:45:00,11,11,5
6.05,9.218202909176423,-3.168202909176423,3.168202909176423,52.366990234321044,2025-11-15 12:00:00,12,11,5
6.08,9.064620690596481,-2.984620690596481,2.984620690596481,49.089156095336854,2025-11-15 12:15:00,12,11,5
6.26,9.092528502181999,-2.832528502181999,2.832528502181999,45.24805914028753,2025-11-15 12:30:00,12,11,5
6.32,9.255573799055998,-2.935573799055998,2.935573799055998,46.44895251670882,2025-11-15 12:45:00,12,11,5
6.29,8.806924265699763,-2.516924265699763,2.516924265699763,40.01469420826332,2025-11-15 13:00:00,13,11,5
6.3,8.89937820531571,-2.59937820531571,2.59937820531571,41.25997151294778,2025-11-15 13:15:00,13,11,5
6.32,9.024548944930416,-2.7045489449304156,2.7045489449304156,42.79349596408885,2025-11-15 13:30:00,13,11,5
6.31,8.925430077970208,-2.615430077970209,2.615430077970209,41.44897112472597,2025-11-15 13:45:00,13,11,5
6.4,8.542615744911267,-2.142615744911266,2.142615744911266,33.47837101423853,2025-11-15 14:00:00,14,11,5
6.39,8.649399214357416,-2.2593992143574164,2.2593992143574164,35.35836016208789,2025-11-15 14:15:00,14,11,5
6.44,8.714660001895478,-2.2746600018954775,2.2746600018954775,35.32080748284903,2025-11-15 14:30:00,14,11,5
6.46,8.719569180573107,-2.2595691805731066,2.2595691805731066,34.977851092462956,2025-11-15 14:45:00,14,11,5
6.59,8.236152590015397,-1.6461525900153973,1.6461525900153973,24.97955371798782,2025-11-15 15:00:00,15,11,5
6.83,8.41667197055597,-1.5866719705559706,1.5866719705559706,23.230921970072778,2025-11-15 15:15:00,15,11,5
9.99,8.703575729432451,1.286424270567549,1.286424270567549,12.87711982550099,2025-11-15 15:30:00,15,11,5
10.39,11.708054698817168,-1.3180546988171677,1.3180546988171677,12.685800758586794,2025-11-15 15:45:00,15,11,5
9.35,11.089089432732752,-1.7390894327327526,1.7390894327327526,18.599886981098958,2025-11-15 16:00:00,16,11,5
10.39,10.23623828912816,0.15376171087184076,0.15376171087184076,1.4799009708550601,2025-11-15 16:15:00,16,11,5
10.39,14.249252582102507,-3.8592525821025063,3.8592525821025063,37.143913205991396,2025-11-15 16:30:00,16,11,5
10.4,12.132037780726051,-1.732037780726051,1.732037780726051,16.65420943005818,2025-11-15 16:45:00,16,11,5
7.96,10.316102051187617,-2.3561020511876167,2.3561020511876167,29.59927199984443,2025-11-15 17:00:00,17,11,5
9.42,9.878225482783058,-0.4582254827830585,0.4582254827830585,4.864389413832893,2025-11-15 17:15:00,17,11,5
8.31,10.896586628006002,-2.5865866280060015,2.5865866280060015,31.126192876125163,2025-11-15 17:30:00,17,11,5
7.46,9.66760558875793,-2.2076055887579296,2.2076055887579296,29.592568213913268,2025-11-15 17:45:00,17,11,5
7.32,6.467895738873558,0.852104261126442,0.852104261126442,11.640768594623523,2025-11-15 18:00:00,18,11,5
7.11,9.649335357684976,-2.5393353576849753,2.5393353576849753,35.7149839336846,2025-11-15 18:15:00,18,11,5
6.7,7.185191663224984,-0.48519166322498375,0.48519166322498375,7.241666615298264,2025-11-15 18:30:00,18,11,5
6.37,6.780113206703653,-0.41011320670365325,0.41011320670365325,6.438197907435687,2025-11-15 18:45:00,18,11,5
6.82,6.817149271095296,0.0028507289047041695,0.0028507289047041695,0.04179954405724588,2025-11-15 19:00:00,19,11,5
6.44,7.151285626914458,-0.7112856269144574,0.7112856269144574,11.044807871342506,2025-11-15 19:15:00,19,11,5
6.23,6.506627627895718,-0.27662762789571715,0.27662762789571715,4.44025084904843,2025-11-15 19:30:00,19,11,5
5.72,6.359698255158335,-0.6396982551583354,0.6396982551583354,11.183535929341529,2025-11-15 19:45:00,19,11,5
5.99,6.505126001981992,-0.5151260019819919,0.5151260019819919,8.599766310216893,2025-11-15 20:00:00,20,11,5
5.88,6.106284346979862,-0.22628434697986233,0.22628434697986233,3.8483732479568427,2025-11-15 20:15:00,20,11,5
5.52,5.950277162903916,-0.4302771629039164,0.4302771629039164,7.794876139563703,2025-11-15 20:30:00,20,11,5
5.28,5.267820730651366,0.01217926934863467,0.01217926934863467,0.2306679800877778,2025-11-15 20:45:00,20,11,5
5.45,5.786510580583503,-0.3365105805835027,0.3365105805835027,6.174506065752343,2025-11-15 21:00:00,21,11,5
5.49,5.674098601621139,-0.18409860162113922,0.18409860162113922,3.3533442918240293,2025-11-15 21:15:00,21,11,5
5.65,5.417745715605911,0.2322542843940898,0.2322542843940898,4.110695299010438,2025-11-15 21:30:00,21,11,5
5.42,5.575891438558621,-0.15589143855862098,0.15589143855862098,2.876225803664594,2025-11-15 21:45:00,21,11,5
5.54,5.855071549007782,-0.315071549007782,0.315071549007782,5.687212075952744,2025-11-15 22:00:00,22,11,5
5.48,5.879078141301292,-0.3990781413012918,0.3990781413012918,7.282447833965179,2025-11-15 22:15:00,22,11,5
5.01,5.888055062705632,-0.8780550627056325,0.8780550627056325,17.526049155801047,2025-11-15 22:30:00,22,11,5
4.99,5.129914377146392,-0.13991437714639154,0.13991437714639154,2.8038953335950207,2025-11-15 22:45:00,22,11,5
4.74,5.757660849683312,-1.0176608496833115,1.0176608496833115,21.469638178972815,2025-11-15 23:00:00,23,11,5
4.71,5.379606821020921,-0.6696068210209214,0.6696068210209214,14.21670532953124,2025-11-15 23:15:00,23,11,5
4.66,4.998634711244534,-0.33863471124453426,0.33863471124453426,7.26683929709301,2025-11-15 23:30:00,23,11,5
4.48,5.287983108801868,-0.8079831088018672,0.8079831088018672,18.035337250041678,2025-11-15 23:45:00,23,11,5
3.96,2.5507687157296033,1.4092312842703967,1.4092312842703967,35.586648592686785,2025-11-16 00:00:00,0,11,6
3.95,2.2400643132963083,1.709935686703692,1.709935686703692,43.28951105578967,2025-11-16 00:15:00,0,11,6
3.82,2.2918435130425436,1.5281564869574562,1.5281564869574562,40.0040965172109,2025-11-16 00:30:00,0,11,6
3.81,2.0391338614728554,1.7708661385271447,1.7708661385271447,46.47942620806154,2025-11-16 00:45:00,0,11,6
3.71,2.212235065632015,1.4977649343679849,1.4977649343679849,40.371022489703094,2025-11-16 01:00:00,1,11,6
3.86,2.513240490329281,1.346759509670719,1.346759509670719,34.890142737583396,2025-11-16 01:15:00,1,11,6
4.02,2.5486491079979317,1.471350892002068,1.471350892002068,36.60076845776289,2025-11-16 01:30:00,1,11,6
4.11,2.7522343300379077,1.3577656699620926,1.3577656699620926,33.035661069637285,2025-11-16 01:45:00,1,11,6
4.06,3.313558341311868,0.7464416586881315,0.7464416586881315,18.385262529264324,2025-11-16 02:00:00,2,11,6
4.05,3.4595014763805167,0.5904985236194831,0.5904985236194831,14.580210459740323,2025-11-16 02:15:00,2,11,6
4.5,3.4932733539301424,1.0067266460698576,1.0067266460698576,22.371703245996834,2025-11-16 02:30:00,2,11,6
4.99,3.865885836339494,1.124114163660506,1.124114163660506,22.527337949108336,2025-11-16 02:45:00,2,11,6
4.29,4.762183484931491,-0.47218348493149076,0.47218348493149076,11.00660804036109,2025-11-16 03:00:00,3,11,6
4.85,4.069036030535301,0.7809639694646986,0.7809639694646986,16.102349885870076,2025-11-16 03:15:00,3,11,6
5.5,5.124836265667156,0.375163734332844,0.375163734332844,6.821158806051709,2025-11-16 03:30:00,3,11,6
5.63,5.748803913566384,-0.11880391356638409,0.11880391356638409,2.1101938466498065,2025-11-16 03:45:00,3,11,6
5.5,5.376379209161016,0.12362079083898436,0.12362079083898436,2.2476507425269885,2025-11-16 04:00:00,4,11,6
5.49,6.280753350165462,-0.7907533501654616,0.7907533501654616,14.403521860937369,2025-11-16 04:15:00,4,11,6
6.35,6.4878500602572515,-0.13785006025725188,0.13785006025725188,2.170867090665384,2025-11-16 04:30:00,4,11,6
13.22,6.916086698215892,6.3039133017841085,6.3039133017841085,47.684669453737584,2025-11-16 04:45:00,4,11,6
12.85,13.477715724068013,-0.6277157240680129,0.6277157240680129,4.884947269011774,2025-11-16 05:00:00,5,11,6
13.56,12.020129800783963,1.539870199216038,1.539870199216038,11.355974920472256,2025-11-16 05:15:00,5,11,6
14.2,13.56437514124243,0.6356248587575699,0.6356248587575699,4.476231399701197,2025-11-16 05:30:00,5,11,6
14.58,19.831212376962362,-5.251212376962362,5.251212376962362,36.01654579535228,2025-11-16 05:45:00,5,11,6
13.53,15.16363439814134,-1.633634398141341,1.633634398141341,12.0741640660853,2025-11-16 06:00:00,6,11,6
14.74,15.059491609324898,-0.3194916093248974,0.3194916093248974,2.167514310209616,2025-11-16 06:15:00,6,11,6
15.08,16.454625351767017,-1.3746253517670173,1.3746253517670173,9.115552730550512,2025-11-16 06:30:00,6,11,6
15.51,16.42884456450405,-0.9188445645040506,0.9188445645040506,5.924207379136368,2025-11-16 06:45:00,6,11,6
15.59,15.96930223513862,-0.3793022351386206,0.3793022351386206,2.4329841894715885,2025-11-16 07:00:00,7,11,6
16.12,17.881601906827207,-1.761601906827206,1.761601906827206,10.92805153118614,2025-11-16 07:15:00,7,11,6
17.14,17.78542566689302,-0.6454256668930185,0.6454256668930185,3.765610658652383,2025-11-16 07:30:00,7,11,6
17.77,18.791801564196817,-1.0218015641968172,1.0218015641968172,5.750149489008538,2025-11-16 07:45:00,7,11,6
17.5,19.29444636107196,-1.7944463610719588,1.7944463610719588,10.253979206125479,2025-11-16 08:00:00,8,11,6
18.42,19.368809024490545,-0.9488090244905436,0.9488090244905436,5.150971902771681,2025-11-16 08:15:00,8,11,6
18.84,20.84710274819075,-2.00710274819075,2.00710274819075,10.653411614600582,2025-11-16 08:30:00,8,11,6
19.71,20.904934019516492,-1.1949340195164915,1.1949340195164915,6.062577470910662,2025-11-16 08:45:00,8,11,6
19.26,21.144668908373244,-1.8846689083732429,1.8846689083732429,9.785404508687655,2025-11-16 09:00:00,9,11,6
31.14,21.63400721585796,9.505992784142041,9.505992784142041,30.526630649139502,2025-11-16 09:15:00,9,11,6
35.59,32.51147613268631,3.0785238673136917,3.0785238673136917,8.649968719622622,2025-11-16 09:30:00,9,11,6
37.63,34.95093033824948,2.6790696617505247,2.6790696617505247,7.119504814643967,2025-11-16 09:45:00,9,11,6
40.65,35.12807602609695,5.52192397390305,5.52192397390305,13.584068816489669,2025-11-16 10:00:00,10,11,6
44.52,49.0644923566434,-4.544492356643396,4.544492356643396,10.20775461959433,2025-11-16 10:15:00,10,11,6
46.31,47.47102740683183,-1.1610274068318276,1.1610274068318276,2.507077103933983,2025-11-16 10:30:00,10,11,6
49.11,47.05499937762424,2.0550006223757578,2.0550006223757578,4.184485079160574,2025-11-16 10:45:00,10,11,6
45.28,50.5651859776241,-5.285185977624096,5.285185977624096,11.672230515954276,2025-11-16 11:00:00,11,11,6
46.77,47.84458746112104,-1.074587461121034,1.074587461121034,2.2975998741095442,2025-11-16 11:15:00,11,11,6
48.7,48.81588129193307,-0.11588129193306429,0.11588129193306429,0.23794926474961864,2025-11-16 11:30:00,11,11,6
49.7,51.66638710882162,-1.966387108821614,1.966387108821614,3.9565132974277946,2025-11-16 11:45:00,11,11,6
44.99,46.37434805239785,-1.384348052397847,1.384348052397847,3.0770127859476486,2025-11-16 12:00:00,12,11,6
45.08,46.02679032023912,-0.9467903202391241,0.9467903202391241,2.1002447210273387,2025-11-16 12:15:00,12,11,6
46.74,47.742966594052234,-1.002966594052232,1.002966594052232,2.145842092537938,2025-11-16 12:30:00,12,11,6
53.5,48.803250343354776,4.696749656645224,4.696749656645224,8.778971320832195,2025-11-16 12:45:00,12,11,6
52.36,49.402557504369504,2.957442495630495,2.957442495630495,5.64828589692608,2025-11-16 13:00:00,13,11,6
52.45,50.63369293971895,1.816307060281055,1.816307060281055,3.4629305248447184,2025-11-16 13:15:00,13,11,6
52.0,52.44249152819011,-0.44249152819011073,0.44249152819011073,0.8509452465194437,2025-11-16 13:30:00,13,11,6
54.0,57.12847482932832,-3.1284748293283187,3.1284748293283187,5.793471906163553,2025-11-16 13:45:00,13,11,6
49.02,52.67671058381424,-3.656710583814238,3.656710583814238,7.459629913941734,2025-11-16 14:00:00,14,11,6
55.26,48.57062213548812,6.689377864511876,6.689377864511876,12.105280247035607,2025-11-16 14:15:00,14,11,6
58.37,54.9142679803077,3.4557320196922987,3.4557320196922987,5.920390645352577,2025-11-16 14:30:00,14,11,6
62.19,58.848753393543504,3.341246606456494,3.341246606456494,5.372642879010281,2025-11-16 14:45:00,14,11,6
51.98,55.34107227276865,-3.361072272768652,3.361072272768652,6.466087481278669,2025-11-16 15:00:00,15,11,6
53.69,54.61183156680078,-0.9218315668007833,0.9218315668007833,1.71695207077814,2025-11-16 15:15:00,15,11,6
65.28,56.49036745976587,8.78963254023413,8.78963254023413,13.464510631486107,2025-11-16 15:30:00,15,11,6
73.2,68.3113416508987,4.888658349101306,4.888658349101306,6.678495012433477,2025-11-16 15:45:00,15,11,6
60.38,60.70486108370007,-0.32486108370006406,0.32486108370006406,0.5380276311693675,2025-11-16 16:00:00,16,11,6
66.25,56.35945847046612,9.890541529533877,9.890541529533877,14.929119289862456,2025-11-16 16:15:00,16,11,6
73.3,73.96223923996293,-0.6622392399629291,0.6622392399629291,0.9034641745742552,2025-11-16 16:30:00,16,11,6
85.4,78.27581057936334,7.124189420636668,7.124189420636668,8.34214217873146,2025-11-16 16:45:00,16,11,6
71.08,69.98561853888718,1.0943814611128175,1.0943814611128175,1.539647525482298,2025-11-16 17:00:00,17,11,6
78.17,69.31114872206703,8.85885127793297,8.85885127793297,11.332801941835704,2025-11-16 17:15:00,17,11,6
75.73,81.03605108127658,-5.306051081276578,5.306051081276578,7.006537807046848,2025-11-16 17:30:00,17,11,6
76.47,83.4978029047808,-7.027802904780799,7.027802904780799,9.190274492978684,2025-11-16 17:45:00,17,11,6
76.14,61.973148207120474,14.166851792879527,14.166851792879527,18.606319664932396,2025-11-16 18:00:00,18,11,6
74.56,78.82909310152459,-4.269093101524589,4.269093101524589,5.725714996679975,2025-11-16 18:15:00,18,11,6
74.7,69.87175805060484,4.828241949395164,4.828241949395164,6.463509972416551,2025-11-16 18:30:00,18,11,6
72.68,72.80954463415614,-0.12954463415613304,0.12954463415613304,0.17823972778774497,2025-11-16 18:45:00,18,11,6
69.95,69.88773798450916,0.06226201549084465,0.06226201549084465,0.08900931449727612,2025-11-16 19:00:00,19,11,6
66.71,66.48835881132852,0.22164118867146954,0.22164118867146954,0.33224582322210994,2025-11-16 19:15:00,19,11,6
61.32,65.28417114135809,-3.9641711413580865,3.9641711413580865,6.464727888711817,2025-11-16 19:30:00,19,11,6
57.99,58.87624343068285,-0.8862434306828462,0.8862434306828462,1.5282694096962341,2025-11-16 19:45:00,19,11,6
61.37,55.65986096481846,5.710139035181534,5.710139035181534,9.304446855436751,2025-11-16 20:00:00,20,11,6
55.03,58.49226707642211,-3.4622670764221084,3.4622670764221084,6.291599266622039,2025-11-16 20:15:00,20,11,6
47.94,49.248140685946,-1.3081406859460003,1.3081406859460003,2.7287039756904474,2025-11-16 20:30:00,20,11,6
45.9,44.738633749308995,1.1613662506910032,1.1613662506910032,2.5302096964945604,2025-11-16 20:45:00,20,11,6
50.0,49.92789453839328,0.07210546160671782,0.07210546160671782,0.14421092321343565,2025-11-16 21:00:00,21,11,6
47.95,45.72578829002808,2.224211709971925,2.224211709971925,4.638606277313713,2025-11-16 21:15:00,21,11,6
47.38,41.085708464584286,6.2942915354157165,6.2942915354157165,13.28470142552916,2025-11-16 21:30:00,21,11,6
46.38,44.29212054677549,2.0878794532245095,2.0878794532245095,4.5016805804754405,2025-11-16 21:45:00,21,11,6
48.38,49.0245406766106,-0.6445406766105961,0.6445406766105961,1.3322461277606368,2025-11-16 22:00:00,22,11,6
47.4,46.09366397214676,1.3063360278532414,1.3063360278532414,2.755983181124982,2025-11-16 22:15:00,22,11,6
47.06,45.78475644353824,1.27524355646176,1.27524355646176,2.709824811860943,2025-11-16 22:30:00,22,11,6
43.96,45.15966496567863,-1.199664965678629,1.199664965678629,2.7289921876219947,2025-11-16 22:45:00,22,11,6
44.13,45.262569726993036,-1.132569726993033,1.132569726993033,2.566439444806329,2025-11-16 23:00:00,23,11,6
41.9,43.6332865098091,-1.7332865098091048,1.7332865098091048,4.136721980451324,2025-11-16 23:15:00,23,11,6
38.07,41.944851666557014,-3.8748516665570136,3.8748516665570136,10.178228701226724,2025-11-16 23:30:00,23,11,6
35.0,36.15805666564687,-1.1580566656468676,1.1580566656468676,3.308733330419622,2025-11-16 23:45:00,23,11,6
62.07,37.572431038950455,24.497568961049545,24.497568961049545,39.467647754228366,2025-11-17 00:00:00,0,11,0
52.0,61.30887028908869,-9.308870289088688,9.308870289088688,17.90167363286286,2025-11-17 00:15:00,0,11,0
40.66,44.77431399850112,-4.114313998501125,4.114313998501125,10.11882439375584,2025-11-17 00:30:00,0,11,0
47.31,36.10007613188491,11.20992386811509,11.20992386811509,23.69461819512807,2025-11-17 00:45:00,0,11,0
40.47,72.51261395605971,-32.04261395605971,32.04261395605971,79.17621437128666,2025-11-17 01:00:00,1,11,0
38.21,35.28907995377588,2.9209200462241185,2.9209200462241185,7.64438640728636,2025-11-17 01:15:00,1,11,0
37.45,31.377993729391896,6.072006270608107,6.072006270608107,16.21363490149027,2025-11-17 01:30:00,1,11,0
35.6,45.79544967723197,-10.19544967723197,10.19544967723197,28.63890358773025,2025-11-17 01:45:00,1,11,0
36.54,33.25869229778703,3.2813077022129704,3.2813077022129704,8.980042972668228,2025-11-17 02:00:00,2,11,0
36.32,37.48762045192451,-1.1676204519245132,1.1676204519245132,3.2148140196159503,2025-11-17 02:15:00,2,11,0
36.25,38.09392304541576,-1.8439230454157567,1.8439230454157567,5.086684263215881,2025-11-17 02:30:00,2,11,0
36.21,36.93225978367241,-0.7222597836724063,0.7222597836724063,1.9946417665628453,2025-11-17 02:45:00,2,11,0
37.76,39.61145241102966,-1.851452411029662,1.851452411029662,4.903210834294656,2025-11-17 03:00:00,3,11,0
38.1,40.19481542401474,-2.0948154240147403,2.0948154240147403,5.498203212637113,2025-11-17 03:15:00,3,11,0
36.11,40.3385043884267,-4.2285043884267,4.2285043884267,11.710064769943783,2025-11-17 03:30:00,3,11,0
38.86,38.46431230633723,0.39568769366277223,0.39568769366277223,1.0182390469963258,2025-11-17 03:45:00,3,11,0
35.95,43.35039927176161,-7.400399271761607,7.400399271761607,20.58525527611017,2025-11-17 04:00:00,4,11,0
38.36,39.29820724201892,-0.9382072420189189,0.9382072420189189,2.445795729976327,2025-11-17 04:15:00,4,11,0
41.57,40.020553148713674,1.5494468512863264,1.5494468512863264,3.7273198250813726,2025-11-17 04:30:00,4,11,0
45.19,46.64600821509852,-1.456008215098521,1.456008215098521,3.2219699382574047,2025-11-17 04:45:00,4,11,0
40.4,45.058630735624206,-4.658630735624207,4.658630735624207,11.531264197089623,2025-11-17 05:00:00,5,11,0
44.95,44.38872587534738,0.5612741246526198,0.5612741246526198,1.2486632361571075,2025-11-17 05:15:00,5,11,0
50.52,50.90621932831877,-0.3862193283187665,0.3862193283187665,0.7644879816285954,2025-11-17 05:30:00,5,11,0
64.72,56.409194319827016,8.310805680172983,8.310805680172983,12.841170704840826,2025-11-17 05:45:00,5,11,0
69.72,61.79870720912032,7.921292790879676,7.921292790879676,11.361578873895118,2025-11-17 06:00:00,6,11,0
71.21,71.84181534046421,-0.6318153404642146,0.6318153404642146,0.8872564814832392,2025-11-17 06:15:00,6,11,0
73.8,74.31760283206124,-0.5176028320612431,0.5176028320612431,0.7013588510314948,2025-11-17 06:30:00,6,11,0
75.0,85.82633200772867,-10.826332007728666,10.826332007728666,14.435109343638223,2025-11-17 06:45:00,6,11,0
86.93,80.77719633718122,6.152803662818783,6.152803662818783,7.077882966546397,2025-11-17 07:00:00,7,11,0
91.04,89.55236829244639,1.4876317075536178,1.4876317075536178,1.6340418580334113,2025-11-17 07:15:00,7,11,0
98.46,92.49607075427531,5.963929245724685,5.963929245724685,6.057210284099823,2025-11-17 07:30:00,7,11,0
101.32,97.94605461554782,3.3739453844521705,3.3739453844521705,3.3299895227518466,2025-11-17 07:45:00,7,11,0
109.45,103.91630472722969,5.533695272770316,5.533695272770316,5.055911624276214,2025-11-17 08:00:00,8,11,0
113.47,105.95524000055704,7.514759999442958,7.514759999442958,6.62268440948529,2025-11-17 08:15:00,8,11,0
112.82,112.07062922047945,0.7493707795205466,0.7493707795205466,0.6642180282933404,2025-11-17 08:30:00,8,11,0
109.98,107.80201788541936,2.1779821145806437,2.1779821145806437,1.9803438030375011,2025-11-17 08:45:00,8,11,0
113.38,111.9848739962548,1.3951260037451902,1.3951260037451902,1.2304868616556628,2025-11-17 09:00:00,9,11,0
109.8,113.30909749059069,-3.5090974905906904,3.5090974905906904,3.195899353907733,2025-11-17 09:15:00,9,11,0
100.33,105.64656655759106,-5.3165665575910594,5.3165665575910594,5.299079594927798,2025-11-17 09:30:00,9,11,0
96.71,95.26099226000329,1.449007739996702,1.449007739996702,1.4983018715714014,2025-11-17 09:45:00,9,11,0
109.43,100.01666013227036,9.413339867729647,9.413339867729647,8.602156508936897,2025-11-17 10:00:00,10,11,0
98.34,106.7267521840372,-8.386752184037192,8.386752184037192,8.528322334794785,2025-11-17 10:15:00,10,11,0
90.71,87.62759568075003,3.08240431924996,3.08240431924996,3.3980865607429833,2025-11-17 10:30:00,10,11,0
87.65,86.236888355627,1.4131116443730036,1.4131116443730036,1.612220929119228,2025-11-17 10:45:00,10,11,0
88.82,100.33816106094619,-11.518161060946198,11.518161060946198,12.967981379133303,2025-11-17 11:00:00,11,11,0
83.88,82.17078457595596,1.7092154240440323,1.7092154240440323,2.037691254225122,2025-11-17 11:15:00,11,11,0
82.2,78.38250065476339,3.8174993452366124,3.8174993452366124,4.644159787392472,2025-11-17 11:30:00,11,11,0
77.59,80.57410073055681,-2.984100730556804,2.984100730556804,3.8459862489454877,2025-11-17 11:45:00,11,11,0
119.99,80.61715630256123,39.37284369743877,39.37284369743877,32.81343753432683,2025-11-17 12:00:00,12,11,0
104.56,115.783942189653,-11.223942189653002,11.223942189653002,10.734451214281753,2025-11-17 12:15:00,12,11,0
94.47,95.18643580776941,-0.7164358077694146,0.7164358077694146,0.7583738835285431,2025-11-17 12:30:00,12,11,0
84.24,85.66084115285165,-1.4208411528516507,1.4208411528516507,1.6866585385228523,2025-11-17 12:45:00,12,11,0
99.99,121.75009094167032,-21.760090941670327,21.760090941670327,21.76226716838717,2025-11-17 13:00:00,13,11,0
95.24,92.54513740044116,2.6948625995588316,2.6948625995588316,2.829549138554002,2025-11-17 13:15:00,13,11,0
91.57,87.06543516850496,4.504564831495031,4.504564831495031,4.91925830675443,2025-11-17 13:30:00,13,11,0
86.97,82.51006221340094,4.459937786599056,4.459937786599056,5.128133593881863,2025-11-17 13:45:00,13,11,0
85.92,101.69665101018153,-15.776651010181524,15.776651010181524,18.362023987641436,2025-11-17 14:00:00,14,11,0
84.09,85.44854063254746,-1.3585406325474594,1.3585406325474594,1.615579299021833,2025-11-17 14:15:00,14,11,0
82.83,84.12113582270126,-1.2911358227012641,1.2911358227012641,1.558778006400174,2025-11-17 14:30:00,14,11,0
91.55,81.82292694666374,9.727073053336255,9.727073053336255,10.624874989990449,2025-11-17 14:45:00,14,11,0
82.5,92.92118707502283,-10.421187075022829,10.421187075022829,12.63174190911858,2025-11-17 15:00:00,15,11,0
90.66,81.86689457843883,8.793105421561165,8.793105421561165,9.698991199604198,2025-11-17 15:15:00,15,11,0
96.61,91.5399896457831,5.070010354216905,5.070010354216905,5.247914661232693,2025-11-17 15:30:00,15,11,0
101.66,104.84160256054292,-3.1816025605429274,3.1816025605429274,3.1296503644923543,2025-11-17 15:45:00,15,11,0
91.59,93.67858416602506,-2.0885841660250577,2.0885841660250577,2.2803626662572962,2025-11-17 16:00:00,16,11,0
96.32,97.64764860994129,-1.327648609941292,1.327648609941292,1.3783727262679528,2025-11-17 16:15:00,16,11,0
98.43,103.56888506128081,-5.138885061280803,5.138885061280803,5.220852444661996,2025-11-17 16:30:00,16,11,0
103.61,105.06194049234318,-1.4519404923431836,1.4519404923431836,1.4013516961134866,2025-11-17 16:45:00,16,11,0
98.54,96.75081891370431,1.7891810862956987,1.7891810862956987,1.8156901626706907,2025-11-17 17:00:00,17,11,0
102.9,102.9789091986938,-0.07890919869379331,0.07890919869379331,0.0766853242894007,2025-11-17 17:15:00,17,11,0
104.37,106.45193441930968,-2.0819344193096754,2.0819344193096754,1.9947632646447018,2025-11-17 17:30:00,17,11,0
106.78,110.23017609842151,-3.450176098421508,3.450176098421508,3.23110704103906,2025-11-17 17:45:00,17,11,0
101.04,104.23936005526048,-3.1993600552604704,3.1993600552604704,3.166429191667132,2025-11-17 18:00:00,18,11,0
99.45,106.09489860093939,-6.644898600939385,6.644898600939385,6.68164766308636,2025-11-17 18:15:00,18,11,0
100.0,103.69191673330884,-3.691916733308844,3.691916733308844,3.6919167333088443,2025-11-17 18:30:00,18,11,0
99.7,105.64158302583911,-5.941583025839108,5.941583025839108,5.9594614100693155,2025-11-17 18:45:00,18,11,0
105.48,93.84478494565934,11.635215054340662,11.635215054340662,11.030730995772338,2025-11-17 19:00:00,19,11,0
98.97,101.94901678169128,-2.9790167816912856,2.9790167816912856,3.010019987563186,2025-11-17 19:15:00,19,11,0
93.29,96.39790846612723,-3.1079084661272276,3.1079084661272276,3.331448672019753,2025-11-17 19:30:00,19,11,0
89.02,91.67054198151712,-2.6505419815171223,2.6505419815171223,2.977467963959922,2025-11-17 19:45:00,19,11,0
99.99,94.11256155094367,5.877438449056328,5.877438449056328,5.878026251681496,2025-11-17 20:00:00,20,11,0
94.41,94.91033412878015,-0.5003341287801533,0.5003341287801533,0.529958827221855,2025-11-17 20:15:00,20,11,0
88.7,87.06883606743554,1.631163932564462,1.631163932564462,1.8389672294977024,2025-11-17 20:30:00,20,11,0
78.06,83.04017118666978,-4.980171186669779,4.980171186669779,6.379927218383011,2025-11-17 20:45:00,20,11,0
99.25,87.49289863744184,11.75710136255816,11.75710136255816,11.84594595723744,2025-11-17 21:00:00,21,11,0
92.45,96.05031556023428,-3.6003155602342787,3.6003155602342787,3.894338085705006,2025-11-17 21:15:00,21,11,0
88.29,84.36838760911317,3.9216123908868354,3.9216123908868354,4.4417401641033365,2025-11-17 21:30:00,21,11,0
82.91,76.07568495534127,6.834315044658723,6.834315044658723,8.243052761619495,2025-11-17 21:45:00,21,11,0
88.61,99.56199691357693,-10.951996913576934,10.951996913576934,12.359775322849492,2025-11-17 22:00:00,22,11,0
86.11,83.76226044266906,2.3477395573309394,2.3477395573309394,2.7264424077702234,2025-11-17 22:15:00,22,11,0
85.76,81.49007607669813,4.269923923301874,4.269923923301874,4.978922485193417,2025-11-17 22:30:00,22,11,0
81.99,79.73128332937651,2.2587166706234854,2.2587166706234854,2.7548684847218996,2025-11-17 22:45:00,22,11,0
87.24,85.7154558861464,1.5245441138535938,1.5245441138535938,1.7475287870857332,2025-11-17 23:00:00,23,11,0
80.93,84.82619998071847,-3.896199980718464,3.896199980718464,4.814283925266852,2025-11-17 23:15:00,23,11,0
75.32,79.4382189425308,-4.1182189425308025,4.1182189425308025,5.467630035224114,2025-11-17 23:30:00,23,11,0
69.76,72.09782962047365,-2.3378296204736415,2.3378296204736415,3.3512465889817107,2025-11-17 23:45:00,23,11,0
87.52,77.6378990951695,9.882100904830494,9.882100904830494,11.291248748663728,2025-11-18 00:00:00,0,11,1
82.28,85.59886794436702,-3.318867944367014,3.318867944367014,4.033626573124713,2025-11-18 00:15:00,0,11,1
83.38,76.73374605024148,6.646253949758517,6.646253949758517,7.971040956774426,2025-11-18 00:30:00,0,11,1
79.28,77.73220584551208,1.5477941544879172,1.5477941544879172,1.9523135147425799,2025-11-18 00:45:00,0,11,1
84.85,94.75364023709292,-9.90364023709293,9.90364023709293,11.671938994806046,2025-11-18 01:00:00,1,11,1
81.33,82.63951567036929,-1.3095156703692936,1.3095156703692936,1.610126239234346,2025-11-18 01:15:00,1,11,1
80.73,83.20410688122931,-2.4741068812293037,2.4741068812293037,3.0646685014607997,2025-11-18 01:30:00,1,11,1
77.83,78.68554158894648,-0.8555415889464797,0.8555415889464797,1.0992439791166384,2025-11-18 01:45:00,1,11,1
79.87,84.81540296552105,-4.9454029655210405,4.9454029655210405,6.1918154069375735,2025-11-18 02:00:00,2,11,1
77.76,79.85512437323621,-2.095124373236203,2.095124373236203,2.694347187803759,2025-11-18 02:15:00,2,11,1
77.32,79.5524847611662,-2.232484761166205,2.232484761166205,2.8873315586733126,2025-11-18 02:30:00,2,11,1
75.63,77.23821947351064,-1.608219473510644,1.608219473510644,2.126430614188344,2025-11-18 02:45:00,2,11,1
76.82,80.37962551386579,-3.5596255138657966,3.5596255138657966,4.633722355982552,2025-11-18 03:00:00,3,11,1
76.31,78.28250047644585,-1.9725004764458447,1.9725004764458447,2.584851888934405,2025-11-18 03:15:00,3,11,1
76.24,78.78988860805944,-2.5498886080594474,2.5498886080594474,3.3445548374336926,2025-11-18 03:30:00,3,11,1
75.98,77.56560754820644,-1.5856075482064398,1.5856075482064398,2.0868748989292443,2025-11-18 03:45:00,3,11,1
75.64,80.18678396474053,-4.546783964740527,4.546783964740527,6.011084035881184,2025-11-18 04:00:00,4,11,1
77.39,78.59045812074093,-1.200458120740933,1.200458120740933,1.5511798950005595,2025-11-18 04:15:00,4,11,1
80.34,80.69687421571516,-0.3568742157151519,0.3568742157151519,0.44420489882393804,2025-11-18 04:30:00,4,11,1
83.43,82.9842057097973,0.4457942902027128,0.4457942902027128,0.5343333215902106,2025-11-18 04:45:00,4,11,1
77.11,85.70605190971932,-8.596051909719321,8.596051909719321,11.147778381168877,2025-11-18 05:00:00,5,11,1
83.3,81.11261457616959,2.1873854238304062,2.1873854238304062,2.625912873745986,2025-11-18 05:15:00,5,11,1
87.23,90.05969616905941,-2.829696169059403,2.829696169059403,3.243948376773361,2025-11-18 05:30:00,5,11,1
89.89,93.32050209688568,-3.430502096885675,3.430502096885675,3.8163334040334576,2025-11-18 05:45:00,5,11,1
87.72,86.92653212087089,0.7934678791291105,0.7934678791291105,0.9045461458380193,2025-11-18 06:00:00,6,11,1
97.4,94.89757848132598,2.5024215186740264,2.5024215186740264,2.569221271739247,2025-11-18 06:15:00,6,11,1
116.4,103.52381713699964,12.876182863000366,12.876182863000366,11.062012768900658,2025-11-18 06:30:00,6,11,1
137.85,119.01441957633796,18.835580423662037,18.835580423662037,13.663823303345692,2025-11-18 06:45:00,6,11,1
104.77,131.76350449474117,-26.993504494741174,26.993504494741174,25.764536121734444,2025-11-18 07:00:00,7,11,1
107.49,107.2165049657734,0.27349503422659893,0.27349503422659893,0.2544376539460405,2025-11-18 07:15:00,7,11,1
131.84,126.73893892577343,5.101061074226578,5.101061074226578,3.8691300623684604,2025-11-18 07:30:00,7,11,1
129.83,155.02355228981256,-25.193552289812544,25.193552289812544,19.40503141786378,2025-11-18 07:45:00,7,11,1
135.34,95.83450335651375,39.505496643486254,39.505496643486254,29.189815755494497,2025-11-18 08:00:00,8,11,1
128.82,128.50287931214376,0.3171206878562316,0.3171206878562316,0.2461734884771244,2025-11-18 08:15:00,8,11,1
121.97,142.11034190156406,-20.140341901564057,20.140341901564057,16.512537428518534,2025-11-18 08:30:00,8,11,1
105.37,116.94689012881989,-11.576890128819883,11.576890128819883,10.986893925044967,2025-11-18 08:45:00,8,11,1
142.56,110.38548758689356,32.17451241310644,32.17451241310644,22.569102422212712,2025-11-18 09:00:00,9,11,1
114.9,138.22645058520467,-23.326450585204668,23.326450585204668,20.301523572850012,2025-11-18 09:15:00,9,11,1
102.81,103.52920224948897,-0.7192022494889727,0.7192022494889727,0.6995450340326551,2025-11-18 09:30:00,9,11,1
99.99,87.07893130476947,12.911068695230526,12.911068695230526,12.91235993122365,2025-11-18 09:45:00,9,11,1
117.25,134.88365255787866,-17.633652557878662,17.633652557878662,15.039362522711011,2025-11-18 10:00:00,10,11,1
99.96,98.02057284582382,1.9394271541761725,1.9394271541761725,1.9402032354703607,2025-11-18 10:15:00,10,11,1
92.92,87.6810521685535,5.238947831446495,5.238947831446495,5.638127240041428,2025-11-18 10:30:00,10,11,1
90.14,90.78357656248431,-0.6435765624843128,0.6435765624843128,0.7139744425164332,2025-11-18 10:45:00,10,11,1
97.87,108.62019100469814,-10.750191004698138,10.750191004698138,10.984153473687686,2025-11-18 11:00:00,11,11,1
90.41,87.36569517801433,3.044304821985662,3.044304821985662,3.367221349392393,2025-11-18 11:15:00,11,11,1
91.83,85.10595591330377,6.7240440866962246,6.7240440866962246,7.322273861152373,2025-11-18 11:30:00,11,11,1
92.64,90.53020332117711,2.109796678822889,2.109796678822889,2.2774143769677124,2025-11-18 11:45:00,11,11,1
91.38,100.80266728347252,-9.42266728347252,9.42266728347252,10.311520336476823,2025-11-18 12:00:00,12,11,1
91.07,86.76774664463159,4.302253355368407,4.302253355368407,4.724117003808507,2025-11-18 12:15:00,12,11,1
91.8,93.63737611675668,-1.8373761167566869,1.8373761167566869,2.001499037861315,2025-11-18 12:30:00,12,11,1
102.75,94.10474932173503,8.645250678264972,8.645250678264972,8.413869273250581,2025-11-18 12:45:00,12,11,1
99.35,102.91384739628336,-3.5638473962833643,3.5638473962833643,3.5871639620366027,2025-11-18 13:00:00,13,11,1
103.5,98.24637330812801,5.253626691871986,5.253626691871986,5.075967818233803,2025-11-18 13:15:00,13,11,1
115.44,103.72678197198555,11.713218028014452,11.713218028014452,10.146585263352783,2025-11-18 13:30:00,13,11,1
120.25,123.88519459585976,-3.6351945958597582,3.6351945958597582,3.023030848947824,2025-11-18 13:45:00,13,11,1
100.0,115.16105942200028,-15.161059422000278,15.161059422000278,15.161059422000278,2025-11-18 14:00:00,14,11,1
112.62,101.67389230353702,10.946107696462988,10.946107696462988,9.719506034863246,2025-11-18 14:15:00,14,11,1
138.53,125.65226994018536,12.877730059814638,12.877730059814638,9.295986472110474,2025-11-18 14:30:00,14,11,1
150.0,143.1249863493925,6.875013650607514,6.875013650607514,4.583342433738342,2025-11-18 14:45:00,14,11,1
109.1,126.6142980196177,-17.514298019617712,17.514298019617712,16.05343539836637,2025-11-18 15:00:00,15,11,1
130.46,112.9903908807357,17.469609119264305,17.469609119264305,13.390778107668483,2025-11-18 15:15:00,15,11,1
149.99,156.02065641977248,-6.03065641977247,6.03065641977247,4.020705660225661,2025-11-18 15:30:00,15,11,1
156.01,161.65437709424438,-5.6443770942443905,5.6443770942443905,3.617958524610211,2025-11-18 15:45:00,15,11,1
145.08,116.93173768702488,28.148262312975135,28.148262312975135,19.4018902074546,2025-11-18 16:00:00,16,11,1
157.61,155.970999866053,1.6390001339470075,1.6390001339470075,1.0399087202252442,2025-11-18 16:15:00,16,11,1
171.91,172.22654040819393,-0.31654040819393003,0.31654040819393003,0.18413146890461873,2025-11-18 16:30:00,16,11,1
187.24,174.2659019637876,12.97409803621241,12.97409803621241,6.929127342561638,2025-11-18 16:45:00,16,11,1
151.01,171.90095955069256,-20.89095955069257,20.89095955069257,13.834156380830787,2025-11-18 17:00:00,17,11,1
159.24,154.722298147278,4.517701852722013,4.517701852722013,2.8370395960324117,2025-11-18 17:15:00,17,11,1
157.85,173.50756650793903,-15.657566507939038,15.657566507939038,9.919269247981651,2025-11-18 17:30:00,17,11,1
159.07,174.15966549032646,-15.089665490326468,15.089665490326468,9.486179348919638,2025-11-18 17:45:00,17,11,1
182.17,130.76723987526003,51.402760124739956,51.402760124739956,28.216918331635267,2025-11-18 18:00:00,18,11,1
177.09,186.77774454505524,-9.687744545055239,9.687744545055239,5.4705203823226825,2025-11-18 18:15:00,18,11,1
157.49,170.08747697920643,-12.59747697920642,12.59747697920642,7.998905949080208,2025-11-18 18:30:00,18,11,1
149.99,154.76869047323305,-4.778690473233041,4.778690473233041,3.1860060492253086,2025-11-18 18:45:00,18,11,1
147.25,167.88063175722613,-20.630631757226126,20.630631757226126,14.01061579438107,2025-11-18 19:00:00,19,11,1
142.96,144.77468663232426,-1.8146866323242534,1.8146866323242534,1.2693666986039824,2025-11-18 19:15:00,19,11,1
137.01,126.72474526387268,10.285254736127314,10.285254736127314,7.506937257227439,2025-11-18 19:30:00,19,11,1
129.48,129.55524723454488,-0.07524723454488935,0.07524723454488935,0.058114947903065615,2025-11-18 19:45:00,19,11,1
131.54,126.31979492210394,5.220205077896054,5.220205077896054,3.968530544242097,2025-11-18 20:00:00,20,11,1
107.32,127.77239445521377,-20.452394455213778,20.452394455213778,19.05739326799644,2025-11-18 20:15:00,20,11,1
106.4,102.26604703600901,4.133952963990993,4.133952963990993,3.8852941390892783,2025-11-18 20:30:00,20,11,1
99.99,103.52024267522458,-3.530242675224585,3.530242675224585,3.530595734798065,2025-11-18 20:45:00,20,11,1
110.67,104.9946081297069,5.675391870293097,5.675391870293097,5.128211683647869,2025-11-18 21:00:00,21,11,1
101.96,92.0539825132434,9.906017486756596,9.906017486756596,9.715591885795014,2025-11-18 21:15:00,21,11,1
97.43,98.94670805401717,-1.5167080540171582,1.5167080540171582,1.5567156461225065,2025-11-18 21:30:00,21,11,1
92.87,91.0846684421896,1.7853315578104088,1.7853315578104088,1.9223985763006446,2025-11-18 21:45:00,21,11,1
104.81,102.39162072484854,2.418379275151466,2.418379275151466,2.307393641018477,2025-11-18 22:00:00,22,11,1
96.24,98.38075326981398,-2.1407532698139846,2.1407532698139846,2.2243903468557615,2025-11-18 22:15:00,22,11,1
100.08,90.24338637027249,9.836613629727509,9.836613629727509,9.82875062922413,2025-11-18 22:30:00,22,11,1
91.32,94.62223627703193,-3.3022362770319376,3.3022362770319376,3.6161150646429454,2025-11-18 22:45:00,22,11,1
97.35,100.31554379862476,-2.965543798624765,2.965543798624765,3.0462699523623677,2025-11-18 23:00:00,23,11,1
89.12,90.78904338623266,-1.6690433862326586,1.6690433862326586,1.8728045177655503,2025-11-18 23:15:00,23,11,1
88.85,91.89489146032432,-3.0448914603243225,3.0448914603243225,3.427002206330133,2025-11-18 23:30:00,23,11,1
84.53,82.20058477631895,2.3294152236810532,2.3294152236810532,2.755726042447715,2025-11-18 23:45:00,23,11,1
95.54,92.09085715844509,3.4491428415549166,3.4491428415549166,3.6101557897790624,2025-11-19 00:00:00,0,11,2
88.85,91.0798723765028,-2.2298723765028114,2.2298723765028114,2.5097044192490845,2025-11-19 00:15:00,0,11,2
88.25,88.52478443648803,-0.27478443648803363,0.27478443648803363,0.3113704662753922,2025-11-19 00:30:00,0,11,2
85.99,85.43023977559497,0.559760224405025,0.559760224405025,0.6509596748517561,2025-11-19 00:45:00,0,11,2
88.48,97.24945324589474,-8.769453245894738,8.769453245894738,9.91122654373275,2025-11-19 01:00:00,1,11,2
86.27,85.57986515763513,0.6901348423648699,0.6901348423648699,0.7999708384894747,2025-11-19 01:15:00,1,11,2
88.79,87.43655291479658,1.3534470852034275,1.3534470852034275,1.5243237810602854,2025-11-19 01:30:00,1,11,2
87.92,88.57294109573616,-0.6529410957361534,0.6529410957361534,0.7426536575706932,2025-11-19 01:45:00,1,11,2
87.37,91.6662831782145,-4.296283178214495,4.296283178214495,4.917343685721065,2025-11-19 02:00:00,2,11,2
84.08,87.40755005038201,-3.3275500503820155,3.3275500503820155,3.957599964774043,2025-11-19 02:15:00,2,11,2
86.01,88.43837547065534,-2.4283754706553395,2.4283754706553395,2.8233641095864894,2025-11-19 02:30:00,2,11,2
85.53,88.21056165549025,-2.6805616554902514,2.6805616554902514,3.1340601607509075,2025-11-19 02:45:00,2,11,2
83.57,87.94760134769768,-4.377601347697691,4.377601347697691,5.23824500143316,2025-11-19 03:00:00,3,11,2
84.44,83.53370733368965,0.9062926663103497,0.9062926663103497,1.0732978047256627,2025-11-19 03:15:00,3,11,2
85.08,88.98979500981437,-3.909795009814374,3.909795009814374,4.595433720985395,2025-11-19 03:30:00,3,11,2
85.8,87.54242954430426,-1.7424295443042581,1.7424295443042581,2.0308036646902776,2025-11-19 03:45:00,3,11,2
83.24,87.06242703241301,-3.8224270324130174,3.8224270324130174,4.592055541101655,2025-11-19 04:00:00,4,11,2
85.02,86.7914014028792,-1.7714014028792064,1.7714014028792064,2.0835114124667213,2025-11-19 04:15:00,4,11,2
87.37,88.90291908561525,-1.532919085615248,1.532919085615248,1.7545142332782968,2025-11-19 04:30:00,4,11,2
90.7,90.9508974115826,-0.25089741158259926,0.25089741158259926,0.2766233865298779,2025-11-19 04:45:00,4,11,2
88.8,91.12993241472405,-2.3299324147240554,2.3299324147240554,2.6237977643288914,2025-11-19 05:00:00,5,11,2
92.9,92.25444492941945,0.6455550705805564,0.6455550705805564,0.6948924333482845,2025-11-19 05:15:00,5,11,2
96.95,97.3442100789683,-0.3942100789682996,0.3942100789682996,0.406611736945126,2025-11-19 05:30:00,5,11,2
122.8,101.72158115020395,21.07841884979605,21.07841884979605,17.16483619690232,2025-11-19 05:45:00,5,11,2
90.78,121.3433855861133,-30.5633855861133,30.5633855861133,33.667532040221744,2025-11-19 06:00:00,6,11,2
100.15,91.49072489186942,8.659275108130586,8.659275108130586,8.646305649656101,2025-11-19 06:15:00,6,11,2
118.81,107.17855218971792,11.631447810282083,11.631447810282083,9.789956914638568,2025-11-19 06:30:00,6,11,2
145.39,143.98450155135924,1.405498448640742,1.405498448640742,0.9667091606305401,2025-11-19 06:45:00,6,11,2
129.46,116.47830756295696,12.981692437043051,12.981692437043051,10.027570243351654,2025-11-19 07:00:00,7,11,2
147.25,128.94540052556627,18.30459947443373,18.30459947443373,12.430967385014418,2025-11-19 07:15:00,7,11,2
149.99,159.17568465670777,-9.185684656707764,9.185684656707764,6.124198051008576,2025-11-19 07:30:00,7,11,2
150.0,169.3287929725051,-19.328792972505113,19.328792972505113,12.885861981670073,2025-11-19 07:45:00,7,11,2
160.83,128.48212524318936,32.347874756810654,32.347874756810654,20.11308509408111,2025-11-19 08:00:00,8,11,2
155.75,167.19897377766824,-11.448973777668243,11.448973777668243,7.350865988872066,2025-11-19 08:15:00,8,11,2
156.4,149.70057513991478,6.69942486008523,6.69942486008523,4.283519731512295,2025-11-19 08:30:00,8,11,2
156.39,149.34748116077435,7.042518839225636,7.042518839225636,4.503177210323957,2025-11-19 08:45:00,8,11,2
150.0,160.22517318734847,-10.225173187348474,10.225173187348474,6.8167821248989835,2025-11-19 09:00:00,9,11,2
149.99,141.53788675500098,8.452113244999026,8.452113244999026,5.635117837855208,2025-11-19 09:15:00,9,11,2
144.59,147.2248192191374,-2.6348192191373982,2.6348192191373982,1.8222693264661443,2025-11-19 09:30:00,9,11,2
134.96,141.68706289080572,-6.727062890805712,6.727062890805712,4.984486433614191,2025-11-19 09:45:00,9,11,2
141.66,128.5549659695511,13.105034030448905,13.105034030448905,9.251047600203943,2025-11-19 10:00:00,10,11,2
130.35,141.54603873590474,-11.19603873590475,11.19603873590475,8.589212685772727,2025-11-19 10:15:00,10,11,2
126.77,124.61756300254578,2.152436997454217,2.152436997454217,1.6979072315644212,2025-11-19 10:30:00,10,11,2
121.07,118.47450611968915,2.5954938803108405,2.5954938803108405,2.1437960521275627,2025-11-19 10:45:00,10,11,2
123.85,127.98242728861149,-4.132427288611495,4.132427288611495,3.336638908850622,2025-11-19 11:00:00,11,11,2
122.05,116.16435896126956,5.885641038730441,5.885641038730441,4.822319572904909,2025-11-19 11:15:00,11,11,2
120.47,118.99958951841626,1.470410481583741,1.470410481583741,1.2205615353065005,2025-11-19 11:30:00,11,11,2
119.77,115.19986410765637,4.570135892343629,4.570135892343629,3.8157601171776148,2025-11-19 11:45:00,11,11,2
127.55,122.3364988522485,5.213501147751501,5.213501147751501,4.08741759917797,2025-11-19 12:00:00,12,11,2
121.17,126.04246880811945,-4.87246880811945,4.87246880811945,4.02118412818309,2025-11-19 12:15:00,12,11,2
117.25,118.4172231028781,-1.167223102878097,1.167223102878097,0.9954994480836649,2025-11-19 12:30:00,12,11,2
116.3,116.46920424953825,-0.16920424953825375,0.16920424953825375,0.1454894664989284,2025-11-19 12:45:00,12,11,2
125.82,124.69297982440051,1.1270201755994833,1.1270201755994833,0.8957400855185849,2025-11-19 13:00:00,13,11,2
124.32,122.0425628231807,2.2774371768192907,2.2774371768192907,1.8319153610193781,2025-11-19 13:15:00,13,11,2
122.57,119.80816950657638,2.7618304934236164,2.7618304934236164,2.2532679231652253,2025-11-19 13:30:00,13,11,2
123.9,120.46382354639766,3.436176453602343,3.436176453602343,2.7733466130769515,2025-11-19 13:45:00,13,11,2
113.61,132.21418637603122,-18.604186376031222,18.604186376031222,16.37548312299201,2025-11-19 14:00:00,14,11,2
118.03,113.76883585802469,4.261164141975314,4.261164141975314,3.6102381953531424,2025-11-19 14:15:00,14,11,2
140.55,119.2816827802223,21.268317219777714,21.268317219777714,15.132207200126441,2025-11-19 14:30:00,14,11,2
149.95,142.04555339380116,7.904446606198832,7.904446606198832,5.271388200199288,2025-11-19 14:45:00,14,11,2
146.32,136.41134132758677,9.908658672413225,9.908658672413225,6.7719099729450685,2025-11-19 15:00:00,15,11,2
160.08,142.89768945561113,17.182310544388883,17.182310544388883,10.733577301592256,2025-11-19 15:15:00,15,11,2
181.91,174.2693869504906,7.640613049509398,7.640613049509398,4.20021606811577,2025-11-19 15:30:00,15,11,2
182.0,184.1244086757478,-2.1244086757477874,2.1244086757477874,1.167257514147136,2025-11-19 15:45:00,15,11,2
170.0,169.99086783187354,0.009132168126456008,0.009132168126456008,0.005371863603797652,2025-11-19 16:00:00,16,11,2
173.38,174.26112000609325,-0.8811200060932549,0.8811200060932549,0.5082016415349261,2025-11-19 16:15:00,16,11,2
178.81,189.94728981444487,-11.13728981444487,11.13728981444487,6.228560938675057,2025-11-19 16:30:00,16,11,2
181.97,178.16876287174307,3.801237128256929,3.801237128256929,2.0889361588486723,2025-11-19 16:45:00,16,11,2
188.66,169.3190601417155,19.340939858284486,19.340939858284486,10.251743802758659,2025-11-19 17:00:00,17,11,2
178.06,187.03951359901578,-8.979513599015775,8.979513599015775,5.042970683486338,2025-11-19 17:15:00,17,11,2
166.29,178.37120760588374,-12.081207605883748,12.081207605883748,7.265143788492241,2025-11-19 17:30:00,17,11,2
147.02,168.3124587246246,-21.292458724624595,21.292458724624595,14.482695364320906,2025-11-19 17:45:00,17,11,2
162.44,156.80846599358463,5.6315340064153645,5.6315340064153645,3.466839452361096,2025-11-19 18:00:00,18,11,2
155.5,160.1377503369556,-4.637750336955605,4.637750336955605,2.9824761009360805,2025-11-19 18:15:00,18,11,2
145.79,147.53565520532385,-1.7456552053238568,1.7456552053238568,1.1973765040975766,2025-11-19 18:30:00,18,11,2
124.08,130.48711391421872,-6.407113914218726,6.407113914218726,5.163695933445137,2025-11-19 18:45:00,18,11,2
139.5,136.41838892316215,3.081611076837845,3.081611076837845,2.2090401984500683,2025-11-19 19:00:00,19,11,2
129.28,137.15291902909564,-7.872919029095641,7.872919029095641,6.089819793545514,2025-11-19 19:15:00,19,11,2
121.71,120.63058084475765,1.0794191552423484,1.0794191552423484,0.8868779518875594,2025-11-19 19:30:00,19,11,2
123.98,102.40147539867965,21.578524601320353,21.578524601320353,17.404843201581187,2025-11-19 19:45:00,19,11,2
122.54,136.27885472749958,-13.738854727499572,13.738854727499572,11.21173064101483,2025-11-19 20:00:00,20,11,2
111.07,113.52855859896613,-2.4585585989661354,2.4585585989661354,2.213521742114104,2025-11-19 20:15:00,20,11,2
104.43,103.55020233759817,0.8797976624018418,0.8797976624018418,0.84247597663683,2025-11-19 20:30:00,20,11,2
95.38,107.33170801708107,-11.951708017081074,11.951708017081074,12.530622789978061,2025-11-19 20:45:00,20,11,2
106.2,96.86347857380736,9.336521426192647,9.336521426192647,8.791451437092887,2025-11-19 21:00:00,21,11,2
104.92,99.12145274704721,5.798547252952787,5.798547252952787,5.526636726032011,2025-11-19 21:15:00,21,11,2
103.57,98.13728494997957,5.43271505002042,5.43271505002042,5.245452399363155,2025-11-19 21:30:00,21,11,2
93.93,93.591733885385,0.3382661146150099,0.3382661146150099,0.3601257474875012,2025-11-19 21:45:00,21,11,2
100.03,101.58027539346071,-1.5502753934607085,1.5502753934607085,1.549810450325611,2025-11-19 22:00:00,22,11,2
99.38,99.96115626213276,-0.5811562621327653,0.5811562621327653,0.5847819099746079,2025-11-19 22:15:00,22,11,2
101.66,97.82637086242806,3.8336291375719327,3.8336291375719327,3.771030038925765,2025-11-19 22:30:00,22,11,2
95.61,92.09336469144023,3.5166353085597706,3.5166353085597706,3.6781040775648686,2025-11-19 22:45:00,22,11,2
93.36,98.91769100899276,-5.557691008992762,5.557691008992762,5.952968090180765,2025-11-19 23:00:00,23,11,2
91.13,92.8697610087645,-1.7397610087645035,1.7397610087645035,1.9090980014973156,2025-11-19 23:15:00,23,11,2
87.92,93.83686393877142,-5.916863938771414,5.916863938771414,6.72982704591835,2025-11-19 23:30:00,23,11,2
85.58,83.90895833842796,1.6710416615720334,1.6710416615720334,1.9526076905492327,2025-11-19 23:45:00,23,11,2
95.83,86.53639773111345,9.293602268886545,9.293602268886545,9.698009254812215,2025-11-20 00:00:00,0,11,3
92.39,96.212505058103,-3.8225050581030047,3.8225050581030047,4.137358002059751,2025-11-20 00:15:00,0,11,3
89.12,89.64686643314286,-0.5268664331428567,0.5268664331428567,0.5911876493972809,2025-11-20 00:30:00,0,11,3
86.9,87.45379931938062,-0.5537993193806159,0.5537993193806159,0.6372834515312035,2025-11-20 00:45:00,0,11,3
89.49,97.64655793612764,-8.15655793612764,8.15655793612764,9.11449093320778,2025-11-20 01:00:00,1,11,3
88.28,89.67340726371992,-1.3934072637199222,1.3934072637199222,1.5783951786587247,2025-11-20 01:15:00,1,11,3
86.34,87.51556982154085,-1.1755698215408472,1.1755698215408472,1.3615587462831216,2025-11-20 01:30:00,1,11,3
84.9,86.28001634388426,-1.3800163438842503,1.3800163438842503,1.62546094686013,2025-11-20 01:45:00,1,11,3
85.99,89.76571855503687,-3.7757185550368746,3.7757185550368746,4.390880980389435,2025-11-20 02:00:00,2,11,3
85.02,88.01860632069766,-2.998606320697661,2.998606320697661,3.5269422732270774,2025-11-20 02:15:00,2,11,3
84.36,85.96770844124622,-1.607708441246217,1.607708441246217,1.9057710304009212,2025-11-20 02:30:00,2,11,3
84.14,85.62723023544402,-1.4872302354440166,1.4872302354440166,1.7675662413168727,2025-11-20 02:45:00,2,11,3
84.14,88.07510149000763,-3.935101490007625,3.935101490007625,4.6768498811595265,2025-11-20 03:00:00,3,11,3
84.96,86.39215678281703,-1.4321567828170316,1.4321567828170316,1.685683595594435,2025-11-20 03:15:00,3,11,3
84.71,87.25897916312816,-2.548979163128166,2.548979163128166,3.0090652380216816,2025-11-20 03:30:00,3,11,3
84.34,87.14372971787982,-2.8037297178798184,2.8037297178798184,3.324317901209175,2025-11-20 03:45:00,3,11,3
83.66,87.45580257075372,-3.7958025707537217,3.7958025707537217,4.537177349693667,2025-11-20 04:00:00,4,11,3
84.17,87.6549217278845,-3.4849217278844975,3.4849217278844975,4.140337089086963,2025-11-20 04:15:00,4,11,3
84.89,87.4117545892498,-2.5217545892497952,2.5217545892497952,2.9706144295556545,2025-11-20 04:30:00,4,11,3
86.1,87.8095514434747,-1.7095514434747088,1.7095514434747088,1.9855417461959453,2025-11-20 04:45:00,4,11,3
85.73,88.85771385409086,-3.1277138540908567,3.1277138540908567,3.6483306358227647,2025-11-20 05:00:00,5,11,3
90.04,89.24077362410273,0.7992263758972769,0.7992263758972769,0.8876348021959981,2025-11-20 05:15:00,5,11,3
89.5,93.62564866050667,-4.12564866050667,4.12564866050667,4.609663307828681,2025-11-20 05:30:00,5,11,3
92.22,92.76058159287226,-0.5405815928722575,0.5405815928722575,0.5861869365346536,2025-11-20 05:45:00,5,11,3
88.9,94.65445447468844,-5.75445447468843,5.75445447468843,6.472952165003858,2025-11-20 06:00:00,6,11,3
98.72,95.2890572459313,3.4309427540686954,3.4309427540686954,3.4754282354828763,2025-11-20 06:15:00,6,11,3
104.75,101.35207280389133,3.397927196108668,3.397927196108668,3.243844578624027,2025-11-20 06:30:00,6,11,3
119.98,107.92731917117095,12.052680828829054,12.052680828829054,10.045574953183076,2025-11-20 06:45:00,6,11,3
137.44,116.27235584240955,21.167644157590445,21.167644157590445,15.401370894637983,2025-11-20 07:00:00,7,11,3
136.28,141.31152130646106,-5.031521306461059,5.031521306461059,3.692046746742779,2025-11-20 07:15:00,7,11,3
146.76,135.15965901788348,11.600340982116506,11.600340982116506,7.904293392011792,2025-11-20 07:30:00,7,11,3
157.15,155.01241644255353,2.137583557446476,2.137583557446476,1.360218617528779,2025-11-20 07:45:00,7,11,3
153.93,162.08575786718205,-8.155757867182047,8.155757867182047,5.298355010187778,2025-11-20 08:00:00,8,11,3
162.18,142.98773030994536,19.192269690054644,19.192269690054644,11.833931243096956,2025-11-20 08:15:00,8,11,3
157.08,162.0389950090659,-4.958995009065887,4.958995009065887,3.156986891434866,2025-11-20 08:30:00,8,11,3
151.73,157.58876001716106,-5.8587600171610745,5.8587600171610745,3.8613062790226556,2025-11-20 08:45:00,8,11,3
172.47,143.85632031208246,28.61367968791754,28.61367968791754,16.59052570761149,2025-11-20 09:00:00,9,11,3
153.75,174.49444673077286,-20.744446730772864,20.744446730772864,13.492323076925441,2025-11-20 09:15:00,9,11,3
150.8,141.98423871636953,8.81576128363048,8.81576128363048,5.845995546174057,2025-11-20 09:30:00,9,11,3
135.54,141.74644020157112,-6.206440201571127,6.206440201571127,4.579046924576603,2025-11-20 09:45:00,9,11,3
162.28,152.31963021040525,9.96036978959475,9.96036978959475,6.137767925557524,2025-11-20 10:00:00,10,11,3
141.79,147.45260212354268,-5.662602123542683,5.662602123542683,3.993654082475974,2025-11-20 10:15:00,10,11,3
136.0,134.17316352112087,1.8268364788791303,1.8268364788791303,1.3432621168228898,2025-11-20 10:30:00,10,11,3
127.66,120.62742142005212,7.032578579947881,7.032578579947881,5.5088348581763125,2025-11-20 10:45:00,10,11,3
138.4,151.11048236369655,-12.710482363696542,12.710482363696542,9.183874540243165,2025-11-20 11:00:00,11,11,3
133.92,123.68606988446126,10.233930115538726,10.233930115538726,7.641823562976947,2025-11-20 11:15:00,11,11,3
130.9,127.21955413030955,3.680445869690459,3.680445869690459,2.8116469592746056,2025-11-20 11:30:00,11,11,3
125.71,121.78087287216002,3.929127127839976,3.929127127839976,3.1255485863017873,2025-11-20 11:45:00,11,11,3
130.78,134.33652943756934,-3.5565294375693384,3.5565294375693384,2.7194750249039137,2025-11-20 12:00:00,12,11,3
126.16,127.96498090490334,-1.8049809049033456,1.8049809049033456,1.430707755947484,2025-11-20 12:15:00,12,11,3
127.48,123.17700147346432,4.3029985265356885,4.3029985265356885,3.3754302843863258,2025-11-20 12:30:00,12,11,3
127.12,122.70732406736153,4.412675932638479,4.412675932638479,3.4712680401498415,2025-11-20 12:45:00,12,11,3
123.53,131.20231519931548,-7.672315199315477,7.672315199315477,6.210892252339899,2025-11-20 13:00:00,13,11,3
125.17,119.7151260487415,5.454873951258506,5.454873951258506,4.357972318653436,2025-11-20 13:15:00,13,11,3
128.0,126.63210113053614,1.3678988694638576,1.3678988694638576,1.0686709917686388,2025-11-20 13:30:00,13,11,3
130.44,127.64695514638672,2.7930448536132815,2.7930448536132815,2.1412487378206695,2025-11-20 13:45:00,13,11,3
124.97,126.77115452547321,-1.8011545254732084,1.8011545254732084,1.4412695250645824,2025-11-20 14:00:00,14,11,3
133.67,125.35809701716383,8.311902982836159,8.311902982836159,6.218226215931892,2025-11-20 14:15:00,14,11,3
138.51,135.9281615440296,2.5818384559703986,2.5818384559703986,1.8640087040433173,2025-11-20 14:30:00,14,11,3
139.66,138.9130644581894,0.7469355418105863,0.7469355418105863,0.5348242458904384,2025-11-20 14:45:00,14,11,3
132.18,132.50728326449956,-0.327283264499556,0.327283264499556,0.247604224920227,2025-11-20 15:00:00,15,11,3
145.12,137.4187548440814,7.701245155918599,7.701245155918599,5.306811711630788,2025-11-20 15:15:00,15,11,3
150.0,148.98027621274647,1.0197237872535254,1.0197237872535254,0.6798158581690169,2025-11-20 15:30:00,15,11,3
171.44,148.50640128600665,22.933598713993348,22.933598713993348,13.37704078044409,2025-11-20 15:45:00,15,11,3
150.83,160.24535317603,-9.415353176029981,9.415353176029981,6.242361052860824,2025-11-20 16:00:00,16,11,3
164.11,154.3900732811534,9.719926718846608,9.719926718846608,5.922811966879902,2025-11-20 16:15:00,16,11,3
183.93,165.7969689523808,18.1330310476192,18.1330310476192,9.85865875475409,2025-11-20 16:30:00,16,11,3
193.59,198.2647108857289,-4.674710885728899,4.674710885728899,2.4147481201141066,2025-11-20 16:45:00,16,11,3
176.4,168.5866766078795,7.813323392120509,7.813323392120509,4.429321650861966,2025-11-20 17:00:00,17,11,3
178.08,178.38160925315003,-0.3016092531500192,0.3016092531500192,0.16936728052000177,2025-11-20 17:15:00,17,11,3
175.02,192.06695641132924,-17.046956411329234,17.046956411329234,9.740004805924599,2025-11-20 17:30:00,17,11,3
170.31,183.27028546594434,-12.960285465944338,12.960285465944338,7.6098206012238485,2025-11-20 17:45:00,17,11,3
169.78,156.5538827453757,13.226117254624313,13.226117254624313,7.790150344342274,2025-11-20 18:00:00,18,11,3
163.74,171.36022506124323,-7.620225061243218,7.620225061243218,4.653856761477475,2025-11-20 18:15:00,18,11,3
159.67,161.7179348663292,-2.0479348663292,2.0479348663292,1.2826046635743722,2025-11-20 18:30:00,18,11,3
158.32,157.03237785660394,1.2876221433960495,1.2876221433960495,0.813303526652381,2025-11-20 18:45:00,18,11,3
162.7,155.13043676259025,7.569563237409739,7.569563237409739,4.652466648684536,2025-11-20 19:00:00,19,11,3
153.03,154.2856556189375,-1.25565561893751,1.25565561893751,0.8205290589672025,2025-11-20 19:15:00,19,11,3
149.73,145.07256687010207,4.657433129897925,4.657433129897925,3.110554417884141,2025-11-20 19:30:00,19,11,3
142.41,145.62060165934832,-3.2106016593483275,3.2106016593483275,2.2544776766718124,2025-11-20 19:45:00,19,11,3
141.23,144.1946369998786,-2.9646369998786213,2.9646369998786213,2.099155278537578,2025-11-20 20:00:00,20,11,3
142.61,132.23957189492947,10.370428105070545,10.370428105070545,7.271880025994351,2025-11-20 20:15:00,20,11,3
130.55,137.9019231251686,-7.351923125168582,7.351923125168582,5.631499904380377,2025-11-20 20:30:00,20,11,3
115.83,121.91943691917979,-6.089436919179789,6.089436919179789,5.257219130777682,2025-11-20 20:45:00,20,11,3
128.04,114.57543355030731,13.464566449692683,13.464566449692683,10.515906318098004,2025-11-20 21:00:00,21,11,3
121.29,131.0858981129068,-9.795898112906784,9.795898112906784,8.076426838904101,2025-11-20 21:15:00,21,11,3
111.34,110.05859461989328,1.281405380106719,1.281405380106719,1.1508940004551094,2025-11-20 21:30:00,21,11,3
100.93,97.25075863311534,3.6792413668846677,3.6792413668846677,3.6453397076039504,2025-11-20 21:45:00,21,11,3
111.49,111.73797040025872,-0.24797040025872263,0.24797040025872263,0.22241492533744966,2025-11-20 22:00:00,22,11,3
107.22,108.2695768952187,-1.0495768952187063,1.0495768952187063,0.9789002939924513,2025-11-20 22:15:00,22,11,3
101.8,97.89065159657142,3.909348403428581,3.909348403428581,3.8402243648610814,2025-11-20 22:30:00,22,11,3
96.9,91.2998201225324,5.60017987746761,5.60017987746761,5.779339398831383,2025-11-20 22:45:00,22,11,3
102.04,105.48751545458731,-3.447515454587304,3.447515454587304,3.3785921742329514,2025-11-20 23:00:00,23,11,3
90.95,99.42139263236331,-8.471392632363305,8.471392632363305,9.314340442400555,2025-11-20 23:15:00,23,11,3
87.21,86.12452611864876,1.0854738813512341,1.0854738813512341,1.244666759948669,2025-11-20 23:30:00,23,11,3
83.23,84.21080246180222,-0.9808024618022131,0.9808024618022131,1.1784242001708676,2025-11-20 23:45:00,23,11,3
100.59,91.64999517373874,8.940004826261259,8.940004826261259,8.887568174034454,2025-11-21 00:00:00,0,11,4
99.24,94.50133202272696,4.738667977273039,4.738667977273039,4.774957655454493,2025-11-21 00:15:00,0,11,4
94.53,94.61842356657968,-0.08842356657967798,0.08842356657967798,0.09354021641772768,2025-11-21 00:30:00,0,11,4
88.57,89.5237214197372,-0.9537214197372066,0.9537214197372066,1.076799615826134,2025-11-21 00:45:00,0,11,4
98.65,104.37665733508788,-5.726657335087879,5.726657335087879,5.805025174949699,2025-11-21 01:00:00,1,11,4
93.55,100.82628441667495,-7.2762844166749545,7.2762844166749545,7.77796303225543,2025-11-21 01:15:00,1,11,4
88.23,90.68289181733218,-2.4528918173321728,2.4528918173321728,2.780110866295107,2025-11-21 01:30:00,1,11,4
86.87,84.60707606488583,2.2629239351141734,2.2629239351141734,2.604954455064088,2025-11-21 01:45:00,1,11,4
91.24,98.62362076546931,-7.383620765469317,7.383620765469317,8.092526047204425,2025-11-21 02:00:00,2,11,4
86.64,90.71794076794967,-4.07794076794967,4.07794076794967,4.706764505943756,2025-11-21 02:15:00,2,11,4
86.53,84.36159876863874,2.1684012313612584,2.1684012313612584,2.505953116099917,2025-11-21 02:30:00,2,11,4
85.86,87.83492095345115,-1.9749209534511465,1.9749209534511465,2.300164166609768,2025-11-21 02:45:00,2,11,4
87.31,92.76281538827887,-5.452815388278864,5.452815388278864,6.245350347358681,2025-11-21 03:00:00,3,11,4
86.59,86.68816867737476,-0.09816867737475832,0.09816867737475832,0.11337184129201791,2025-11-21 03:15:00,3,11,4
85.83,89.04842692008225,-3.2184269200822513,3.2184269200822513,3.7497692183178972,2025-11-21 03:30:00,3,11,4
86.43,87.93002934751857,-1.5000293475185629,1.5000293475185629,1.7355424592370272,2025-11-21 03:45:00,3,11,4
85.33,90.94356474769333,-5.6135647476933315,5.6135647476933315,6.578653167342472,2025-11-21 04:00:00,4,11,4
85.76,88.04027163107844,-2.280271631078435,2.280271631078435,2.6588988235522795,2025-11-21 04:15:00,4,11,4
88.25,88.48056235684041,-0.2305623568404087,0.2305623568404087,0.2612604610089617,2025-11-21 04:30:00,4,11,4
95.26,91.85939925747238,3.4006007425276294,3.4006007425276294,3.5698097234176247,2025-11-21 04:45:00,4,11,4
85.1,96.9500722661088,-11.85007226610881,11.85007226610881,13.92487927862375,2025-11-21 05:00:00,5,11,4
92.7,87.2745014578229,5.42549854217711,5.42549854217711,5.8527492364370115,2025-11-21 05:15:00,5,11,4
98.29,98.40802379645115,-0.11802379645114058,0.11802379645114058,0.12007711511968723,2025-11-21 05:30:00,5,11,4
110.16,106.89493730262268,3.265062697377317,3.265062697377317,2.9639276483091113,2025-11-21 05:45:00,5,11,4
99.76,102.58192031891761,-2.8219203189176056,2.8219203189176056,2.828709221048121,2025-11-21 06:00:00,6,11,4
111.03,105.17035619033936,5.859643809660639,5.859643809660639,5.277532027074339,2025-11-21 06:15:00,6,11,4
125.13,117.49856334386507,7.631436656134923,7.631436656134923,6.098806566079216,2025-11-21 06:30:00,6,11,4
161.73,135.5287514829899,26.2012485170101,26.2012485170101,16.200611214375872,2025-11-21 06:45:00,6,11,4
148.57,148.7774765977604,-0.2074765977604045,0.2074765977604045,0.13964905281039544,2025-11-21 07:00:00,7,11,4
177.42,147.72092744152604,29.699072558473944,29.699072558473944,16.739416389625717,2025-11-21 07:15:00,7,11,4
185.05,182.41025581480244,2.6397441851975714,2.6397441851975714,1.4265032073480526,2025-11-21 07:30:00,7,11,4
194.74,207.82523800036054,-13.085238000360533,13.085238000360533,6.719337578494676,2025-11-21 07:45:00,7,11,4
223.54,170.06522661875238,53.474773381247616,53.474773381247616,23.921791796209906,2025-11-21 08:00:00,8,11,4
217.5,232.19175824880577,-14.691758248805769,14.691758248805769,6.754831378761274,2025-11-21 08:15:00,8,11,4
194.69,206.63503518714748,-11.945035187147482,11.945035187147482,6.135412803506847,2025-11-21 08:30:00,8,11,4
164.04,189.74742167502217,-25.707421675022175,25.707421675022175,15.671434817740904,2025-11-21 08:45:00,8,11,4
214.27,186.22332552931869,28.046674470681324,28.046674470681324,13.089407976236208,2025-11-21 09:00:00,9,11,4
185.4,212.2968140485794,-26.896814048579387,26.896814048579387,14.507450943138828,2025-11-21 09:15:00,9,11,4
165.75,158.5302376783194,7.219762321680605,7.219762321680605,4.355814372054664,2025-11-21 09:30:00,9,11,4
148.64,133.91946993317578,14.72053006682421,14.72053006682421,9.903478247325223,2025-11-21 09:45:00,9,11,4
174.68,192.4329918622884,-17.752991862288383,17.752991862288383,10.163150825674595,2025-11-21 10:00:00,10,11,4
153.29,155.8609289615483,-2.5709289615483044,2.5709289615483044,1.6771667829266776,2025-11-21 10:15:00,10,11,4
141.36,133.72138501436322,7.638614985636792,7.638614985636792,5.403660855713633,2025-11-21 10:30:00,10,11,4
123.57,125.3024712655656,-1.7324712655656072,1.7324712655656072,1.4020160763661143,2025-11-21 10:45:00,10,11,4
150.14,148.7973006236317,1.342699376368273,1.342699376368273,0.8942982392222413,2025-11-21 11:00:00,11,11,4
140.0,137.7773248464762,2.222675153523795,2.222675153523795,1.5876251096598535,2025-11-21 11:15:00,11,11,4
132.49,127.81709656219624,4.672903437803768,4.672903437803768,3.5269857633057344,2025-11-21 11:30:00,11,11,4
125.96,114.94266790937087,11.017332090629125,11.017332090629125,8.746691084970726,2025-11-21 11:45:00,11,11,4
132.79,149.00883355918012,-16.218833559180126,16.218833559180126,12.21389679884037,2025-11-21 12:00:00,12,11,4
128.77,127.42947816978739,1.340521830212623,1.340521830212623,1.041020292158595,2025-11-21 12:15:00,12,11,4
129.12,122.81780981426911,6.302190185730893,6.302190185730893,4.880878396631733,2025-11-21 12:30:00,12,11,4
130.34,123.41920392663894,6.9207960733610605,6.9207960733610605,5.3098021124451895,2025-11-21 12:45:00,12,11,4
125.9,136.2649433700964,-10.364943370096398,10.364943370096398,8.232679404365685,2025-11-21 13:00:00,13,11,4
130.58,122.99789759637562,7.58210240362439,7.58210240362439,5.806480627679882,2025-11-21 13:15:00,13,11,4
135.05,131.58410616186646,3.465893838133553,3.465893838133553,2.5663782585216977,2025-11-21 13:30:00,13,11,4
149.99,135.79210595617803,14.197894043821975,14.197894043821975,9.465893755465014,2025-11-21 13:45:00,13,11,4
119.46,144.2815593619505,-24.82155936195052,24.82155936195052,20.77813440645448,2025-11-21 14:00:00,14,11,4
145.45,120.3881613371297,25.061838662870286,25.061838662870286,17.230552535490055,2025-11-21 14:15:00,14,11,4
170.32,151.3545588843901,18.965441115609906,18.965441115609906,11.13518149108144,2025-11-21 14:30:00,14,11,4
171.63,180.3815929154813,-8.751592915481297,8.751592915481297,5.099104419670977,2025-11-21 14:45:00,14,11,4
147.04,137.49933898499086,9.540661015009135,9.540661015009135,6.488480015648215,2025-11-21 15:00:00,15,11,4
169.98,161.1386773761768,8.841322623823203,8.841322623823203,5.201389942242148,2025-11-21 15:15:00,15,11,4
199.4,191.49296821216987,7.907031787830135,7.907031787830135,3.9654121303059857,2025-11-21 15:30:00,15,11,4
258.95,197.3353289218918,61.61467107810819,61.61467107810819,23.79404173705665,2025-11-21 15:45:00,15,11,4
192.62,223.90100358525308,-31.281003585253075,31.281003585253075,16.2397485127469,2025-11-21 16:00:00,16,11,4
232.31,189.7640037906328,42.54599620936719,42.54599620936719,18.31431974920029,2025-11-21 16:15:00,16,11,4
252.92,250.30690824551442,2.6130917544855663,2.6130917544855663,1.0331692845506746,2025-11-21 16:30:00,16,11,4
304.74,295.91429231512154,8.825707684878466,8.825707684878466,2.8961434944144075,2025-11-21 16:45:00,16,11,4
251.95,234.62734109036293,17.322658909637056,17.322658909637056,6.875435169532469,2025-11-21 17:00:00,17,11,4
262.82,261.4702755834423,1.3497244165577058,1.3497244165577058,0.5135546825042637,2025-11-21 17:15:00,17,11,4
239.38,271.8014491954078,-32.42144919540783,32.42144919540783,13.543925639321511,2025-11-21 17:30:00,17,11,4
223.15,280.8334873386103,-57.68348733861032,57.68348733861032,25.849647026040923,2025-11-21 17:45:00,17,11,4
221.76,182.644616571936,39.11538342806398,39.11538342806398,17.638610853203453,2025-11-21 18:00:00,18,11,4
209.22,233.92888202300782,-24.708882023007817,24.708882023007817,11.81000001099695,2025-11-21 18:15:00,18,11,4
188.93,192.39173427084043,-3.4617342708404237,3.4617342708404237,1.8322840580322994,2025-11-21 18:30:00,18,11,4
177.32,177.96617461420254,-0.6461746142025504,0.6461746142025504,0.3644115803082283,2025-11-21 18:45:00,18,11,4
178.6,177.4286805804168,1.1713194195831989,1.1713194195831989,0.6558339415359455,2025-11-21 19:00:00,19,11,4
161.98,170.1471436060887,-8.1671436060887,8.1671436060887,5.042069148097729,2025-11-21 19:15:00,19,11,4
163.46,144.53872326103075,18.921276738969254,18.921276738969254,11.575478244811729,2025-11-21 19:30:00,19,11,4
162.76,153.33007774916356,9.429922250836427,9.429922250836427,5.793759062937101,2025-11-21 19:45:00,19,11,4
168.98,161.92676519292573,7.053234807074261,7.053234807074261,4.174005685332147,2025-11-21 20:00:00,20,11,4
148.4,151.36725894815683,-2.9672589481568252,2.9672589481568252,1.9995006389196934,2025-11-21 20:15:00,20,11,4
120.24,144.63493815542066,-24.39493815542066,24.39493815542066,20.2885380534104,2025-11-21 20:30:00,20,11,4
113.15,120.51386579469764,-7.363865794697631,7.363865794697631,6.508056380643066,2025-11-21 20:45:00,20,11,4
124.43,125.4647947728096,-1.0347947728095903,1.0347947728095903,0.8316280421197382,2025-11-21 21:00:00,21,11,4
113.42,113.53269314983282,-0.11269314983282186,0.11269314983282186,0.09935915167767753,2025-11-21 21:15:00,21,11,4
105.76,89.93921382726509,15.820786172734913,15.820786172734913,14.959139724598064,2025-11-21 21:30:00,21,11,4
96.9,99.21818276435027,-2.3181827643502686,2.3181827643502686,2.3923454740456847,2025-11-21 21:45:00,21,11,4
116.08,108.14366027354544,7.9363397264545625,7.9363397264545625,6.836957035195177,2025-11-21 22:00:00,22,11,4
109.28,109.1588240535655,0.12117594643450502,0.12117594643450502,0.11088574893347823,2025-11-21 22:15:00,22,11,4
98.24,100.07666662585615,-1.8366666258561537,1.8366666258561537,1.8695710768079743,2025-11-21 22:30:00,22,11,4
87.39,88.44758893454974,-1.0575889345497416,1.0575889345497416,1.2101944553721724,2025-11-21 22:45:00,22,11,4
103.24,105.0327732720028,-1.7927732720028047,1.7927732720028047,1.7365103370813686,2025-11-21 23:00:00,23,11,4
92.87,101.41708199429374,-8.547081994293734,8.547081994293734,9.203275540318439,2025-11-21 23:15:00,23,11,4
88.34,83.32528964138189,5.014710358618117,5.014710358618117,5.676602171856596,2025-11-21 23:30:00,23,11,4
83.43,79.14267816204986,4.287321837950145,4.287321837950145,5.138825168344894,2025-11-21 23:45:00,23,11,4
92.59,97.21938878166047,-4.629388781660467,4.629388781660467,4.999879880829967,2025-11-22 00:00:00,0,11,5
70.7,85.2527919473018,-14.552791947301799,14.552791947301799,20.58386414045516,2025-11-22 00:15:00,0,11,5
49.28,66.3940356860767,-17.114035686076704,17.114035686076704,34.72815683051279,2025-11-22 00:30:00,0,11,5
38.22,49.31375162573831,-11.093751625738314,11.093751625738314,29.026037743951633,2025-11-22 00:45:00,0,11,5
43.99,55.74712437941744,-11.75712437941744,11.75712437941744,26.726811501289934,2025-11-22 01:00:00,1,11,5
36.35,35.87708333173149,0.4729166682685104,0.4729166682685104,1.3010087160069062,2025-11-22 01:15:00,1,11,5
31.03,23.776223001529523,7.253776998470478,7.253776998470478,23.37665806790357,2025-11-22 01:30:00,1,11,5
25.98,25.77824437893534,0.2017556210646596,0.2017556210646596,0.7765805275775967,2025-11-22 01:45:00,1,11,5
31.19,36.21304868773136,-5.023048687731357,5.023048687731357,16.104676780158247,2025-11-22 02:00:00,2,11,5
26.25,30.558877690211695,-4.308877690211695,4.308877690211695,16.41477215318741,2025-11-22 02:15:00,2,11,5
23.15,25.579609203484274,-2.429609203484276,2.429609203484276,10.495072153279809,2025-11-22 02:30:00,2,11,5
22.03,22.793381171224734,-0.7633811712247329,0.7633811712247329,3.465189156716899,2025-11-22 02:45:00,2,11,5
23.45,31.53601932359842,-8.086019323598421,8.086019323598421,34.48195873602739,2025-11-22 03:00:00,3,11,5
21.54,24.512157121224426,-2.972157121224427,2.972157121224427,13.798315326018695,2025-11-22 03:15:00,3,11,5
20.35,23.168397016699995,-2.8183970166999934,2.8183970166999934,13.849616789680558,2025-11-22 03:30:00,3,11,5
19.94,23.609829998921963,-3.669829998921962,3.669829998921962,18.404363083861394,2025-11-22 03:45:00,3,11,5
21.5,26.19814889030954,-4.69814889030954,4.69814889030954,21.851855303765298,2025-11-22 04:00:00,4,11,5
20.62,24.824265873376884,-4.204265873376883,4.204265873376883,20.389262237521255,2025-11-22 04:15:00,4,11,5
19.84,23.941994112416165,-4.101994112416165,4.101994112416165,20.675373550484704,2025-11-22 04:30:00,4,11,5
19.6,23.790690449217145,-4.1906904492171435,4.1906904492171435,21.38107372049563,2025-11-22 04:45:00,4,11,5
19.78,26.069491902542914,-6.289491902542913,6.289491902542913,31.797229032067303,2025-11-22 05:00:00,5,11,5
19.47,24.206345326236125,-4.736345326236126,4.736345326236126,24.326375584160896,2025-11-22 05:15:00,5,11,5
19.33,23.718240035000232,-4.3882400350002335,4.3882400350002335,22.701707371961895,2025-11-22 05:30:00,5,11,5
19.15,23.88193719618732,-4.731937196187321,4.731937196187321,24.709854810377657,2025-11-22 05:45:00,5,11,5
19.74,24.611335957897893,-4.8713359578978945,4.8713359578978945,24.67748712207647,2025-11-22 06:00:00,6,11,5
19.79,24.656309956591556,-4.866309956591557,4.866309956591557,24.589742074742585,2025-11-22 06:15:00,6,11,5
20.15,24.556198223866893,-4.406198223866895,4.406198223866895,21.86698870405407,2025-11-22 06:30:00,6,11,5
20.41,24.575888521896047,-4.165888521896047,4.165888521896047,20.41101676578171,2025-11-22 06:45:00,6,11,5
21.24,25.857788405646787,-4.617788405646788,4.617788405646788,21.74100002658563,2025-11-22 07:00:00,7,11,5
21.7,25.972620560672524,-4.272620560672525,4.272620560672525,19.68949567130196,2025-11-22 07:15:00,7,11,5
22.01,26.404353365868438,-4.394353365868437,4.394353365868437,19.96525836378208,2025-11-22 07:30:00,7,11,5
24.01,26.43302686906116,-2.4230268690611574,2.4230268690611574,10.091740395923187,2025-11-22 07:45:00,7,11,5
22.68,28.943790941538367,-6.2637909415383675,6.2637909415383675,27.61812584452543,2025-11-22 08:00:00,8,11,5
24.4,27.043160125817824,-2.6431601258178254,2.6431601258178254,10.832623466466499,2025-11-22 08:15:00,8,11,5
24.1,28.834265690239313,-4.734265690239312,4.734265690239312,19.644255976096726,2025-11-22 08:30:00,8,11,5
24.97,29.89857058906768,-4.928570589067682,4.928570589067682,19.737967917772057,2025-11-22 08:45:00,8,11,5
24.94,27.94853982824389,-3.00853982824389,3.00853982824389,12.063110778844788,2025-11-22 09:00:00,9,11,5
28.56,30.372498611512597,-1.8124986115125985,1.8124986115125985,6.346283653755597,2025-11-22 09:15:00,9,11,5
29.05,32.187566945349786,-3.1375669453497856,3.1375669453497856,10.800574682787557,2025-11-22 09:30:00,9,11,5
28.41,32.97975590424881,-4.569755904248812,4.569755904248812,16.08502606212183,2025-11-22 09:45:00,9,11,5
27.84,31.515726436425204,-3.6757264364252045,3.6757264364252045,13.203040360722717,2025-11-22 10:00:00,10,11,5
27.91,34.522572370729335,-6.612572370729335,6.612572370729335,23.692484309313276,2025-11-22 10:15:00,10,11,5
28.0,32.43436313898443,-4.4343631389844305,4.4343631389844305,15.83701121065868,2025-11-22 10:30:00,10,11,5
26.7,31.541181594840282,-4.8411815948402825,4.8411815948402825,18.131766272810047,2025-11-22 10:45:00,10,11,5
28.65,30.029676480674517,-1.3796764806745188,1.3796764806745188,4.815624714396226,2025-11-22 11:00:00,11,11,5
27.67,32.55477663120882,-4.8847766312088154,4.8847766312088154,17.653692198080286,2025-11-22 11:15:00,11,11,5
21.44,31.25698572863736,-9.81698572863736,9.81698572863736,45.78817970446529,2025-11-22 11:30:00,11,11,5
20.21,24.289977986593364,-4.079977986593363,4.079977986593363,20.187916806498578,2025-11-22 11:45:00,11,11,5
28.16,26.86497946228662,1.2950205377133805,1.2950205377133805,4.598794523129903,2025-11-22 12:00:00,12,11,5
21.98,32.093792188587294,-10.113792188587293,10.113792188587293,46.01361323288123,2025-11-22 12:15:00,12,11,5
19.6,19.62897183350635,-0.02897183350634691,0.02897183350634691,0.1478154770731985,2025-11-22 12:30:00,12,11,5
18.06,21.989190606538784,-3.9291906065387856,3.9291906065387856,21.756315650823844,2025-11-22 12:45:00,12,11,5
20.78,29.05539203599041,-8.275392035990407,8.275392035990407,39.8238307795496,2025-11-22 13:00:00,13,11,5
18.68,20.08675430260658,-1.4067543026065792,1.4067543026065792,7.53080461780824,2025-11-22 13:15:00,13,11,5
18.24,19.884838205418475,-1.644838205418477,1.644838205418477,9.017753319180247,2025-11-22 13:30:00,13,11,5
17.29,20.056723404784503,-2.7667234047845035,2.7667234047845035,16.001870473016215,2025-11-22 13:45:00,13,11,5
16.52,22.66333384211792,-6.143333842117919,6.143333842117919,37.187250860277956,2025-11-22 14:00:00,14,11,5
17.36,17.951285950306286,-0.5912859503062862,0.5912859503062862,3.406025059368008,2025-11-22 14:15:00,14,11,5
17.66,19.83867633694749,-2.1786763369474897,2.1786763369474897,12.336785599929161,2025-11-22 14:30:00,14,11,5
20.47,19.30219535123887,1.1678046487611304,1.1678046487611304,5.7049567599469,2025-11-22 14:45:00,14,11,5
16.79,21.488337438388047,-4.698337438388048,4.698337438388048,27.982950794449362,2025-11-22 15:00:00,15,11,5
18.99,18.707870779887852,0.2821292201121466,0.2821292201121466,1.4856725650981917,2025-11-22 15:15:00,15,11,5
27.8,20.922879507065282,6.8771204929347185,6.8771204929347185,24.737843499765173,2025-11-22 15:30:00,15,11,5
29.36,30.790347235715092,-1.430347235715093,1.430347235715093,4.871754890037783,2025-11-22 15:45:00,15,11,5
15.64,24.840683536428582,-9.200683536428581,9.200683536428581,58.827899849287604,2025-11-22 16:00:00,16,11,5
22.78,16.25889669044321,6.521103309556793,6.521103309556793,28.626441218423142,2025-11-22 16:15:00,16,11,5
26.76,31.972713069341683,-5.212713069341682,5.212713069341682,19.479495774819437,2025-11-22 16:30:00,16,11,5
30.22,28.94935412882996,1.2706458711700392,1.2706458711700392,4.204652121674518,2025-11-22 16:45:00,16,11,5
14.99,17.173267837867556,-2.1832678378675556,2.1832678378675556,14.564828804987028,2025-11-22 17:00:00,17,11,5
26.36,19.048036676659006,7.3119633233409935,7.3119633233409935,27.73885934499618,2025-11-22 17:15:00,17,11,5
30.71,30.991382572134654,-0.28138257213465323,0.28138257213465323,0.9162571544599584,2025-11-22 17:30:00,17,11,5
33.49,33.21417822055149,0.2758217794485134,0.2758217794485134,0.8235944444565941,2025-11-22 17:45:00,17,11,5
24.96,17.76864471102591,7.191355288974091,7.191355288974091,28.81151958723594,2025-11-22 18:00:00,18,11,5
29.49,31.233659942733226,-1.7436599427332276,1.7436599427332276,5.912715980784088,2025-11-22 18:15:00,18,11,5
29.89,32.75893259486404,-2.8689325948640416,2.8689325948640416,9.598302425105526,2025-11-22 18:30:00,18,11,5
30.24,31.63936098156243,-1.399360981562431,1.399360981562431,4.627516473420737,2025-11-22 18:45:00,18,11,5
29.15,21.552321836658308,7.5976781633416905,7.5976781633416905,26.06407603204697,2025-11-22 19:00:00,19,11,5
29.08,31.07983824375876,-1.999838243758763,1.999838243758763,6.877022846488182,2025-11-22 19:15:00,19,11,5
29.69,28.178968494355487,1.5110315056445138,1.5110315056445138,5.0893617569704075,2025-11-22 19:30:00,19,11,5
29.4,28.75299010160098,0.6470098983990198,0.6470098983990198,2.2007139401327205,2025-11-22 19:45:00,19,11,5
29.05,26.90807648733791,2.141923512662089,2.141923512662089,7.373230680420272,2025-11-22 20:00:00,20,11,5
29.66,27.44119799469316,2.2188020053068414,2.2188020053068414,7.4807889592273815,2025-11-22 20:15:00,20,11,5
30.37,28.79368355759993,1.5763164424000706,1.5763164424000706,5.190373534409189,2025-11-22 20:30:00,20,11,5
30.92,28.61517543018283,2.304824569817171,2.304824569817171,7.454154494880889,2025-11-22 20:45:00,20,11,5
30.94,28.817611175076642,2.122388824923359,2.122388824923359,6.85969238824615,2025-11-22 21:00:00,21,11,5
31.94,29.58740235754876,2.35259764245124,2.35259764245124,7.365678279434064,2025-11-22 21:15:00,21,11,5
33.1,30.742975032554938,2.3570249674450636,2.3570249674450636,7.120921351797775,2025-11-22 21:30:00,21,11,5
33.99,31.640082080389256,2.3499179196107463,2.3499179196107463,6.913556691999842,2025-11-22 21:45:00,21,11,5
31.04,31.903751657365742,-0.8637516573657429,0.8637516573657429,2.7827050817195325,2025-11-22 22:00:00,22,11,5
30.92,29.909811549688634,1.010188450311368,1.010188450311368,3.2671036555995085,2025-11-22 22:15:00,22,11,5
30.78,30.738338517463156,0.04166148253684554,0.04166148253684554,0.13535244488903683,2025-11-22 22:30:00,22,11,5
30.75,30.63596864287253,0.11403135712746959,0.11403135712746959,0.37083368171534825,2025-11-22 22:45:00,22,11,5
30.03,27.400674923996625,2.6293250760033757,2.6293250760033757,8.755661258752498,2025-11-22 23:00:00,23,11,5
30.11,28.853400249549395,1.2565997504506043,1.2565997504506043,4.173363501994701,2025-11-22 23:15:00,23,11,5
29.65,29.038011668711928,0.611988331288071,0.611988331288071,2.064041589504455,2025-11-22 23:30:00,23,11,5
27.82,28.685369845053394,-0.8653698450533938,0.8653698450533938,3.110603325138008,2025-11-22 23:45:00,23,11,5
10.15,23.998495352401736,-13.848495352401736,13.848495352401736,136.43837785617475,2025-11-23 00:00:00,0,11,6
9.72,8.542797206666151,1.1772027933338496,1.1772027933338496,12.111139849113679,2025-11-23 00:15:00,0,11,6
8.93,11.114009168167854,-2.1840091681678544,2.1840091681678544,24.456989565149545,2025-11-23 00:30:00,0,11,6
7.98,9.116841034095536,-1.1368410340955357,1.1368410340955357,14.246128246811224,2025-11-23 00:45:00,0,11,6
10.4,-6.365816484865647,16.765816484865645,16.765816484865645,161.2097738929389,2025-11-23 01:00:00,1,11,6
8.24,8.791144760948242,-0.551144760948242,0.551144760948242,6.688650011507792,2025-11-23 01:15:00,1,11,6
9.28,5.939690638021766,3.3403093619782336,3.3403093619782336,35.99471295235166,2025-11-23 01:30:00,1,11,6
9.44,6.998729987700294,2.4412700122997055,2.4412700122997055,25.860911147242643,2025-11-23 01:45:00,1,11,6
10.48,10.476402811262396,0.0035971887376042844,0.0035971887376042844,0.03432432001530805,2025-11-23 02:00:00,2,11,6
11.36,7.592180849810141,3.767819150189858,3.767819150189858,33.16742209674171,2025-11-23 02:15:00,2,11,6
11.02,10.804982880971579,0.21501711902842047,0.21501711902842047,1.9511535302034526,2025-11-23 02:30:00,2,11,6
11.66,9.703768498071387,1.9562315019286132,1.9562315019286132,16.777285608307146,2025-11-23 02:45:00,2,11,6
13.85,11.819366303850977,2.030633696149023,2.030633696149023,14.661615134649985,2025-11-23 03:00:00,3,11,6
11.82,13.791224769003826,-1.9712247690038254,1.9712247690038254,16.677028502570433,2025-11-23 03:15:00,3,11,6
12.89,10.528945269029066,2.3610547309709347,2.3610547309709347,18.316949037788476,2025-11-23 03:30:00,3,11,6
16.61,12.749609951451859,3.8603900485481404,3.8603900485481404,23.24136091841144,2025-11-23 03:45:00,3,11,6
15.48,18.210089494034083,-2.7300894940340825,2.7300894940340825,17.63623704156384,2025-11-23 04:00:00,4,11,6
17.17,12.93464186900798,4.235358130992022,4.235358130992022,24.667199365125345,2025-11-23 04:15:00,4,11,6
20.64,17.240118635929726,3.399881364070275,3.399881364070275,16.47229343057304,2025-11-23 04:30:00,4,11,6
21.69,22.907573311899466,-1.2175733118994643,1.2175733118994643,5.613523798522196,2025-11-23 04:45:00,4,11,6
16.89,20.017863253473642,-3.1278632534736417,3.1278632534736417,18.519024591318185,2025-11-23 05:00:00,5,11,6
17.93,17.768818969440048,0.16118103055995192,0.16118103055995192,0.898946071165376,2025-11-23 05:15:00,5,11,6
21.78,21.649579699478537,0.13042030052146458,0.13042030052146458,0.5988076240654939,2025-11-23 05:30:00,5,11,6
28.37,23.451930047236928,4.918069952763073,4.918069952763073,17.33545982644721,2025-11-23 05:45:00,5,11,6
17.8,24.143615977509555,-6.343615977509554,6.343615977509554,35.63829200848064,2025-11-23 06:00:00,6,11,6
22.34,17.565653491282198,4.774346508717802,4.774346508717802,21.371291444573867,2025-11-23 06:15:00,6,11,6
31.23,26.655977525752153,4.5740224742478475,4.5740224742478475,14.646245514722533,2025-11-23 06:30:00,6,11,6
38.45,37.421564562753495,1.0284354372465074,1.0284354372465074,2.6747345572080814,2025-11-23 06:45:00,6,11,6
25.99,28.146951906535783,-2.1569519065357845,2.1569519065357845,8.299160856236186,2025-11-23 07:00:00,7,11,6
33.69,27.222111224983113,6.467888775016885,6.467888775016885,19.198245102454393,2025-11-23 07:15:00,7,11,6
42.92,41.78368311319847,1.1363168868015308,1.1363168868015308,2.6475230354182915,2025-11-23 07:30:00,7,11,6
49.99,49.10997252149478,0.8800274785052196,0.8800274785052196,1.7604070384181227,2025-11-23 07:45:00,7,11,6
43.34,37.27433367009023,6.065666329909774,6.065666329909774,13.99553837081166,2025-11-23 08:00:00,8,11,6
47.77,46.17174535247145,1.598254647528556,1.598254647528556,3.345728799515503,2025-11-23 08:15:00,8,11,6
50.27,54.54235039243326,-4.27235039243326,4.27235039243326,8.498807225846946,2025-11-23 08:30:00,8,11,6
55.4,55.80489596683872,-0.40489596683872264,0.40489596683872264,0.730859145918272,2025-11-23 08:45:00,8,11,6
66.54,48.86930460703985,17.670695392960155,17.670695392960155,26.55650044027676,2025-11-23 09:00:00,9,11,6
62.44,67.50221028005674,-5.062210280056746,5.062210280056746,8.107319474786589,2025-11-23 09:15:00,9,11,6
62.11,60.59544326369699,1.5145567363030068,1.5145567363030068,2.4385070621526435,2025-11-23 09:30:00,9,11,6
60.63,64.05774335793227,-3.4277433579322647,3.4277433579322647,5.653543390948812,2025-11-23 09:45:00,9,11,6
67.42,69.49561700446066,-2.0756170044606534,2.0756170044606534,3.0786369096123605,2025-11-23 10:00:00,10,11,6
67.44,64.06035004712092,3.3796499528790775,3.3796499528790775,5.011343346499225,2025-11-23 10:15:00,10,11,6
63.37,65.52758037246753,-2.157580372467528,2.157580372467528,3.4047346890761063,2025-11-23 10:30:00,10,11,6
63.55,60.60667463062775,2.9433253693722463,2.9433253693722463,4.631511202788744,2025-11-23 10:45:00,10,11,6
64.41,68.96452768298968,-4.554527682989686,4.554527682989686,7.071149950302262,2025-11-23 11:00:00,11,11,6
66.75,64.73429654398944,2.015703456010556,2.015703456010556,3.01978045844278,2025-11-23 11:15:00,11,11,6
67.16,62.986808620610816,4.173191379389181,4.173191379389181,6.2138049127295725,2025-11-23 11:30:00,11,11,6
68.28,66.14373657319274,2.136263426807261,2.136263426807261,3.1286810585929423,2025-11-23 11:45:00,11,11,6
67.02,67.57268917037672,-0.5526891703767234,0.5526891703767234,0.8246630414454243,2025-11-23 12:00:00,12,11,6
67.46,67.77032284255222,-0.31032284255222464,0.31032284255222464,0.46001014312514776,2025-11-23 12:15:00,12,11,6
68.51,67.1147141291419,1.3952858708581033,1.3952858708581033,2.036616363827329,2025-11-23 12:30:00,12,11,6
68.72,68.84398064119246,-0.12398064119246044,0.12398064119246044,0.18041420429636268,2025-11-23 12:45:00,12,11,6
67.95,66.5642688825858,1.3857311174142097,1.3857311174142097,2.039339392809727,2025-11-23 13:00:00,13,11,6
65.99,67.1821855599399,-1.192185559939901,1.192185559939901,1.8066154871039568,2025-11-23 13:15:00,13,11,6
65.44,66.17243958964707,-0.7324395896470719,0.7324395896470719,1.1192536516611735,2025-11-23 13:30:00,13,11,6
65.7,65.4977913008735,0.2022086991265013,0.2022086991265013,0.3077757977572318,2025-11-23 13:45:00,13,11,6
66.74,64.61880114095078,2.1211988590492155,2.1211988590492155,3.1783021562020015,2025-11-23 14:00:00,14,11,6
68.11,64.35349479736462,3.756505202635381,3.756505202635381,5.5153504663564545,2025-11-23 14:15:00,14,11,6
69.93,66.42879595711013,3.5012040428898814,3.5012040428898814,5.006726788059318,2025-11-23 14:30:00,14,11,6
73.19,68.56859476747516,4.621405232524836,4.621405232524836,6.314257729915066,2025-11-23 14:45:00,14,11,6
71.3,71.62547002708109,-0.32547002708109574,0.32547002708109574,0.45647970137601085,2025-11-23 15:00:00,15,11,6
74.44,69.76547507625911,4.67452492374089,4.67452492374089,6.27958748487492,2025-11-23 15:15:00,15,11,6
80.21,73.8506322089543,6.359367791045699,6.359367791045699,7.928397694858122,2025-11-23 15:30:00,15,11,6
83.21,80.43679077601294,2.7732092239870525,2.7732092239870525,3.332783588495437,2025-11-23 15:45:00,15,11,6
80.41,77.51432994328823,2.895670056711765,2.895670056711765,3.6011317705655577,2025-11-23 16:00:00,16,11,6
77.44,78.70644008291748,-1.2664400829174838,1.2664400829174838,1.6353823384781556,2025-11-23 16:15:00,16,11,6
75.54,79.60948837569516,-4.069488375695158,4.069488375695158,5.3871966847963435,2025-11-23 16:30:00,16,11,6
78.16,77.03909739440049,1.120902605599511,1.120902605599511,1.4341128526094051,2025-11-23 16:45:00,16,11,6
78.9,74.60721231448952,4.29278768551049,4.29278768551049,5.440795545640671,2025-11-23 17:00:00,17,11,6
82.15,74.13588024120746,8.014119758792546,8.014119758792546,9.755471404494882,2025-11-23 17:15:00,17,11,6
80.93,77.45386983069437,3.476130169305634,3.476130169305634,4.295230655264591,2025-11-23 17:30:00,17,11,6
81.38,79.56573564080429,1.814264359195704,1.814264359195704,2.229373751776486,2025-11-23 17:45:00,17,11,6
82.35,78.71522642688967,3.634773573110323,3.634773573110323,4.413811260607557,2025-11-23 18:00:00,18,11,6
81.09,82.02994453546825,-0.9399445354682427,0.9399445354682427,1.1591374219610837,2025-11-23 18:15:00,18,11,6
80.56,77.12540864649782,3.434591353502185,3.434591353502185,4.263395423910358,2025-11-23 18:30:00,18,11,6
86.17,78.20912321130174,7.960876788698258,7.960876788698258,9.238571183356454,2025-11-23 18:45:00,18,11,6
87.37,83.9305229970654,3.439477002934609,3.439477002934609,3.9366796416786185,2025-11-23 19:00:00,19,11,6
86.01,82.06543376650541,3.944566233494598,3.944566233494598,4.5861716468952425,2025-11-23 19:15:00,19,11,6
82.11,80.97689496713092,1.1331050328690822,1.1331050328690822,1.3799842076106226,2025-11-23 19:30:00,19,11,6
79.49,83.23714308033959,-3.7471430803395975,3.7471430803395975,4.713980475958735,2025-11-23 19:45:00,19,11,6
82.17,78.43454451385612,3.735455486143877,3.735455486143877,4.54600886715818,2025-11-23 20:00:00,20,11,6
79.08,79.26086878094023,-0.18086878094023007,0.18086878094023007,0.22871621262042244,2025-11-23 20:15:00,20,11,6
76.77,73.16180305479455,3.6081969452054494,3.6081969452054494,4.700009046770157,2025-11-23 20:30:00,20,11,6
73.39,72.04540948398773,1.3445905160122749,1.3445905160122749,1.8321167952204318,2025-11-23 20:45:00,20,11,6
77.44,73.8560000878629,3.5839999121371022,3.5839999121371022,4.628099060094399,2025-11-23 21:00:00,21,11,6
74.2,73.4237842454609,0.7762157545391091,0.7762157545391091,1.0461128767373438,2025-11-23 21:15:00,21,11,6
72.58,69.74629176814388,2.8337082318561215,2.8337082318561215,3.9042549350456346,2025-11-23 21:30:00,21,11,6
71.21,67.41563356840854,3.794366431591456,3.794366431591456,5.328417963195417,2025-11-23 21:45:00,21,11,6
75.06,72.95268784434042,2.107312155659585,2.107312155659585,2.8075035380490077,2025-11-23 22:00:00,22,11,6
74.38,70.79699196431874,3.58300803568126,3.58300803568126,4.817165952784701,2025-11-23 22:15:00,22,11,6
72.83,70.32628386401538,2.503716135984618,2.503716135984618,3.4377538596520916,2025-11-23 22:30:00,22,11,6
70.64,68.92421117490511,1.71578882509489,1.71578882509489,2.428919627824023,2025-11-23 22:45:00,22,11,6
70.26,72.10681473098259,-1.8468147309825866,1.8468147309825866,2.628543596616263,2025-11-23 23:00:00,23,11,6
69.64,68.6811517029922,0.9588482970078047,0.9588482970078047,1.3768642978285535,2025-11-23 23:15:00,23,11,6
69.51,67.22027623709408,2.289723762905922,2.289723762905922,3.2940925951746824,2025-11-23 23:30:00,23,11,6
67.84,66.32495009544375,1.5150499045562498,1.5150499045562498,2.2332693168576796,2025-11-23 23:45:00,23,11,6
67.17,67.44372900337498,-0.2737290033749815,0.2737290033749815,0.40751675357299616,2025-11-24 00:00:00,0,11,0
68.76,66.800014730591,1.9599852694090032,1.9599852694090032,2.850473050333047,2025-11-24 00:15:00,0,11,0
67.23,68.71058615321813,-1.4805861532181268,1.4805861532181268,2.202270047922247,2025-11-24 00:30:00,0,11,0
67.22,65.60442077032812,1.61557922967188,1.61557922967188,2.403420454733532,2025-11-24 00:45:00,0,11,0
67.97,66.78907419190324,1.1809258080967595,1.1809258080967595,1.7374221098966598,2025-11-24 01:00:00,1,11,0
67.44,69.51706286642126,-2.077062866421258,2.077062866421258,3.079867832771735,2025-11-24 01:15:00,1,11,0
67.96,66.29405821656124,1.665941783438754,1.665941783438754,2.4513563617403684,2025-11-24 01:30:00,1,11,0
68.2,68.04225141607995,0.15774858392005342,0.15774858392005342,0.23130290897368536,2025-11-24 01:45:00,1,11,0
67.35,69.31026477386051,-1.9602647738605157,1.9602647738605157,2.9105638810104173,2025-11-24 02:00:00,2,11,0
69.08,67.45260457309053,1.627395426909473,1.627395426909473,2.355812719903696,2025-11-24 02:15:00,2,11,0
69.15,70.16771995822307,-1.0177199582230685,1.0177199582230685,1.4717569894765992,2025-11-24 02:30:00,2,11,0
68.97,69.78057932587181,-0.8105793258718137,0.8105793258718137,1.1752636303781552,2025-11-24 02:45:00,2,11,0
69.04,69.10239669619135,-0.06239669619134247,0.06239669619134247,0.09037760166764551,2025-11-24 03:00:00,3,11,0
68.9,71.5139545478529,-2.6139545478528987,2.6139545478528987,3.7938382407153823,2025-11-24 03:15:00,3,11,0
69.84,70.17551532280292,-0.3355153228029195,0.3355153228029195,0.48040567411643686,2025-11-24 03:30:00,3,11,0
69.11,70.91870327267549,-1.808703272675487,1.808703272675487,2.6171368436919216,2025-11-24 03:45:00,3,11,0
67.81,70.71603585979977,-2.906035859799772,2.906035859799772,4.285556495796743,2025-11-24 04:00:00,4,11,0
68.63,69.51485669551789,-0.8848566955178967,0.8848566955178967,1.289314724636306,2025-11-24 04:15:00,4,11,0
68.94,71.57833623068068,-2.638336230680679,2.638336230680679,3.827003525791527,2025-11-24 04:30:00,4,11,0
71.59,70.39518384589309,1.1948161541069169,1.1948161541069169,1.6689707418730504,2025-11-24 04:45:00,4,11,0
69.01,72.58239949181976,-3.572399491819752,3.572399491819752,5.176640330125709,2025-11-24 05:00:00,5,11,0
70.99,71.46830545253553,-0.4783054525355368,0.4783054525355368,0.673764547873696,2025-11-24 05:15:00,5,11,0
79.51,73.58639923798441,5.923600762015596,5.923600762015596,7.450133017250152,2025-11-24 05:30:00,5,11,0
85.15,83.58551235940658,1.564487640593427,1.564487640593427,1.837331345382768,2025-11-24 05:45:00,5,11,0
74.25,83.32466408102675,-9.074664081026754,9.074664081026754,12.221769806096638,2025-11-24 06:00:00,6,11,0
87.34,75.83276320915698,11.507236790843024,11.507236790843024,13.175219591072846,2025-11-24 06:15:00,6,11,0
90.05,96.7778125977834,-6.727812597783398,6.727812597783398,7.471196666055967,2025-11-24 06:30:00,6,11,0
117.53,95.75719564425981,21.772804355740192,21.772804355740192,18.525316392189392,2025-11-24 06:45:00,6,11,0
91.94,107.0537198664353,-15.113719866435304,15.113719866435304,16.43867725302948,2025-11-24 07:00:00,7,11,0
98.59,98.13867398747404,0.4513260125259677,0.4513260125259677,0.4577807206876638,2025-11-24 07:15:00,7,11,0
105.41,102.23598795749288,3.1740120425071154,3.1740120425071154,3.0111109406195955,2025-11-24 07:30:00,7,11,0
109.37,131.11555825355,-21.74555825355,21.74555825355,19.882562177516686,2025-11-24 07:45:00,7,11,0
100.63,83.57760552603676,17.052394473963233,17.052394473963233,16.945636961108253,2025-11-24 08:00:00,8,11,0
95.77,99.9205057897346,-4.150505789734609,4.150505789734609,4.333826657340095,2025-11-24 08:15:00,8,11,0
100.0,98.52779762713733,1.472202372862668,1.472202372862668,1.472202372862668,2025-11-24 08:30:00,8,11,0
120.0,102.06597235338899,17.934027646611014,17.934027646611014,14.945023038842512,2025-11-24 08:45:00,8,11,0
115.65,109.87799455365288,5.772005446347123,5.772005446347123,4.990925591307499,2025-11-24 09:00:00,9,11,0
120.0,103.85261573766442,16.147384262335578,16.147384262335578,13.456153551946315,2025-11-24 09:15:00,9,11,0
130.12,116.29996337420874,13.82003662579126,13.82003662579126,10.620993410537396,2025-11-24 09:30:00,9,11,0
133.04,140.5464563808825,-7.506456380882497,7.506456380882497,5.642255247205726,2025-11-24 09:45:00,9,11,0
140.0,123.34366468420995,16.656335315790045,16.656335315790045,11.89738236842146,2025-11-24 10:00:00,10,11,0
142.11,136.54040388890618,5.56959611109383,5.56959611109383,3.919214771018105,2025-11-24 10:15:00,10,11,0
140.54,143.38929368063722,-2.8492936806372313,2.8492936806372313,2.0273898396451058,2025-11-24 10:30:00,10,11,0
140.0,136.71630117728182,3.283698822718179,3.283698822718179,2.3454991590844134,2025-11-24 10:45:00,10,11,0
140.0,141.64461459644752,-1.644614596447525,1.644614596447525,1.1747247117482322,2025-11-24 11:00:00,11,11,0
136.73,138.52846609154057,-1.7984660915405755,1.7984660915405755,1.315341250303939,2025-11-24 11:15:00,11,11,0
118.48,132.43042393061168,-13.950423930611677,13.950423930611677,11.77449690294706,2025-11-24 11:30:00,11,11,0
122.26,116.58547736703855,5.674522632961455,5.674522632961455,4.6413566440057705,2025-11-24 11:45:00,11,11,0
135.47,125.10190538253877,10.368094617461225,10.368094617461225,7.65342483019209,2025-11-24 12:00:00,12,11,0
119.56,133.59092450890432,-14.03092450890432,14.03092450890432,11.735467136922315,2025-11-24 12:15:00,12,11,0
118.37,101.34973766661182,17.02026233338819,17.02026233338819,14.378864858822496,2025-11-24 12:30:00,12,11,0
122.33,120.38352345476795,1.946476545232045,1.946476545232045,1.5911685974266696,2025-11-24 12:45:00,12,11,0
110.94,134.58639616425842,-23.64639616425842,23.64639616425842,21.314581002576546,2025-11-24 13:00:00,13,11,0
115.69,98.38626576792234,17.30373423207766,17.30373423207766,14.956983518089428,2025-11-24 13:15:00,13,11,0
123.63,115.77316321660973,7.856836783390264,7.856836783390264,6.355121558998839,2025-11-24 13:30:00,13,11,0
131.75,126.88564988339027,4.864350116609728,4.864350116609728,3.692106350367915,2025-11-24 13:45:00,13,11,0
130.3,119.79809547639448,10.501904523605532,10.501904523605532,8.05978858296664,2025-11-24 14:00:00,14,11,0
142.26,129.78826516406787,12.471734835932125,12.471734835932125,8.766859859364633,2025-11-24 14:15:00,14,11,0
126.13,145.21905973000162,-19.089059730001622,19.089059730001622,15.13443251407407,2025-11-24 14:30:00,14,11,0
131.76,129.5517217995996,2.2082782004004002,2.2082782004004002,1.6759852765637524,2025-11-24 14:45:00,14,11,0
137.36,130.93766813947732,6.422331860522689,6.422331860522689,4.675547364969924,2025-11-24 15:00:00,15,11,0
146.3,147.47292905712888,-1.1729290571288686,1.1729290571288686,0.8017286788303956,2025-11-24 15:15:00,15,11,0
153.96,130.81456077070754,23.145439229292464,23.145439229292464,15.033410775066553,2025-11-24 15:30:00,15,11,0
155.32,153.58958197933964,1.7304180206603519,1.7304180206603519,1.1140986483777697,2025-11-24 15:45:00,15,11,0
150.71,154.7763161659086,-4.066316165908603,4.066316165908603,2.6981064069461898,2025-11-24 16:00:00,16,11,0
161.49,154.48518217230114,7.004817827698872,7.004817827698872,4.337617083224269,2025-11-24 16:15:00,16,11,0
171.0,166.0943932180723,4.905606781927702,4.905606781927702,2.868775895864153,2025-11-24 16:30:00,16,11,0
203.03,168.56755382118314,34.46244617881686,34.46244617881686,16.974065989665004,2025-11-24 16:45:00,16,11,0
169.38,191.83905745619668,-22.45905745619669,22.45905745619669,13.259568695357594,2025-11-24 17:00:00,17,11,0
181.52,167.6006508697175,13.919349130282512,13.919349130282512,7.668217899009758,2025-11-24 17:15:00,17,11,0
186.38,186.51660450105052,-0.13660450105052746,0.13660450105052746,0.07329354064305584,2025-11-24 17:30:00,17,11,0
185.72,211.72453766366132,-26.004537663661324,26.004537663661324,14.002012526201446,2025-11-24 17:45:00,17,11,0
184.6,155.25318245263665,29.346817547363344,29.346817547363344,15.897517631291086,2025-11-24 18:00:00,18,11,0
161.06,190.76333904559723,-29.703339045597232,29.703339045597232,18.442405963986857,2025-11-24 18:15:00,18,11,0
154.99,164.46427332892995,-9.47427332892994,9.47427332892994,6.11282878181169,2025-11-24 18:30:00,18,11,0
146.12,159.1397878492634,-13.019787849263395,13.019787849263395,8.910339343870376,2025-11-24 18:45:00,18,11,0
150.04,147.14028009068087,2.899719909319117,2.899719909319117,1.9326312378826427,2025-11-24 19:00:00,19,11,0
135.64,131.29704268890393,4.3429573110960575,4.3429573110960575,3.201826386829886,2025-11-24 19:15:00,19,11,0
135.98,128.82882222953114,7.151177770468848,7.151177770468848,5.258992330099168,2025-11-24 19:30:00,19,11,0
123.1,128.15965819450605,-5.059658194506056,5.059658194506056,4.1102016202323775,2025-11-24 19:45:00,19,11,0
122.58,126.07622606289408,-3.496226062894081,3.496226062894081,2.8521994313053365,2025-11-24 20:00:00,20,11,0
110.84,111.67627229499593,-0.836272294995922,0.836272294995922,0.7544860113640581,2025-11-24 20:15:00,20,11,0
113.16,111.77133019309579,1.388669806904204,1.388669806904204,1.2271737424038567,2025-11-24 20:30:00,20,11,0
102.43,103.85628041481738,-1.42628041481737,1.42628041481737,1.392444025009636,2025-11-24 20:45:00,20,11,0
115.58,102.42707442264137,13.15292557735863,13.15292557735863,11.379932148605839,2025-11-24 21:00:00,21,11,0
102.69,106.21421018570291,-3.5242101857029127,3.5242101857029127,3.4318922832826106,2025-11-24 21:15:00,21,11,0
99.09,102.45988104125811,-3.369881041258111,3.369881041258111,3.4008285813483816,2025-11-24 21:30:00,21,11,0
90.98,89.78914760163389,1.1908523983661183,1.1908523983661183,1.308916683189842,2025-11-24 21:45:00,21,11,0
103.6,103.18482775853505,0.41517224146494414,0.41517224146494414,0.4007454068194442,2025-11-24 22:00:00,22,11,0
96.14,94.74013428780766,1.3998657121923372,1.3998657121923372,1.4560700147621566,2025-11-24 22:15:00,22,11,0
88.62,91.51915570125928,-2.899155701259275,2.899155701259275,3.2714462889407296,2025-11-24 22:30:00,22,11,0
82.45,80.98146717512253,1.468532824877471,1.468532824877471,1.78111925394478,2025-11-24 22:45:00,22,11,0
86.23,94.65610676576493,-8.426106765764928,8.426106765764928,9.771665042056044,2025-11-24 23:00:00,23,11,0
81.41,82.98584102766938,-1.5758410276693837,1.5758410276693837,1.93568483929417,2025-11-24 23:15:00,23,11,0
78.05,76.19151481567971,1.858485184320287,1.858485184320287,2.3811469369894773,2025-11-24 23:30:00,23,11,0
74.41,73.75176022102832,0.6582397789716765,0.6582397789716765,0.8846119862541011,2025-11-24 23:45:00,23,11,0
70.34,81.11055494430695,-10.770554944306951,10.770554944306951,15.312133841778437,2025-11-25 00:00:00,0,11,1
68.45,70.6243764480082,-2.1743764480082035,2.1743764480082035,3.1765908663377695,2025-11-25 00:15:00,0,11,1
66.63,70.09238980081301,-3.462389800813014,3.462389800813014,5.196442744729122,2025-11-25 00:30:00,0,11,1
66.04,67.80386429867389,-1.7638642986738802,1.7638642986738802,2.6709029356055116,2025-11-25 00:45:00,0,11,1
66.23,66.84459678173715,-0.6145967817371485,0.6145967817371485,0.9279733983650136,2025-11-25 01:00:00,1,11,1
64.92,68.36261680456235,-3.4426168045623484,3.4426168045623484,5.302860142579094,2025-11-25 01:15:00,1,11,1
64.29,66.7877587069371,-2.4977587069370912,2.4977587069370912,3.885143423451689,2025-11-25 01:30:00,1,11,1
63.87,67.22262958660977,-3.3526295866097726,3.3526295866097726,5.2491460570060635,2025-11-25 01:45:00,1,11,1
63.82,67.9684877547435,-4.148487754743506,4.148487754743506,6.500294194207938,2025-11-25 02:00:00,2,11,1
63.67,66.60538898556105,-2.9353889855610475,2.9353889855610475,4.610317238198598,2025-11-25 02:15:00,2,11,1
63.33,66.84929054261697,-3.5192905426169716,3.5192905426169716,5.557067018185649,2025-11-25 02:30:00,2,11,1
63.0,66.61586471129722,-3.6158647112972204,3.6158647112972204,5.739467795709874,2025-11-25 02:45:00,2,11,1
62.9,67.07110031997438,-4.171100319974379,4.171100319974379,6.631320063552271,2025-11-25 03:00:00,3,11,1
61.8,66.92893571083192,-5.128935710831925,5.128935710831925,8.299248723029006,2025-11-25 03:15:00,3,11,1
61.9,65.69937717292525,-3.7993771729252543,3.7993771729252543,6.1379275814624465,2025-11-25 03:30:00,3,11,1
61.6,65.94377154012992,-4.343771540129914,4.343771540129914,7.051577175535575,2025-11-25 03:45:00,3,11,1
61.86,66.23082332786002,-4.370823327860023,4.370823327860023,7.06566978315555,2025-11-25 04:00:00,4,11,1
62.71,65.58200733955766,-2.872007339557662,2.872007339557662,4.579823536210592,2025-11-25 04:15:00,4,11,1
62.47,67.25861141632497,-4.788611416324969,4.788611416324969,7.6654576858091374,2025-11-25 04:30:00,4,11,1
64.21,66.5227949442477,-2.312794944247713,2.312794944247713,3.601923289593075,2025-11-25 04:45:00,4,11,1
64.04,69.03388064703464,-4.993880647034629,4.993880647034629,7.7980647205412685,2025-11-25 05:00:00,5,11,1
64.81,69.18091370751121,-4.370913707511207,4.370913707511207,6.744196431895089,2025-11-25 05:15:00,5,11,1
67.03,69.06970810288814,-2.0397081028881416,2.0397081028881416,3.0429779246429085,2025-11-25 05:30:00,5,11,1
70.45,72.79862316001928,-2.3486231600192724,2.3486231600192724,3.333744726783921,2025-11-25 05:45:00,5,11,1
67.2,74.49694702926573,-7.2969470292657235,7.2969470292657235,10.858552126883517,2025-11-25 06:00:00,6,11,1
73.52,71.65504158154948,1.864958418450513,1.864958418450513,2.5366681426149524,2025-11-25 06:15:00,6,11,1
82.07,79.85718135463736,2.2128186453626313,2.2128186453626313,2.6962576402615226,2025-11-25 06:30:00,6,11,1
106.27,88.25999765720663,18.01000234279337,18.01000234279337,16.947400341388324,2025-11-25 06:45:00,6,11,1
104.89,103.7995688973131,1.0904311026869067,1.0904311026869067,1.039594911513878,2025-11-25 07:00:00,7,11,1
151.03,106.14930787416398,44.88069212583602,44.88069212583602,29.71640874384958,2025-11-25 07:15:00,7,11,1
202.86,153.21937876951242,49.6406212304876,49.6406212304876,24.470384122294977,2025-11-25 07:30:00,7,11,1
206.48,209.20970865759236,-2.7297086575923686,2.7297086575923686,1.322020853153995,2025-11-25 07:45:00,7,11,1
192.42,177.70360805503333,14.71639194496666,14.71639194496666,7.648057345892662,2025-11-25 08:00:00,8,11,1
202.16,208.08318663202098,-5.923186632020986,5.923186632020986,2.9299498575489644,2025-11-25 08:15:00,8,11,1
202.14,234.21907161687113,-32.07907161687115,32.07907161687115,15.869729700638741,2025-11-25 08:30:00,8,11,1
201.6,196.97141913129886,4.628580868701135,4.628580868701135,2.29592304995096,2025-11-25 08:45:00,8,11,1
182.49,181.9705665871136,0.5194334128864,0.5194334128864,0.2846366446854074,2025-11-25 09:00:00,9,11,1
196.9,183.49775947447077,13.402240525529237,13.402240525529237,6.8066229179935185,2025-11-25 09:15:00,9,11,1
178.24,193.37438744800832,-15.134387448008312,15.134387448008312,8.49101629713213,2025-11-25 09:30:00,9,11,1
179.43,172.54013865497643,6.889861345023576,6.889861345023576,3.8398603048674,2025-11-25 09:45:00,9,11,1
190.12,160.79510385036235,29.324896149637652,29.324896149637652,15.424414132988456,2025-11-25 10:00:00,10,11,1
166.7,198.17481507521492,-31.474815075214934,31.474815075214934,18.88111282256445,2025-11-25 10:15:00,10,11,1
154.98,145.8580764384498,9.121923561550176,9.121923561550176,5.885871442476563,2025-11-25 10:30:00,10,11,1
149.99,154.40183161735627,-4.411831617356256,4.411831617356256,2.9414171727156853,2025-11-25 10:45:00,10,11,1
167.53,161.95310806051882,5.576891939481186,5.576891939481186,3.328891505689241,2025-11-25 11:00:00,11,11,1
192.29,149.44514200125877,42.84485799874122,42.84485799874122,22.281376045941663,2025-11-25 11:15:00,11,11,1
198.95,175.80214200275032,23.147857997249673,23.147857997249673,11.635012815908356,2025-11-25 11:30:00,11,11,1
197.8,181.2844421397825,16.515557860217513,16.515557860217513,8.349624802941108,2025-11-25 11:45:00,11,11,1
191.58,199.6419958448506,-8.0619958448506,8.0619958448506,4.208161522523541,2025-11-25 12:00:00,12,11,1
191.1,204.28757178521263,-13.18757178521264,13.18757178521264,6.90087482219395,2025-11-25 12:15:00,12,11,1
197.03,192.92867121745138,4.10132878254862,4.10132878254862,2.081575791782277,2025-11-25 12:30:00,12,11,1
224.0,192.66919370990794,31.330806290092056,31.330806290092056,13.986967093791097,2025-11-25 12:45:00,12,11,1
196.18,212.4294938204474,-16.249493820447384,16.249493820447384,8.2829512796653,2025-11-25 13:00:00,13,11,1
191.28,185.281914910024,5.998085089976001,5.998085089976001,3.135761757620243,2025-11-25 13:15:00,13,11,1
177.54,192.13272521808807,-14.592725218088077,14.592725218088077,8.219401384526348,2025-11-25 13:30:00,13,11,1
167.38,201.09853039249532,-33.718530392495325,33.718530392495325,20.144898071750106,2025-11-25 13:45:00,13,11,1
157.82,148.40610615774216,9.413893842257835,9.413893842257835,5.964956179354857,2025-11-25 14:00:00,14,11,1
181.8,157.57536391984314,24.22463608015687,24.22463608015687,13.32488233231951,2025-11-25 14:15:00,14,11,1
162.5,173.01543028706593,-10.515430287065925,10.515430287065925,6.471034022809801,2025-11-25 14:30:00,14,11,1
189.24,151.00968360884963,38.23031639115038,38.23031639115038,20.202027262286187,2025-11-25 14:45:00,14,11,1
175.84,178.51299124245728,-2.6729912424572717,2.6729912424572717,1.5201269577213783,2025-11-25 15:00:00,15,11,1
184.99,190.47016748400904,-5.48016748400903,5.48016748400903,2.96241282448188,2025-11-25 15:15:00,15,11,1
160.05,165.90081215114247,-5.850812151142463,5.850812151142463,3.6556152147094427,2025-11-25 15:30:00,15,11,1
150.0,180.17251969591942,-30.17251969591942,30.17251969591942,20.115013130612947,2025-11-25 15:45:00,15,11,1
149.03,143.47363912791096,5.556360872089044,5.556360872089044,3.7283505818218106,2025-11-25 16:00:00,16,11,1
140.0,163.1216557018853,-23.121655701885288,23.121655701885288,16.51546835848949,2025-11-25 16:15:00,16,11,1
139.99,124.72311242734955,15.266887572650461,15.266887572650461,10.905698673226988,2025-11-25 16:30:00,16,11,1
100.0,135.5699799185123,-35.5699799185123,35.5699799185123,35.5699799185123,2025-11-25 16:45:00,16,11,1
139.99,104.80577771314091,35.1842222868591,35.1842222868591,25.133382589370022,2025-11-25 17:00:00,17,11,1
120.0,142.36629426471978,-22.366294264719784,22.366294264719784,18.63857855393315,2025-11-25 17:15:00,17,11,1
100.0,122.47088302727127,-22.47088302727127,22.47088302727127,22.47088302727127,2025-11-25 17:30:00,17,11,1
70.69,70.08831553571869,0.6016844642813055,0.6016844642813055,0.8511592364992296,2025-11-25 17:45:00,17,11,1
140.0,114.31000024749915,25.689999752500853,25.689999752500853,18.349999823214894,2025-11-25 18:00:00,18,11,1
139.99,136.55249382059614,3.4375061794038686,3.4375061794038686,2.4555369522136354,2025-11-25 18:15:00,18,11,1
120.0,119.0641212399658,0.9358787600341998,0.9358787600341998,0.7798989666951665,2025-11-25 18:30:00,18,11,1
98.15,87.65786077717792,10.49213922282209,10.49213922282209,10.689902417546703,2025-11-25 18:45:00,18,11,1
140.0,153.37320749636154,-13.373207496361545,13.373207496361545,9.552291068829675,2025-11-25 19:00:00,19,11,1
120.0,145.36153163073683,-25.361531630736835,25.361531630736835,21.134609692280694,2025-11-25 19:15:00,19,11,1
90.34,99.66315439355822,-9.323154393558212,9.323154393558212,10.32007349298009,2025-11-25 19:30:00,19,11,1
54.87,70.0756673094751,-15.205667309475096,15.205667309475096,27.71216932654474,2025-11-25 19:45:00,19,11,1
85.15,97.72067103059354,-12.57067103059353,12.57067103059353,14.76297243757314,2025-11-25 20:00:00,20,11,1
67.79,82.93967412793279,-15.149674127932784,15.149674127932784,22.347948263656562,2025-11-25 20:15:00,20,11,1
48.02,47.8193659647389,0.20063403526110335,0.20063403526110335,0.4178134845087533,2025-11-25 20:30:00,20,11,1
38.21,21.40308824374156,16.80691175625844,16.80691175625844,43.985636629831035,2025-11-25 20:45:00,20,11,1
87.4,70.60228904895288,16.797710951047122,16.797710951047122,19.219348914241557,2025-11-25 21:00:00,21,11,1
76.05,79.70748197421801,-3.6574819742180154,3.6574819742180154,4.809312260641704,2025-11-25 21:15:00,21,11,1
65.35,53.93267702707914,11.417322972920857,11.417322972920857,17.47103744899902,2025-11-25 21:30:00,21,11,1
53.76,51.57974419804534,2.180255801954658,2.180255801954658,4.055535345897802,2025-11-25 21:45:00,21,11,1
68.19,96.16613414869532,-27.976134148695323,27.976134148695323,41.02674020926136,2025-11-25 22:00:00,22,11,1
64.33,64.65243597553511,-0.3224359755351145,0.3224359755351145,0.5012217869347342,2025-11-25 22:15:00,22,11,1
58.59,56.69358739115032,1.8964126088496869,1.8964126088496869,3.236751337855755,2025-11-25 22:30:00,22,11,1
50.29,49.08189227791164,1.2081077220883571,1.2081077220883571,2.4022822073739456,2025-11-25 22:45:00,22,11,1
58.49,64.65210077771007,-6.162100777710073,6.162100777710073,10.53530651001893,2025-11-25 23:00:00,23,11,1
50.29,59.52204923234312,-9.232049232343122,9.232049232343122,18.357624244070635,2025-11-25 23:15:00,23,11,1
43.99,47.73061609629523,-3.740616096295227,3.740616096295227,8.503332794487898,2025-11-25 23:30:00,23,11,1
38.74,39.85507417571079,-1.115074175710788,1.115074175710788,2.878353576950924,2025-11-25 23:45:00,23,11,1
49.32,51.86437312450737,-2.5443731245073664,2.5443731245073664,5.158907389512097,2025-11-26 00:00:00,0,11,2
41.73,48.92973191854322,-7.199731918543222,7.199731918543222,17.2531318441007,2025-11-26 00:15:00,0,11,2
39.44,39.956779668986556,-0.5167796689865582,0.5167796689865582,1.3102932783634844,2025-11-26 00:30:00,0,11,2
35.45,39.00243028069767,-3.5524302806976706,3.5524302806976706,10.020959889133062,2025-11-26 00:45:00,0,11,2
24.96,49.83198571689822,-24.871985716898216,24.871985716898216,99.64737867347041,2025-11-26 01:00:00,1,11,2
23.6,25.75617699505998,-2.1561769950599796,2.1561769950599796,9.136343199406692,2025-11-26 01:15:00,1,11,2
22.19,29.986407363858568,-7.796407363858567,7.796407363858567,35.134778566284666,2025-11-26 01:30:00,1,11,2
20.41,26.849888576318282,-6.439888576318282,6.439888576318282,31.552614288673603,2025-11-26 01:45:00,1,11,2
22.5,18.931280466212606,3.5687195337873945,3.5687195337873945,15.860975705721753,2025-11-26 02:00:00,2,11,2
21.8,27.681182719842873,-5.881182719842872,5.881182719842872,26.977902384600334,2025-11-26 02:15:00,2,11,2
21.08,26.30400247206032,-5.22400247206032,5.22400247206032,24.781795408255793,2025-11-26 02:30:00,2,11,2
20.91,25.10666289808905,-4.196662898089048,4.196662898089048,20.07012385504088,2025-11-26 02:45:00,2,11,2
22.2,28.744482462106003,-6.544482462106004,6.544482462106004,29.479650730207226,2025-11-26 03:00:00,3,11,2
21.96,27.748642901034362,-5.788642901034361,5.788642901034361,26.35994035079399,2025-11-26 03:15:00,3,11,2
22.61,27.097675777962934,-4.487675777962934,4.487675777962934,19.848190083869678,2025-11-26 03:30:00,3,11,2
23.95,28.101001685552927,-4.151001685552927,4.151001685552927,17.331948582684458,2025-11-26 03:45:00,3,11,2
16.12,30.950161142344896,-14.830161142344895,14.830161142344895,91.99851825275988,2025-11-26 04:00:00,4,11,2
20.26,22.173137452370565,-1.913137452370563,1.913137452370563,9.442929182480567,2025-11-26 04:15:00,4,11,2
24.5,28.292548389955392,-3.7925483899553925,3.7925483899553925,15.479789346756704,2025-11-26 04:30:00,4,11,2
30.34,32.23387433052319,-1.893874330523193,1.893874330523193,6.242169843517446,2025-11-26 04:45:00,4,11,2
31.08,28.92255271738042,2.1574472826195787,2.1574472826195787,6.941593573422068,2025-11-26 05:00:00,5,11,2
39.96,38.21046243837846,1.749537561621544,1.749537561621544,4.378222126180041,2025-11-26 05:15:00,5,11,2
50.63,47.27488088332994,3.3551191166700605,3.3551191166700605,6.626741293047719,2025-11-26 05:30:00,5,11,2
53.72,58.07632173388619,-4.35632173388619,4.35632173388619,8.10931074811279,2025-11-26 05:45:00,5,11,2
51.86,55.3569822146797,-3.496982214679697,3.496982214679697,6.74312035225549,2025-11-26 06:00:00,6,11,2
58.54,60.83272070147275,-2.292720701472753,2.292720701472753,3.9165027356897046,2025-11-26 06:15:00,6,11,2
65.05,70.96113865442436,-5.911138654424363,5.911138654424363,9.08706941494906,2025-11-26 06:30:00,6,11,2
68.19,70.84280045767807,-2.652800457678069,2.652800457678069,3.8903071677343726,2025-11-26 06:45:00,6,11,2
32.0,68.60192902827688,-36.601929028276885,36.601929028276885,114.38102821336527,2025-11-26 07:00:00,7,11,2
33.0,41.61209568992611,-8.612095689926107,8.612095689926107,26.097259666442753,2025-11-26 07:15:00,7,11,2
36.34,50.42018197711122,-14.080181977111216,14.080181977111216,38.74568513239189,2025-11-26 07:30:00,7,11,2
70.69,51.34837742904193,19.341622570958066,19.341622570958066,27.36118626532475,2025-11-26 07:45:00,7,11,2
34.99,41.04352998359782,-6.053529983597819,6.053529983597819,17.300743022571645,2025-11-26 08:00:00,8,11,2
35.12,28.646034825277052,6.473965174722945,6.473965174722945,18.433841613675813,2025-11-26 08:15:00,8,11,2
44.9,37.995175609002864,6.904824390997135,6.904824390997135,15.378228042309876,2025-11-26 08:30:00,8,11,2
42.56,76.7593247415102,-34.199324741510196,34.199324741510196,80.35555625354839,2025-11-26 08:45:00,8,11,2
44.96,14.641537744543704,30.318462255456296,30.318462255456296,67.4343021696092,2025-11-26 09:00:00,9,11,2
39.09,43.867761430721586,-4.777761430721583,4.777761430721583,12.222464647535386,2025-11-26 09:15:00,9,11,2
36.53,46.93515784262094,-10.405157842620937,10.405157842620937,28.48387036030916,2025-11-26 09:30:00,9,11,2
35.0,36.042374636204585,-1.0423746362045847,1.0423746362045847,2.978213246298813,2025-11-26 09:45:00,9,11,2
49.99,39.90034656769534,10.089653432304665,10.089653432304665,20.18334353331599,2025-11-26 10:00:00,10,11,2
43.99,46.86928560028773,-2.87928560028773,2.87928560028773,6.545318482127143,2025-11-26 10:15:00,10,11,2
35.0,40.290247500639936,-5.290247500639936,5.290247500639936,15.114992858971243,2025-11-26 10:30:00,10,11,2
34.95,33.40646025620375,1.5435397437962521,1.5435397437962521,4.416422729030764,2025-11-26 10:45:00,10,11,2
33.99,50.906641033543394,-16.916641033543392,16.916641033543392,49.76946464708264,2025-11-26 11:00:00,11,11,2
30.99,33.0532868625769,-2.0632868625768985,2.0632868625768985,6.65791178630816,2025-11-26 11:15:00,11,11,2
29.08,26.343181035304937,2.736818964695061,2.736818964695061,9.411344445306263,2025-11-26 11:30:00,11,11,2
26.5,31.689045232535705,-5.189045232535705,5.189045232535705,19.581302764285677,2025-11-26 11:45:00,11,11,2
31.74,29.41440635494794,2.3255936450520593,2.3255936450520593,7.327012114215687,2025-11-26 12:00:00,12,11,2
29.88,32.579409843845085,-2.6994098438450855,2.6994098438450855,9.034169490780073,2025-11-26 12:15:00,12,11,2
27.06,30.14690267558202,-3.086902675582021,3.086902675582021,11.407622600081378,2025-11-26 12:30:00,12,11,2
24.77,26.667361154383435,-1.8973611543834359,1.8973611543834359,7.65991584329203,2025-11-26 12:45:00,12,11,2
25.99,32.544212390197316,-6.554212390197318,6.554212390197318,25.2182085040297,2025-11-26 13:00:00,13,11,2
23.44,28.41948246210451,-4.97948246210451,4.97948246210451,21.243525862220604,2025-11-26 13:15:00,13,11,2
20.79,24.5191380950058,-3.7291380950058013,3.7291380950058013,17.937172174150078,2025-11-26 13:30:00,13,11,2
14.42,22.467554104264945,-8.047554104264945,8.047554104264945,55.808280889493375,2025-11-26 13:45:00,13,11,2
21.97,20.198981122119143,1.7710188778808558,1.7710188778808558,8.061078187896477,2025-11-26 14:00:00,14,11,2
18.5,25.00081242039586,-6.50081242039586,6.50081242039586,35.13952659673438,2025-11-26 14:15:00,14,11,2
11.67,19.974325052748426,-8.304325052748426,8.304325052748426,71.15959770992653,2025-11-26 14:30:00,14,11,2
10.4,10.159376924341323,0.2406230756586769,0.2406230756586769,2.3136834197949705,2025-11-26 14:45:00,14,11,2
20.0,22.440898230682347,-2.440898230682347,2.440898230682347,12.204491153411734,2025-11-26 15:00:00,15,11,2
20.87,22.72558197022412,-1.8555819702241187,1.8555819702241187,8.891145041802199,2025-11-26 15:15:00,15,11,2
22.6,18.199217685542372,4.400782314457629,4.400782314457629,19.472488117069155,2025-11-26 15:30:00,15,11,2
21.69,23.53196493775772,-1.8419649377577194,1.8419649377577194,8.492231156098292,2025-11-26 15:45:00,15,11,2
11.67,32.53801707524591,-20.86801707524591,20.86801707524591,178.81762703724002,2025-11-26 16:00:00,16,11,2
11.66,17.05247472531012,-5.3924747253101195,5.3924747253101195,46.24763915360308,2025-11-26 16:15:00,16,11,2
10.4,19.91395830252683,-9.513958302526829,9.513958302526829,91.4803682935272,2025-11-26 16:30:00,16,11,2
10.39,16.758486628067125,-6.368486628067124,6.368486628067124,61.29438525569898,2025-11-26 16:45:00,16,11,2
8.7,8.510449770165927,0.18955022983407233,0.18955022983407233,2.1787382739548544,2025-11-26 17:00:00,17,11,2
7.03,14.335350695415052,-7.3053506954150516,7.3053506954150516,103.91679509836489,2025-11-26 17:15:00,17,11,2
6.24,11.866392992328699,-5.626392992328698,5.626392992328698,90.16655436424196,2025-11-26 17:30:00,17,11,2
6.16,12.286221271927268,-6.1262212719272675,6.1262212719272675,99.45164402479331,2025-11-26 17:45:00,17,11,2
7.63,11.03207351113415,-3.4020735111341507,3.4020735111341507,44.588119411981005,2025-11-26 18:00:00,18,11,2
7.23,11.984838802557817,-4.754838802557817,4.754838802557817,65.7654052912561,2025-11-26 18:15:00,18,11,2
6.51,11.826199331216152,-5.316199331216152,5.316199331216152,81.66204809855842,2025-11-26 18:30:00,18,11,2
6.26,11.617180367232805,-5.3571803672328056,5.3571803672328056,85.57796113790424,2025-11-26 18:45:00,18,11,2
7.62,8.484316374765474,-0.8643163747654734,0.8643163747654734,11.342734576974717,2025-11-26 19:00:00,19,11,2
6.64,8.282161596596882,-1.6421615965968828,1.6421615965968828,24.731349346338597,2025-11-26 19:15:00,19,11,2
6.23,6.797747063724465,-0.5677470637244646,0.5677470637244646,9.113114987551597,2025-11-26 19:30:00,19,11,2
5.92,7.036927664443915,-1.1169276644439154,1.1169276644439154,18.86702135884992,2025-11-26 19:45:00,19,11,2
6.34,7.801190030920985,-1.461190030920985,1.461190030920985,23.047161370993457,2025-11-26 20:00:00,20,11,2
5.93,6.256371792680653,-0.3263717926806535,0.3263717926806535,5.503740180112201,2025-11-26 20:15:00,20,11,2
5.62,6.149912194168678,-0.529912194168678,0.529912194168678,9.429042600866156,2025-11-26 20:30:00,20,11,2
5.32,5.892037740199051,-0.5720377401990504,0.5720377401990504,10.75258910148591,2025-11-26 20:45:00,20,11,2
5.84,5.966656773264042,-0.1266567732640418,0.1266567732640418,2.168780364110305,2025-11-26 21:00:00,21,11,2
5.59,5.805466370909656,-0.21546637090965604,0.21546637090965604,3.854496796237138,2025-11-26 21:15:00,21,11,2
5.4,5.50661416817222,-0.10661416817221969,0.10661416817221969,1.974336447633698,2025-11-26 21:30:00,21,11,2
5.79,5.265057042804251,0.5249429571957487,0.5249429571957487,9.066372317715867,2025-11-26 21:45:00,21,11,2
5.23,6.277941028845568,-1.0479410288455675,1.0479410288455675,20.037113362247943,2025-11-26 22:00:00,22,11,2
4.99,5.059764051025589,-0.06976405102558836,0.06976405102558836,1.39807717486149,2025-11-26 22:15:00,22,11,2
4.99,4.96204487169387,0.02795512830613056,0.02795512830613056,0.560223012146905,2025-11-26 22:30:00,22,11,2
4.92,5.468568778532273,-0.5485687785322728,0.5485687785322728,11.149771921387659,2025-11-26 22:45:00,22,11,2
4.93,4.59283189136692,0.33716810863307956,0.33716810863307956,6.839109708581735,2025-11-26 23:00:00,23,11,2
4.93,4.7965621386368795,0.1334378613631202,0.1334378613631202,2.706650331909132,2025-11-26 23:15:00,23,11,2
4.21,4.950020174511799,-0.7400201745117991,0.7400201745117991,17.577676354199504,2025-11-26 23:30:00,23,11,2
4.0,4.208208130735407,-0.20820813073540734,0.20820813073540734,5.205203268385183,2025-11-26 23:45:00,23,11,2
4.92,6.080031334946042,-1.1600313349460425,1.1600313349460425,23.577872661504927,2025-11-27 00:00:00,0,11,3
4.85,6.922721421214753,-2.0727214212147533,2.0727214212147533,42.7365241487578,2025-11-27 00:15:00,0,11,3
4.71,5.996059048278063,-1.2860590482780632,1.2860590482780632,27.304863020765673,2025-11-27 00:30:00,0,11,3
4.46,6.1980201687646215,-1.7380201687646215,1.7380201687646215,38.96906207992425,2025-11-27 00:45:00,0,11,3
4.3,7.369188321057571,-3.0691883210575712,3.0691883210575712,71.37647258273422,2025-11-27 01:00:00,1,11,3
4.2,6.499275941618244,-2.2992759416182436,2.2992759416182436,54.74466527662485,2025-11-27 01:15:00,1,11,3
3.99,6.33390042597744,-2.3439004259774396,2.3439004259774396,58.74437157838194,2025-11-27 01:30:00,1,11,3
3.27,6.014108318792715,-2.744108318792715,2.744108318792715,83.9176855899913,2025-11-27 01:45:00,1,11,3
3.99,5.8048074628059965,-1.8148074628059963,1.8148074628059963,45.48389631092722,2025-11-27 02:00:00,2,11,3
3.33,6.578614988875486,-3.2486149888754863,3.2486149888754863,97.55600567193652,2025-11-27 02:15:00,2,11,3
3.1,5.732199461185715,-2.632199461185715,2.632199461185715,84.90966003824887,2025-11-27 02:30:00,2,11,3
2.81,5.102043880729205,-2.292043880729205,2.292043880729205,81.56739789071904,2025-11-27 02:45:00,2,11,3
3.26,6.500182091049716,-3.240182091049716,3.240182091049716,99.39208868250664,2025-11-27 03:00:00,3,11,3
3.0,5.789192750572823,-2.7891927505728233,2.7891927505728233,92.97309168576078,2025-11-27 03:15:00,3,11,3
2.9,5.747221742495178,-2.847221742495178,2.847221742495178,98.18006008604063,2025-11-27 03:30:00,3,11,3
2.66,5.576630784959988,-2.916630784959988,2.916630784959988,109.64777387067623,2025-11-27 03:45:00,3,11,3
3.0,6.470309384241752,-3.4703093842417516,3.4703093842417516,115.67697947472506,2025-11-27 04:00:00,4,11,3
3.07,6.209575851268291,-3.1395758512682908,3.1395758512682908,102.26631437355998,2025-11-27 04:15:00,4,11,3
3.09,6.299634330832738,-3.2096343308327384,3.2096343308327384,103.87166119199802,2025-11-27 04:30:00,4,11,3
3.09,6.128689949846397,-3.038689949846397,3.038689949846397,98.33948057755329,2025-11-27 04:45:00,4,11,3
3.1,7.016835805222833,-3.9168358052228327,3.9168358052228327,126.34954210396234,2025-11-27 05:00:00,5,11,3
3.39,6.820979953547855,-3.430979953547855,3.430979953547855,101.20884818725236,2025-11-27 05:15:00,5,11,3
3.51,6.9764509431191115,-3.4664509431191117,3.4664509431191117,98.75928612874962,2025-11-27 05:30:00,5,11,3
3.69,7.01377878080951,-3.32377878080951,3.32377878080951,90.07530571299485,2025-11-27 05:45:00,5,11,3
3.56,7.483931546106078,-3.9239315461060778,3.9239315461060778,110.22279623893476,2025-11-27 06:00:00,6,11,3
4.0,7.636369260277569,-3.6363692602775686,3.6363692602775686,90.90923150693922,2025-11-27 06:15:00,6,11,3
4.27,7.954303096586365,-3.6843030965863655,3.6843030965863655,86.2834448849266,2025-11-27 06:30:00,6,11,3
4.45,8.306396572449888,-3.8563965724498876,3.8563965724498876,86.66059713370534,2025-11-27 06:45:00,6,11,3
4.96,8.733028092205412,-3.7730280922054122,3.7730280922054122,76.06911476220588,2025-11-27 07:00:00,7,11,3
4.97,9.65045352620432,-4.68045352620432,4.68045352620432,94.17411521537868,2025-11-27 07:15:00,7,11,3
4.99,9.563287355976549,-4.573287355976548,4.573287355976548,91.64904520995087,2025-11-27 07:30:00,7,11,3
5.0,9.473171504175983,-4.473171504175983,4.473171504175983,89.46343008351967,2025-11-27 07:45:00,7,11,3
5.42,4.309628888970806,1.1103711110291936,1.1103711110291936,20.486551864007264,2025-11-27 08:00:00,8,11,3
5.34,4.3802216821157245,0.9597783178842754,0.9597783178842754,17.973376739405904,2025-11-27 08:15:00,8,11,3
5.48,4.150061345054034,1.3299386549459662,1.3299386549459662,24.26895355740814,2025-11-27 08:30:00,8,11,3
5.6,4.23960950712182,1.3603904928781798,1.3603904928781798,24.29268737282464,2025-11-27 08:45:00,8,11,3
5.01,5.8758332363194015,-0.8658332363194017,0.8658332363194017,17.28210052533736,2025-11-27 09:00:00,9,11,3
4.99,4.7836375058095015,0.20636249419049868,0.20636249419049868,4.135520925661296,2025-11-27 09:15:00,9,11,3
4.99,5.033961333969955,-0.04396133396995516,0.04396133396995516,0.8809886567125284,2025-11-27 09:30:00,9,11,3
4.99,4.913222908016621,0.07677709198337901,0.07677709198337901,1.5386190778232267,2025-11-27 09:45:00,9,11,3
4.99,5.298586263708188,-0.30858626370818776,0.30858626370818776,6.184093461085927,2025-11-27 10:00:00,10,11,3
4.82,5.564237413202569,-0.7442374132025691,0.7442374132025691,15.440610232418445,2025-11-27 10:15:00,10,11,3
4.51,5.407500601863532,-0.8975006018635323,0.8975006018635323,19.90023507457943,2025-11-27 10:30:00,10,11,3
4.77,5.075633525213618,-0.30563352521361864,0.30563352521361864,6.407411430054899,2025-11-27 10:45:00,10,11,3
4.53,6.196262460466556,-1.6662624604665561,1.6662624604665561,36.78283577188866,2025-11-27 11:00:00,11,11,3
4.67,5.74384870938016,-1.0738487093801599,1.0738487093801599,22.99461904454304,2025-11-27 11:15:00,11,11,3
4.65,5.724665858985986,-1.0746658589859859,1.0746658589859859,23.111093741634104,2025-11-27 11:30:00,11,11,3
4.67,6.119297484866564,-1.4492974848665643,1.4492974848665643,31.034207384723008,2025-11-27 11:45:00,11,11,3
4.78,6.358906461887194,-1.5789064618871942,1.5789064618871942,33.031515939062636,2025-11-27 12:00:00,12,11,3
4.94,6.730800345690476,-1.7908003456904753,1.7908003456904753,36.251019143531884,2025-11-27 12:15:00,12,11,3
5.0,6.756025215073386,-1.756025215073386,1.756025215073386,35.12050430146772,2025-11-27 12:30:00,12,11,3
5.05,6.821735548902687,-1.7717355489026874,1.7717355489026874,35.08387225549876,2025-11-27 12:45:00,12,11,3
5.09,7.425554090580583,-2.335554090580583,2.335554090580583,45.885149127319906,2025-11-27 13:00:00,13,11,3
5.15,7.545390190830759,-2.395390190830758,2.395390190830758,46.51243088991763,2025-11-27 13:15:00,13,11,3
5.23,7.565029374238357,-2.3350293742383563,2.3350293742383563,44.6468331594332,2025-11-27 13:30:00,13,11,3
6.37,7.677669930527678,-1.3076699305276778,1.3076699305276778,20.528570337954125,2025-11-27 13:45:00,13,11,3
4.44,9.068672596568511,-4.628672596568511,4.628672596568511,104.24938280559708,2025-11-27 14:00:00,14,11,3
4.44,7.215843001579678,-2.775843001579678,2.775843001579678,62.518986522064814,2025-11-27 14:15:00,14,11,3
4.99,7.654661783057243,-2.6646617830572428,2.6646617830572428,53.40003573261007,2025-11-27 14:30:00,14,11,3
5.0,9.179720952972886,-4.179720952972886,4.179720952972886,83.59441905945772,2025-11-27 14:45:00,14,11,3
5.0,6.7318323154414585,-1.7318323154414585,1.7318323154414585,34.63664630882917,2025-11-27 15:00:00,15,11,3
5.0,8.271949107004563,-3.2719491070045628,3.2719491070045628,65.43898214009126,2025-11-27 15:15:00,15,11,3
5.12,8.823555201820763,-3.7035552018207634,3.7035552018207634,72.33506253556178,2025-11-27 15:30:00,15,11,3
5.14,8.725347265629157,-3.5853472656291574,3.5853472656291574,69.75383785270735,2025-11-27 15:45:00,15,11,3
5.0,8.97847508504352,-3.97847508504352,3.97847508504352,79.5695017008704,2025-11-27 16:00:00,16,11,3
4.73,8.96251376020092,-4.23251376020092,4.23251376020092,89.48232051164734,2025-11-27 16:15:00,16,11,3
4.99,9.029139176423982,-4.039139176423982,4.039139176423982,80.94467287422809,2025-11-27 16:30:00,16,11,3
5.12,9.326518333061479,-4.206518333061479,4.206518333061479,82.15856119260701,2025-11-27 16:45:00,16,11,3
5.05,9.529089995070358,-4.479089995070358,4.479089995070358,88.69485138753184,2025-11-27 17:00:00,17,11,3
5.01,9.318500662734117,-4.308500662734117,4.308500662734117,85.99801722024186,2025-11-27 17:15:00,17,11,3
5.01,9.718589827170668,-4.708589827170668,4.708589827170668,93.98382888564207,2025-11-27 17:30:00,17,11,3
5.03,9.61718711827205,-4.587187118272049,4.587187118272049,91.19656298751589,2025-11-27 17:45:00,17,11,3
5.46,9.931921220398849,-4.4719212203988485,4.4719212203988485,81.90331905492397,2025-11-27 18:00:00,18,11,3
5.65,10.289119482224827,-4.639119482224826,4.639119482224826,82.10830941990842,2025-11-27 18:15:00,18,11,3
5.69,10.39134931345874,-4.701349313458739,4.701349313458739,82.62476825059295,2025-11-27 18:30:00,18,11,3
5.73,10.406825649254365,-4.676825649254365,4.676825649254365,81.61999387878473,2025-11-27 18:45:00,18,11,3
5.56,6.483355545812877,-0.9233555458128775,0.9233555458128775,16.607114133325133,2025-11-27 19:00:00,19,11,3
5.3,6.104157928102346,-0.8041579281023461,0.8041579281023461,15.172791096270682,2025-11-27 19:15:00,19,11,3
5.23,5.768332228578281,-0.5383322285782803,0.5383322285782803,10.293159246238629,2025-11-27 19:30:00,19,11,3
5.0,5.698849956420567,-0.6988499564205668,0.6988499564205668,13.976999128411336,2025-11-27 19:45:00,19,11,3
5.09,4.991762817708896,0.09823718229110412,0.09823718229110412,1.9300035813576448,2025-11-27 20:00:00,20,11,3
5.12,5.01216128087362,0.10783871912637988,0.10783871912637988,2.106224982937107,2025-11-27 20:15:00,20,11,3
5.11,5.053618517596,0.056381482404000316,0.056381482404000316,1.1033558200391451,2025-11-27 20:30:00,20,11,3
5.0,4.7547158674026235,0.24528413259737647,0.24528413259737647,4.905682651947529,2025-11-27 20:45:00,20,11,3
5.1,4.831537788670083,0.26846221132991666,0.26846221132991666,5.2639649280375815,2025-11-27 21:00:00,21,11,3
5.71,4.849149809374445,0.8608501906255546,0.8608501906255546,15.076185475053494,2025-11-27 21:15:00,21,11,3
5.29,5.276901681802663,0.0130983181973372,0.0130983181973372,0.24760525892886953,2025-11-27 21:30:00,21,11,3
5.63,4.6050122692543525,1.0249877307456474,1.0249877307456474,18.2058211500115,2025-11-27 21:45:00,21,11,3
5.25,5.208858190923401,0.041141809076599145,0.041141809076599145,0.7836535062209361,2025-11-27 22:00:00,22,11,3
5.0,5.2675792069851255,-0.2675792069851255,0.2675792069851255,5.35158413970251,2025-11-27 22:15:00,22,11,3
4.99,4.213868055881882,0.7761319441181183,0.7761319441181183,15.55374637511259,2025-11-27 22:30:00,22,11,3
4.73,4.839635751674116,-0.10963575167411577,0.10963575167411577,2.317880585076443,2025-11-27 22:45:00,22,11,3
5.0,4.123325513536393,0.8766744864636067,0.8766744864636067,17.533489729272134,2025-11-27 23:00:00,23,11,3
4.41,4.369961685384617,0.04003831461538354,0.04003831461538354,0.9078982905982661,2025-11-27 23:15:00,23,11,3
4.12,3.9357605832099622,0.18423941679003786,0.18423941679003786,4.471830504612569,2025-11-27 23:30:00,23,11,3
3.99,3.5050541512334306,0.48494584876656965,0.48494584876656965,12.15403129740776,2025-11-27 23:45:00,23,11,3
7.17,6.0599796279743074,1.1100203720256925,1.1100203720256925,15.4814556767879,2025-11-28 00:00:00,0,11,4
6.4,8.201758172727132,-1.8017581727271317,1.8017581727271317,28.152471448861434,2025-11-28 00:15:00,0,11,4
5.47,7.104747104061303,-1.6347471040613035,1.6347471040613035,29.88568745998727,2025-11-28 00:30:00,0,11,4
4.9,6.433871036658083,-1.5338710366580823,1.5338710366580823,31.303490544042496,2025-11-28 00:45:00,0,11,4
7.0,9.54845594403968,-2.548455944039681,2.548455944039681,36.406513486281156,2025-11-28 01:00:00,1,11,4
6.08,8.437096223555123,-2.357096223555123,2.357096223555123,38.76802999268295,2025-11-28 01:15:00,1,11,4
5.39,6.894816267374274,-1.5048162673742747,1.5048162673742747,27.918669153511587,2025-11-28 01:30:00,1,11,4
5.43,6.576347077277028,-1.146347077277028,1.146347077277028,21.111364222413037,2025-11-28 01:45:00,1,11,4
4.35,9.546563888273884,-5.196563888273884,5.196563888273884,119.4612388108939,2025-11-28 02:00:00,2,11,4
4.1,6.0939694186786255,-1.9939694186786259,1.9939694186786259,48.63340045557624,2025-11-28 02:15:00,2,11,4
4.01,6.092306918359121,-2.082306918359121,2.082306918359121,51.927853325663875,2025-11-28 02:30:00,2,11,4
3.99,6.601289544159336,-2.6112895441593356,2.6112895441593356,65.44585323707608,2025-11-28 02:45:00,2,11,4
4.2,5.998076400178775,-1.7980764001787746,1.7980764001787746,42.811342861399396,2025-11-28 03:00:00,3,11,4
3.99,6.758470287432125,-2.768470287432125,2.768470287432125,69.3852202363941,2025-11-28 03:15:00,3,11,4
3.74,6.632290775190874,-2.892290775190874,2.892290775190874,77.33397794628006,2025-11-28 03:30:00,3,11,4
3.47,6.497723035028734,-3.027723035028734,3.027723035028734,87.2542661391566,2025-11-28 03:45:00,3,11,4
3.34,6.938020872311462,-3.598020872311462,3.598020872311462,107.72517581770846,2025-11-28 04:00:00,4,11,4
3.24,6.517236790977492,-3.2772367909774918,3.2772367909774918,101.14928367214479,2025-11-28 04:15:00,4,11,4
3.2,6.393119086014835,-3.1931190860148346,3.1931190860148346,99.78497143796358,2025-11-28 04:30:00,4,11,4
3.06,6.36767972689595,-3.3076797268959504,3.3076797268959504,108.09410872208989,2025-11-28 04:45:00,4,11,4
3.07,6.658571360960657,-3.5885713609606573,3.5885713609606573,116.89157527559144,2025-11-28 05:00:00,5,11,4
3.26,6.757744730104669,-3.497744730104669,3.497744730104669,107.29278313204506,2025-11-28 05:15:00,5,11,4
3.36,7.012719210847131,-3.6527192108471307,3.6527192108471307,108.71188127521224,2025-11-28 05:30:00,5,11,4
3.62,7.074578453222962,-3.454578453222962,3.454578453222962,95.43034401168403,2025-11-28 05:45:00,5,11,4
3.47,7.679467434082561,-4.20946743408256,4.20946743408256,121.3103006940219,2025-11-28 06:00:00,6,11,4
3.86,7.7702960927141405,-3.9102960927141406,3.9102960927141406,101.30300758326788,2025-11-28 06:15:00,6,11,4
4.19,8.21964858113903,-4.029648581139029,4.029648581139029,96.17299716322265,2025-11-28 06:30:00,6,11,4
4.0,8.939560845314684,-4.939560845314684,4.939560845314684,123.48902113286711,2025-11-28 06:45:00,6,11,4
4.04,8.539634522729944,-4.499634522729944,4.499634522729944,111.3770921467808,2025-11-28 07:00:00,7,11,4
4.02,9.332135325453976,-5.312135325453976,5.312135325453976,132.14266978741236,2025-11-28 07:15:00,7,11,4
4.04,9.394293278849261,-5.354293278849261,5.354293278849261,132.5320118527045,2025-11-28 07:30:00,7,11,4
4.34,9.077239966739466,-4.737239966739466,4.737239966739466,109.15299462533332,2025-11-28 07:45:00,7,11,4
4.3,4.138220913278467,0.16177908672153318,0.16177908672153318,3.762304342361237,2025-11-28 08:00:00,8,11,4
4.0,3.955828188439419,0.04417181156058092,0.04417181156058092,1.104295289014523,2025-11-28 08:15:00,8,11,4
3.99,3.531076130540626,0.45892386945937425,0.45892386945937425,11.501851364896597,2025-11-28 08:30:00,8,11,4
3.96,3.5789845035032783,0.3810154964967216,0.3810154964967216,9.62160344688691,2025-11-28 08:45:00,8,11,4
4.04,4.733906416499892,-0.6939064164998916,0.6939064164998916,17.17590139851217,2025-11-28 09:00:00,9,11,4
3.99,4.316772601571806,-0.32677260157180577,0.32677260157180577,8.189789513077839,2025-11-28 09:15:00,9,11,4
3.86,4.307422015229605,-0.4474220152296051,0.4474220152296051,11.591243917865418,2025-11-28 09:30:00,9,11,4
3.64,4.033845185464706,-0.39384518546470604,0.39384518546470604,10.819922677601813,2025-11-28 09:45:00,9,11,4
4.0,5.051671227829203,-1.0516712278292033,1.0516712278292033,26.291780695730083,2025-11-28 10:00:00,10,11,4
3.99,5.127360435725855,-1.1373604357258547,1.1373604357258547,28.505274078342218,2025-11-28 10:15:00,10,11,4
3.62,4.878405661562525,-1.2584056615625245,1.2584056615625245,34.76258733598134,2025-11-28 10:30:00,10,11,4
3.39,4.2848385336956625,-0.8948385336956624,0.8948385336956624,26.39641692317588,2025-11-28 10:45:00,10,11,4
3.99,5.609867737231511,-1.6198677372315107,1.6198677372315107,40.598188903045376,2025-11-28 11:00:00,11,11,4
3.41,5.825659346302288,-2.415659346302288,2.415659346302288,70.84045003819026,2025-11-28 11:15:00,11,11,4
3.37,4.804367118336579,-1.4343671183365787,1.4343671183365787,42.5628225025691,2025-11-28 11:30:00,11,11,4
3.32,4.868544397221697,-1.5485443972216975,1.5485443972216975,46.64290353077402,2025-11-28 11:45:00,11,11,4
3.72,6.243632708653713,-2.523632708653713,2.523632708653713,67.8395889423041,2025-11-28 12:00:00,12,11,4
3.51,5.588789837488157,-2.0787898374881575,2.0787898374881575,59.224781694819306,2025-11-28 12:15:00,12,11,4
3.56,5.734633915752134,-2.174633915752134,2.174633915752134,61.08522235258804,2025-11-28 12:30:00,12,11,4
3.0,5.808283406869229,-2.8082834068692293,2.8082834068692293,93.60944689564099,2025-11-28 12:45:00,12,11,4
3.32,6.188839601329832,-2.868839601329832,2.868839601329832,86.41083136535639,2025-11-28 13:00:00,13,11,4
3.0,6.111285910158493,-3.111285910158493,3.111285910158493,103.70953033861643,2025-11-28 13:15:00,13,11,4
2.99,6.016603545113917,-3.0266035451139164,3.0266035451139164,101.22419883324135,2025-11-28 13:30:00,13,11,4
2.97,5.618906123254106,-2.6489061232541062,2.6489061232541062,89.1887583587241,2025-11-28 13:45:00,13,11,4
2.57,6.510398371327788,-3.9403983713277886,3.9403983713277886,153.322893825984,2025-11-28 14:00:00,14,11,4
2.57,5.839696672026662,-3.269696672026662,3.269696672026662,127.22555144072616,2025-11-28 14:15:00,14,11,4
2.62,6.339459776445956,-3.719459776445956,3.719459776445956,141.96411360480747,2025-11-28 14:30:00,14,11,4
2.89,6.384919623336309,-3.4949196233363087,3.4949196233363087,120.93147485592763,2025-11-28 14:45:00,14,11,4
2.57,6.4463942686239974,-3.8763942686239976,3.8763942686239976,150.83246181416334,2025-11-28 15:00:00,15,11,4
2.64,6.614645350517641,-3.974645350517641,3.974645350517641,150.5547481256682,2025-11-28 15:15:00,15,11,4
3.46,7.022908746246863,-3.5629087462468627,3.5629087462468627,102.9742412210076,2025-11-28 15:30:00,15,11,4
4.0,8.466706294580423,-4.466706294580423,4.466706294580423,111.66765736451056,2025-11-28 15:45:00,15,11,4
3.39,8.15626716310907,-4.76626716310907,4.76626716310907,140.5978514191466,2025-11-28 16:00:00,16,11,4
4.04,8.162324656568678,-4.122324656568678,4.122324656568678,102.0377390239772,2025-11-28 16:15:00,16,11,4
4.05,9.740295114210767,-5.690295114210767,5.690295114210767,140.50111393113005,2025-11-28 16:30:00,16,11,4
4.05,9.98590472708755,-5.935904727087551,5.935904727087551,146.56554881697656,2025-11-28 16:45:00,16,11,4
3.99,8.97211177143992,-4.98211177143992,4.98211177143992,124.86495667769222,2025-11-28 17:00:00,17,11,4
3.99,10.074882510577034,-6.084882510577033,6.084882510577033,152.50332106709357,2025-11-28 17:15:00,17,11,4
3.99,9.412828451623483,-5.422828451623483,5.422828451623483,135.91048750936045,2025-11-28 17:30:00,17,11,4
3.99,9.26900762148923,-5.27900762148923,5.27900762148923,132.30595542579522,2025-11-28 17:45:00,17,11,4
2.91,9.667713232125905,-6.757713232125905,6.757713232125905,232.2238224098249,2025-11-28 18:00:00,18,11,4
2.0,8.626791044422525,-6.626791044422525,6.626791044422525,331.33955222112627,2025-11-28 18:15:00,18,11,4
2.0,7.816324348087676,-5.816324348087676,5.816324348087676,290.8162174043838,2025-11-28 18:30:00,18,11,4
1.81,7.8548208731697216,-6.044820873169721,6.044820873169721,333.968004042526,2025-11-28 18:45:00,18,11,4
2.0,2.312182076627934,-0.3121820766279342,0.3121820766279342,15.609103831396709,2025-11-28 19:00:00,19,11,4
1.99,2.3116486369370577,-0.3216486369370577,0.3216486369370577,16.163248087289332,2025-11-28 19:15:00,19,11,4
1.5,2.969402827474916,-1.4694028274749158,1.4694028274749158,97.96018849832771,2025-11-28 19:30:00,19,11,4
1.29,2.3596404028950033,-1.0696404028950033,1.0696404028950033,82.91786068953513,2025-11-28 19:45:00,19,11,4
1.25,2.305547542169684,-1.055547542169684,1.055547542169684,84.44380337357472,2025-11-28 20:00:00,20,11,4
1.23,1.9687646446268587,-0.7387646446268588,0.7387646446268588,60.06216622982592,2025-11-28 20:15:00,20,11,4
0.02,1.2641968474914833,-1.2441968474914833,1.2441968474914833,6220.984237457416,2025-11-28 20:30:00,20,11,4
0.01,0.3642053556409408,-0.3542053556409408,0.3542053556409408,3542.053556409408,2025-11-28 20:45:00,20,11,4
0.99,0.5567394288478908,0.43326057115210914,0.43326057115210914,43.763694055768596,2025-11-28 21:00:00,21,11,4
1.22,0.6726774757959362,0.5473225242040638,0.5473225242040638,44.86250198393966,2025-11-28 21:15:00,21,11,4
1.21,0.13838976677216408,1.0716102332278359,1.0716102332278359,88.56282919238313,2025-11-28 21:30:00,21,11,4
0.71,0.9284693636521766,-0.21846936365217662,0.21846936365217662,30.77033290875727,2025-11-28 21:45:00,21,11,4
0.13,1.5537232473757285,-1.4237232473757286,1.4237232473757286,1095.1717287505603,2025-11-28 22:00:00,22,11,4
0.01,0.5885942254673893,-0.5785942254673893,0.5785942254673893,5785.942254673892,2025-11-28 22:15:00,22,11,4
0.01,0.3276614413774084,-0.31766144137740837,0.31766144137740837,3176.614413774084,2025-11-28 22:30:00,22,11,4
0.0,-0.32376316377717274,0.32376316377717274,0.32376316377717274,,2025-11-28 22:45:00,22,11,4
0.0,-0.1596164111687557,0.1596164111687557,0.1596164111687557,,2025-11-28 23:00:00,23,11,4
-0.01,0.6395909487776095,-0.6495909487776095,0.6495909487776095,6495.9094877760945,2025-11-28 23:30:00,23,11,4
-0.01,-0.06534570850136845,0.05534570850136845,0.05534570850136845,553.4570850136845,2025-11-28 23:45:00,23,11,4
0.0,-1.052699262927689,1.052699262927689,1.052699262927689,,2025-11-29 00:00:00,0,11,5
0.0,-1.1061995669523554,1.1061995669523554,1.1061995669523554,,2025-11-29 00:15:00,0,11,5
-0.01,-0.38110659964749516,0.37110659964749515,0.37110659964749515,3711.0659964749516,2025-11-29 01:15:00,1,11,5
-0.01,-1.079056079046481,1.069056079046481,1.069056079046481,10690.56079046481,2025-11-29 01:30:00,1,11,5
-0.01,-1.124628931782972,1.114628931782972,1.114628931782972,11146.28931782972,2025-11-29 01:45:00,1,11,5
-0.01,-0.5083864401333997,0.4983864401333997,0.4983864401333997,4983.864401333997,2025-11-29 02:00:00,2,11,5
-0.01,-0.5439354942287835,0.5339354942287835,0.5339354942287835,5339.354942287835,2025-11-29 02:15:00,2,11,5
-0.01,-0.5719788151787455,0.5619788151787455,0.5619788151787455,5619.788151787455,2025-11-29 02:30:00,2,11,5
-0.01,-0.58350810053647,0.57350810053647,0.57350810053647,5735.081005364699,2025-11-29 02:45:00,2,11,5
-0.01,0.05005442312494779,-0.06005442312494779,0.06005442312494779,600.5442312494779,2025-11-29 03:00:00,3,11,5
-0.01,0.03262749241345375,-0.04262749241345375,0.04262749241345375,426.2749241345375,2025-11-29 03:15:00,3,11,5
-0.01,0.021551995848568595,-0.0315519958485686,0.0315519958485686,315.51995848568595,2025-11-29 03:30:00,3,11,5
-0.01,0.017291105940898888,-0.02729110594089889,0.02729110594089889,272.9110594089889,2025-11-29 03:45:00,3,11,5
-0.01,0.6648702503709103,-0.6748702503709103,0.6748702503709103,6748.7025037091025,2025-11-29 04:00:00,4,11,5
-0.01,0.6561204127394404,-0.6661204127394404,0.6661204127394404,6661.204127394404,2025-11-29 04:15:00,4,11,5
-0.01,0.6479987527526063,-0.6579987527526063,0.6579987527526063,6579.987527526063,2025-11-29 04:30:00,4,11,5
-0.01,0.6449229175985991,-0.6549229175985991,0.6549229175985991,6549.229175985991,2025-11-29 04:45:00,4,11,5
-0.01,1.256418287015066,-1.266418287015066,1.266418287015066,12664.18287015066,2025-11-29 05:00:00,5,11,5
0.0,1.2513954584226,-1.2513954584226,1.2513954584226,,2025-11-29 05:15:00,5,11,5
0.0,1.3885719142244284,-1.3885719142244284,1.3885719142244284,,2025-11-29 05:30:00,5,11,5
0.01,2.011043768574048,-2.001043768574048,2.001043768574048,20010.437685740482,2025-11-29 08:15:00,8,11,5
0.01,2.660268191188557,-2.650268191188557,2.650268191188557,26502.68191188557,2025-11-29 08:30:00,8,11,5
0.02,2.6663014161447407,-2.6463014161447407,2.6463014161447407,13231.507080723703,2025-11-29 08:45:00,8,11,5
0.02,2.7820856078499645,-2.7620856078499645,2.7620856078499645,13810.428039249822,2025-11-29 09:00:00,9,11,5
0.02,2.9333188375985344,-2.9133188375985344,2.9133188375985344,14566.594187992672,2025-11-29 09:15:00,9,11,5
0.02,2.9367646847004067,-2.9167646847004067,2.9167646847004067,14583.823423502034,2025-11-29 09:30:00,9,11,5
0.03,2.9404383916501615,-2.9104383916501617,2.9104383916501617,9701.46130550054,2025-11-29 09:45:00,9,11,5
0.08,2.965378352597604,-2.885378352597604,2.885378352597604,3606.7229407470045,2025-11-29 10:00:00,10,11,5
0.55,2.85694919803408,-2.30694919803408,2.30694919803408,419.44530873346906,2025-11-29 10:15:00,10,11,5
0.99,2.853389056909954,-1.863389056909954,1.863389056909954,188.22111685959132,2025-11-29 10:30:00,10,11,5
1.0,3.7239396173552706,-2.7239396173552706,2.7239396173552706,272.39396173552706,2025-11-29 10:45:00,10,11,5
0.84,3.767478077813948,-2.927478077813948,2.927478077813948,348.50929497785097,2025-11-29 11:00:00,11,11,5
1.0,4.0346091359669245,-3.0346091359669245,3.0346091359669245,303.4609135966924,2025-11-29 11:15:00,11,11,5
1.5,4.180191748144644,-2.680191748144644,2.680191748144644,178.6794498763096,2025-11-29 11:30:00,11,11,5
1.5,4.249768221748788,-2.7497682217487878,2.7497682217487878,183.31788144991918,2025-11-29 11:45:00,11,11,5
0.07,3.9678037543821247,-3.897803754382125,3.897803754382125,5568.291077688749,2025-11-29 12:00:00,12,11,5
0.2,2.9658777226152253,-2.765877722615225,2.765877722615225,1382.9388613076126,2025-11-29 12:15:00,12,11,5
0.99,3.3280111593275947,-2.3380111593275945,2.3380111593275945,236.16274336642368,2025-11-29 12:30:00,12,11,5
1.0,3.387451045120443,-2.387451045120443,2.387451045120443,238.7451045120443,2025-11-29 12:45:00,12,11,5
0.32,2.1788133766089146,-1.8588133766089145,1.8588133766089145,580.8791801902859,2025-11-29 13:00:00,13,11,5
0.29,2.796352006985586,-2.506352006985586,2.506352006985586,864.2593127536504,2025-11-29 13:15:00,13,11,5
0.99,3.4639161566018757,-2.4739161566018755,2.4739161566018755,249.89052086887634,2025-11-29 13:30:00,13,11,5
1.5,3.2123785796707054,-1.7123785796707054,1.7123785796707054,114.15857197804702,2025-11-29 13:45:00,13,11,5
1.97,2.8163160990190548,-0.8463160990190548,0.8463160990190548,42.96020807203324,2025-11-29 14:00:00,14,11,5
1.97,3.6691957909704414,-1.6991957909704414,1.6991957909704414,86.25359345027621,2025-11-29 14:15:00,14,11,5
1.98,4.299327269104623,-2.319327269104623,2.319327269104623,117.13774086386985,2025-11-29 14:30:00,14,11,5
1.98,4.288679049203878,-2.3086790492038785,2.3086790492038785,116.59995197999386,2025-11-29 14:45:00,14,11,5
2.02,3.9366938666630773,-1.9166938666630773,1.9166938666630773,94.88583498332066,2025-11-29 15:00:00,15,11,5
2.03,3.640848277701892,-1.610848277701892,1.610848277701892,79.35213190649715,2025-11-29 15:15:00,15,11,5
2.03,3.725451973317604,-1.695451973317604,1.695451973317604,83.5198016412613,2025-11-29 15:30:00,15,11,5
2.03,3.727996605301094,-1.697996605301094,1.697996605301094,83.64515297049725,2025-11-29 15:45:00,15,11,5
2.99,3.2583034709683574,-0.26830347096835716,0.26830347096835716,8.973360233055423,2025-11-29 16:00:00,16,11,5
3.0,4.135910101713918,-1.1359101017139182,1.1359101017139182,37.863670057130605,2025-11-29 16:15:00,16,11,5
2.99,4.045754211404727,-1.055754211404727,1.055754211404727,35.309505398151394,2025-11-29 16:30:00,16,11,5
2.99,4.065342170710053,-1.0753421707100532,1.0753421707100532,35.964621093981705,2025-11-29 16:45:00,16,11,5
2.93,4.468681953060241,-1.5386819530602405,1.5386819530602405,52.514742425264174,2025-11-29 17:00:00,17,11,5
2.92,3.807616372814813,-0.8876163728148132,0.8876163728148132,30.39782098680867,2025-11-29 17:15:00,17,11,5
2.6,3.828639946048405,-1.2286399460484048,1.2286399460484048,47.25538254032326,2025-11-29 17:30:00,17,11,5
2.04,3.5757679376786484,-1.5357679376786484,1.5357679376786484,75.282742043071,2025-11-29 17:45:00,17,11,5
2.99,2.6907918709594796,0.29920812904052063,0.29920812904052063,10.006960837475606,2025-11-29 18:00:00,18,11,5
2.99,3.6819480846759447,-0.6919480846759445,0.6919480846759445,23.142076410566702,2025-11-29 18:15:00,18,11,5
2.96,3.268830216157923,-0.30883021615792305,0.30883021615792305,10.433453248578482,2025-11-29 18:30:00,18,11,5
2.92,2.959753237820564,-0.03975323782056428,0.03975323782056428,1.3614122541289138,2025-11-29 18:45:00,18,11,5
2.19,4.0012405105434965,-1.8112405105434966,1.8112405105434966,82.70504614353865,2025-11-29 19:00:00,19,11,5
2.03,2.648382046523416,-0.6183820465234162,0.6183820465234162,30.462169779478632,2025-11-29 19:15:00,19,11,5
2.03,2.5978770714987434,-0.5678770714987436,0.5678770714987436,27.97423997530757,2025-11-29 19:30:00,19,11,5
2.0,2.6039315288090705,-0.6039315288090705,0.6039315288090705,30.196576440453526,2025-11-29 19:45:00,19,11,5
1.97,1.8067637724037695,0.16323622759623047,0.16323622759623047,8.286102923666522,2025-11-29 20:00:00,20,11,5
1.96,2.1836545315963747,-0.22365453159637472,0.22365453159637472,11.410945489610954,2025-11-29 20:15:00,20,11,5
1.79,2.3102898417375997,-0.5202898417375996,0.5202898417375996,29.06647160545249,2025-11-29 20:30:00,20,11,5
1.51,2.141791759974545,-0.6317917599745451,0.6317917599745451,41.84051390559901,2025-11-29 20:45:00,20,11,5
1.51,1.9250326019110986,-0.4150326019110986,0.4150326019110986,27.485602775569447,2025-11-29 21:00:00,21,11,5
1.97,1.9809410240208933,-0.010941024020893364,0.010941024020893364,0.555381929994587,2025-11-29 21:15:00,21,11,5
1.97,2.232309728030806,-0.2623097280308062,0.2623097280308062,13.315214620853109,2025-11-29 21:30:00,21,11,5
1.98,2.0571061981377383,-0.07710619813773834,0.07710619813773834,3.8942524311989057,2025-11-29 21:45:00,21,11,5
2.0,2.3990106394188757,-0.3990106394188757,0.3990106394188757,19.950531970943786,2025-11-29 22:00:00,22,11,5
1.99,2.847861266539759,-0.8578612665397591,0.8578612665397591,43.10860635878186,2025-11-29 22:15:00,22,11,5
1.99,2.4953878641071014,-0.5053878641071015,0.5053878641071015,25.396375080758865,2025-11-29 22:30:00,22,11,5
1.98,2.507911722180687,-0.5279117221806868,0.5279117221806868,26.66220819094378,2025-11-29 22:45:00,22,11,5
1.95,2.7847163387372262,-0.8347163387372263,0.8347163387372263,42.80596608908853,2025-11-29 23:00:00,23,11,5
1.95,2.738350862227186,-0.7883508622271862,0.7883508622271862,40.42824934498391,2025-11-29 23:15:00,23,11,5
1.51,2.7478273621954585,-1.2378273621954585,1.2378273621954585,81.97532199969923,2025-11-29 23:30:00,23,11,5
1.51,2.3410344826567595,-0.8310344826567595,0.8310344826567595,55.035396202434406,2025-11-29 23:45:00,23,11,5
0.01,-0.13681215746608189,0.1468121574660819,0.1468121574660819,1468.1215746608189,2025-11-30 00:00:00,0,11,6
0.0,-1.3965933072910133,1.3965933072910133,1.3965933072910133,,2025-11-30 00:15:00,0,11,6
0.0,-1.5303051727672852,1.5303051727672852,1.5303051727672852,,2025-11-30 00:30:00,0,11,6
0.02,-1.1690274891381378,1.1890274891381378,1.1890274891381378,5945.137445690689,2025-11-30 02:30:00,2,11,6
0.06,-0.6316065316937696,0.6916065316937696,0.6916065316937696,1152.6775528229496,2025-11-30 02:45:00,2,11,6
1.97,-0.08349034897697294,2.0534903489769727,2.0534903489769727,104.23808878055698,2025-11-30 03:00:00,3,11,6
1.99,1.303331994146923,0.686668005853077,0.686668005853077,34.505929942365675,2025-11-30 03:15:00,3,11,6
2.0,1.6146559289444298,0.3853440710555702,0.3853440710555702,19.26720355277851,2025-11-30 03:30:00,3,11,6
2.01,1.6841512667750678,0.325848733224932,0.325848733224932,16.21137976243443,2025-11-30 03:45:00,3,11,6
1.99,4.080063373074815,-2.0900633730748144,2.0900633730748144,105.02831020476455,2025-11-30 04:00:00,4,11,6
2.0,2.6760650591180806,-0.6760650591180806,0.6760650591180806,33.80325295590403,2025-11-30 04:15:00,4,11,6
2.03,2.7132279933941135,-0.6832279933941137,0.6832279933941137,33.656551398724815,2025-11-30 04:30:00,4,11,6
2.99,2.750926494895083,0.23907350510491732,0.23907350510491732,7.995769401502251,2025-11-30 04:45:00,4,11,6
3.99,4.133568675740179,-0.14356867574017862,0.14356867574017862,3.5982124245658804,2025-11-30 05:00:00,5,11,6
4.0,4.9383277014952185,-0.9383277014952185,0.9383277014952185,23.458192537380462,2025-11-30 05:15:00,5,11,6
4.28,4.851180129509018,-0.5711801295090178,0.5711801295090178,13.345330128715368,2025-11-30 05:30:00,5,11,6
4.99,6.03955940518172,-1.0495594051817196,1.0495594051817196,21.033254612860112,2025-11-30 05:45:00,5,11,6
6.53,7.329675206310405,-0.7996752063104049,0.7996752063104049,12.246174675503903,2025-11-30 06:00:00,6,11,6
7.28,7.925161517047499,-0.6451615170474989,0.6451615170474989,8.862108750652457,2025-11-30 06:15:00,6,11,6
8.78,8.686504612539366,0.09349538746063324,0.09349538746063324,1.064867738731586,2025-11-30 06:30:00,6,11,6
8.86,10.45778939594772,-1.5977893959477214,1.5977893959477214,18.033740360583764,2025-11-30 06:45:00,6,11,6
9.82,11.544983100324053,-1.724983100324053,1.724983100324053,17.56601935156877,2025-11-30 07:00:00,7,11,6
10.1,12.044326502324388,-1.9443265023243885,1.9443265023243885,19.25075744875632,2025-11-30 07:15:00,7,11,6
10.4,13.060127926914305,-2.6601279269143046,2.6601279269143046,25.578153143406773,2025-11-30 07:30:00,7,11,6
10.55,12.31062174440251,-1.7606217444025098,1.7606217444025098,16.688357766848434,2025-11-30 07:45:00,7,11,6
8.82,13.539566436367458,-4.719566436367458,4.719566436367458,53.509823541581156,2025-11-30 08:00:00,8,11,6
10.0,11.499590626232731,-1.499590626232731,1.499590626232731,14.99590626232731,2025-11-30 08:15:00,8,11,6
10.39,13.006731127121313,-2.6167311271213123,2.6167311271213123,25.18509265756797,2025-11-30 08:30:00,8,11,6
11.66,13.120568358097891,-1.4605683580978912,1.4605683580978912,12.526315249553097,2025-11-30 08:45:00,8,11,6
10.4,12.82291940573494,-2.4229194057349392,2.4229194057349392,23.29730197822057,2025-11-30 09:00:00,9,11,6
13.66,13.784166949089954,-0.12416694908995396,0.12416694908995396,0.9089820577595458,2025-11-30 09:15:00,9,11,6
17.49,16.52863524864972,0.9613647513502777,0.9613647513502777,5.496653809892955,2025-11-30 09:30:00,9,11,6
19.8,20.384879307505777,-0.5848793075057763,0.5848793075057763,2.9539358964938196,2025-11-30 09:45:00,9,11,6
15.97,19.857131872183732,-3.8871318721837316,3.8871318721837316,24.340212098833636,2025-11-30 10:00:00,10,11,6
18.27,19.847669670310083,-1.5776696703100832,1.5776696703100832,8.635301972140576,2025-11-30 10:15:00,10,11,6
22.51,23.850104647438858,-1.3401046474388565,1.3401046474388565,5.95337471096782,2025-11-30 10:30:00,10,11,6
25.99,26.695620257391685,-0.7056202573916863,0.7056202573916863,2.714968285462433,2025-11-30 10:45:00,10,11,6
22.48,23.813462743240294,-1.3334627432402932,1.3334627432402932,5.931773768862515,2025-11-30 11:00:00,11,11,6
24.43,24.903454553678536,-0.47345455367853617,0.47345455367853617,1.9380047223845116,2025-11-30 11:15:00,11,11,6
28.25,29.666871386103942,-1.4168713861039421,1.4168713861039421,5.015473933111299,2025-11-30 11:30:00,11,11,6
30.36,32.990579285898775,-2.6305792858987758,2.6305792858987758,8.664622153816785,2025-11-30 11:45:00,11,11,6
26.79,28.20282047001185,-1.4128204700118516,1.4128204700118516,5.2736859649565195,2025-11-30 12:00:00,12,11,6
29.76,28.912737508668158,0.8472624913318434,0.8472624913318434,2.846984177862377,2025-11-30 12:15:00,12,11,6
31.03,34.518588923468286,-3.488588923468285,3.488588923468285,11.242632689230696,2025-11-30 12:30:00,12,11,6
32.44,34.28889135307678,-1.8488913530767803,1.8488913530767803,5.6994184743427265,2025-11-30 12:45:00,12,11,6
30.51,30.19575549352313,0.3142445064768715,0.3142445064768715,1.029972161510559,2025-11-30 13:00:00,13,11,6
32.7,33.55480383468857,-0.8548038346885676,0.8548038346885676,2.614079005163815,2025-11-30 13:15:00,13,11,6
32.96,34.959876282791356,-1.9998762827913552,1.9998762827913552,6.067585809439791,2025-11-30 13:30:00,13,11,6
33.35,35.17391849958199,-1.8239184995819855,1.8239184995819855,5.46902098825183,2025-11-30 13:45:00,13,11,6
33.77,32.313842787034126,1.456157212965877,1.456157212965877,4.311984640112162,2025-11-30 14:00:00,14,11,6
34.97,36.14449796769679,-1.1744979676967944,1.1744979676967944,3.3585872682207447,2025-11-30 14:15:00,14,11,6
35.9,35.83088722277398,0.06911277722601739,0.06911277722601739,0.1925146997939203,2025-11-30 14:30:00,14,11,6
36.43,36.68475648596443,-0.25475648596442824,0.25475648596442824,0.6993041064079831,2025-11-30 14:45:00,14,11,6
36.68,36.721738294634605,-0.04173829463460521,0.04173829463460521,0.11379033433643732,2025-11-30 15:00:00,15,11,6
38.71,37.708220096937765,1.0017799030622356,1.0017799030622356,2.587909850328689,2025-11-30 15:15:00,15,11,6
43.94,39.60404692114613,4.335953078853869,4.335953078853869,9.867895036080721,2025-11-30 15:30:00,15,11,6
52.22,43.95581074195398,8.264189258046017,8.264189258046017,15.825716694841088,2025-11-30 15:45:00,15,11,6
42.06,50.13729353929855,-8.077293539298545,8.077293539298545,19.204216688774476,2025-11-30 16:00:00,16,11,6
45.1,40.73197776489524,4.36802223510476,4.36802223510476,9.685193425952905,2025-11-30 16:15:00,16,11,6
55.11,48.93678756736679,6.173212432633207,6.173212432633207,11.201619366055537,2025-11-30 16:30:00,16,11,6
65.15,61.638050949608996,3.51194905039101,3.51194905039101,5.39055878801383,2025-11-30 16:45:00,16,11,6
57.95,53.088273691757244,4.861726308242758,4.861726308242758,8.389519082386123,2025-11-30 17:00:00,17,11,6
65.6,54.849735701692055,10.75026429830794,10.75026429830794,16.387598015713326,2025-11-30 17:15:00,17,11,6
68.36,70.54879179735201,-2.1887917973520103,2.1887917973520103,3.20186044083091,2025-11-30 17:30:00,17,11,6
69.62,73.65332999333961,-4.033329993339606,4.033329993339606,5.793349602613626,2025-11-30 17:45:00,17,11,6
55.64,59.80144893351575,-4.16144893351575,4.16144893351575,7.479239636081505,2025-11-30 18:00:00,18,11,6
50.04,58.99027624365935,-8.950276243659353,8.950276243659353,17.886243492524688,2025-11-30 18:15:00,18,11,6
49.17,53.37349411156822,-4.203494111568219,4.203494111568219,8.548899962514172,2025-11-30 18:30:00,18,11,6
45.92,52.84296465287664,-6.922964652876637,6.922964652876637,15.076142536752258,2025-11-30 18:45:00,18,11,6
56.2,35.73678067422055,20.463219325779455,20.463219325779455,36.4114222878638,2025-11-30 19:00:00,19,11,6
49.84,51.151242918712136,-1.3112429187121322,1.3112429187121322,2.6309047325684833,2025-11-30 19:15:00,19,11,6
44.55,46.54956867536637,-1.9995686753663762,1.9995686753663762,4.488369641675368,2025-11-30 19:30:00,19,11,6
42.18,40.42793371226693,1.7520662877330722,1.7520662877330722,4.153784465939005,2025-11-30 19:45:00,19,11,6
44.79,51.216392391284195,-6.426392391284196,6.426392391284196,14.34782851369546,2025-11-30 20:00:00,20,11,6
41.97,40.51086918082253,1.4591308191774672,1.4591308191774672,3.4766042868178872,2025-11-30 20:15:00,20,11,6
38.61,37.142702178676664,1.467297821323335,1.467297821323335,3.800305157532595,2025-11-30 20:30:00,20,11,6
36.94,36.24858101608097,0.6914189839190286,0.6914189839190286,1.8717352028127465,2025-11-30 20:45:00,20,11,6
37.15,39.61154015646552,-2.4615401564655244,2.4615401564655244,6.625949277161573,2025-11-30 21:00:00,21,11,6
36.55,35.53935137050969,1.010648629490305,1.010648629490305,2.7651125293852394,2025-11-30 21:15:00,21,11,6
36.06,33.89370594040496,2.166294059595039,2.166294059595039,6.007471047129891,2025-11-30 21:30:00,21,11,6
35.39,34.494496599718026,0.8955034002819744,0.8955034002819744,2.530385420406822,2025-11-30 21:45:00,21,11,6
34.78,35.601728424321095,-0.821728424321094,0.821728424321094,2.362646418404526,2025-11-30 22:00:00,22,11,6
32.93,34.45816833438691,-1.528168334386912,1.528168334386912,4.640656952283365,2025-11-30 22:15:00,22,11,6
30.89,32.84019281587325,-1.950192815873251,1.950192815873251,6.313346765533348,2025-11-30 22:30:00,22,11,6
25.09,31.026141549562237,-5.936141549562237,5.936141549562237,23.659392385660567,2025-11-30 22:45:00,22,11,6
26.87,26.21368450509629,0.656315494903712,0.656315494903712,2.442558596589922,2025-11-30 23:00:00,23,11,6
21.99,27.720472768201724,-5.730472768201725,5.730472768201725,26.059448695778652,2025-11-30 23:15:00,23,11,6
18.76,22.301572417588062,-3.5415724175880605,3.5415724175880605,18.878317790981132,2025-11-30 23:30:00,23,11,6
15.47,16.29873238936787,-0.82873238936787,0.82873238936787,5.357029019831092,2025-11-30 23:45:00,23,11,6
21.69,20.606172347277848,1.083827652722153,1.083827652722153,4.99690019696705,2025-12-01 00:00:00,0,12,0
19.63,21.150569513181093,-1.5205695131810941,1.5205695131810941,7.746151366179797,2025-12-01 00:15:00,0,12,0
17.24,18.667059830941522,-1.4270598309415234,1.4270598309415234,8.277609228199093,2025-12-01 00:30:00,0,12,0
15.52,16.16153321896146,-0.6415332189614595,0.6415332189614595,4.13359032835992,2025-12-01 00:45:00,0,12,0
19.16,23.6150405567507,-4.455040556750699,4.455040556750699,23.251777436068366,2025-12-01 01:00:00,1,12,0
17.72,20.78361792538515,-3.0636179253851523,3.0636179253851523,17.28904021097716,2025-12-01 01:15:00,1,12,0
15.42,18.070300499013488,-2.650300499013488,2.650300499013488,17.187422172590715,2025-12-01 01:30:00,1,12,0
13.83,16.37993187358525,-2.5499318735852494,2.5499318735852494,18.437685275381412,2025-12-01 01:45:00,1,12,0
17.65,20.41346939310801,-2.7634693931080108,2.7634693931080108,15.657050385881083,2025-12-01 02:00:00,2,12,0
16.6,20.237614108440614,-3.637614108440612,3.637614108440612,21.91333800265429,2025-12-01 02:15:00,2,12,0
14.67,17.47782945487116,-2.8078294548711593,2.8078294548711593,19.139941750996314,2025-12-01 02:30:00,2,12,0
14.19,16.109829156427637,-1.919829156427637,1.919829156427637,13.529451419504138,2025-12-01 02:45:00,2,12,0
14.93,21.22348715237755,-6.293487152377551,6.293487152377551,42.15329639904589,2025-12-01 03:00:00,3,12,0
15.39,18.188137533023205,-2.798137533023205,2.798137533023205,18.18153042900068,2025-12-01 03:15:00,3,12,0
16.23,17.470292868982813,-1.240292868982813,1.240292868982813,7.641977011600819,2025-12-01 03:30:00,3,12,0
16.87,19.158320764990506,-2.2883207649905053,2.2883207649905053,13.564438440963277,2025-12-01 03:45:00,3,12,0
13.25,21.090196470231383,-7.840196470231383,7.840196470231383,59.17129411495383,2025-12-01 04:00:00,4,12,0
14.98,17.49722929048165,-2.517229290481648,2.517229290481648,16.80393384834211,2025-12-01 04:15:00,4,12,0
17.86,20.246405928814376,-2.3864059288143764,2.3864059288143764,13.361735323708714,2025-12-01 04:30:00,4,12,0
18.87,22.6134013560366,-3.7434013560365997,3.7434013560365997,19.837845024041336,2025-12-01 04:45:00,4,12,0
17.75,19.550713292329842,-1.8007132923298421,1.8007132923298421,10.144863618759674,2025-12-01 05:00:00,5,12,0
23.76,22.659195379021085,1.1008046209789164,1.1008046209789164,4.633016081561095,2025-12-01 05:15:00,5,12,0
26.05,29.97363092278402,-3.923630922784021,3.923630922784021,15.061922928153631,2025-12-01 05:30:00,5,12,0
29.35,29.848801560974476,-0.49880156097447426,0.49880156097447426,1.6994942452281916,2025-12-01 05:45:00,5,12,0
26.66,30.974258919350664,-4.314258919350664,4.314258919350664,16.182516576709165,2025-12-01 06:00:00,6,12,0
32.41,34.42197203852239,-2.0119720385223943,2.0119720385223943,6.207874231787703,2025-12-01 06:15:00,6,12,0
34.54,38.02422250684322,-3.484222506843224,3.484222506843224,10.087500019812461,2025-12-01 06:30:00,6,12,0
36.96,40.56306913548514,-3.6030691354851356,3.6030691354851356,9.748563678260648,2025-12-01 06:45:00,6,12,0
38.48,37.51416261319033,0.9658373868096675,0.9658373868096675,2.5099724189440424,2025-12-01 07:00:00,7,12,0
39.37,45.938654741998945,-6.568654741998948,6.568654741998948,16.684416413510156,2025-12-01 07:15:00,7,12,0
45.26,44.27933198176012,0.980668018239875,0.980668018239875,2.166743301457965,2025-12-01 07:30:00,7,12,0
52.07,50.36284090975345,1.7071590902465488,1.7071590902465488,3.2785847709747435,2025-12-01 07:45:00,7,12,0
69.1,49.55850722137085,19.54149277862914,19.54149277862914,28.280018492951005,2025-12-01 08:00:00,8,12,0
69.19,63.886244353026456,5.303755646973542,5.303755646973542,7.665494503502734,2025-12-01 08:15:00,8,12,0
69.31,65.60313190003258,3.706868099967423,3.706868099967423,5.348244264849837,2025-12-01 08:30:00,8,12,0
69.38,67.89793277622589,1.4820672237741093,1.4820672237741093,2.1361591579332795,2025-12-01 08:45:00,8,12,0
75.74,79.84913254055218,-4.1091325405521815,4.1091325405521815,5.425313626290179,2025-12-01 09:00:00,9,12,0
75.74,73.2749948334509,2.4650051665490906,2.4650051665490906,3.2545618782005423,2025-12-01 09:15:00,9,12,0
75.35,72.18657233003317,3.163427669966822,3.163427669966822,4.1983114399028825,2025-12-01 09:30:00,9,12,0
75.55,71.83938142188579,3.7106185781142074,3.7106185781142074,4.911473961765993,2025-12-01 09:45:00,9,12,0
78.34,78.98961397377366,-0.6496139737736542,0.6496139737736542,0.8292238623610596,2025-12-01 10:00:00,10,12,0
78.05,76.87609498478241,1.173905015217585,1.173905015217585,1.504042300086592,2025-12-01 10:15:00,10,12,0
78.81,75.69414413830168,3.1158558616983214,3.1158558616983214,3.9536300744808037,2025-12-01 10:30:00,10,12,0
76.55,76.94672954165013,-0.3967295416501315,0.3967295416501315,0.5182619747225755,2025-12-01 10:45:00,10,12,0
77.7,77.92854861784323,-0.22854861784323077,0.22854861784323077,0.2941423653066033,2025-12-01 11:00:00,11,12,0
76.01,77.09004117118273,-1.080041171182728,1.080041171182728,1.4209198410508197,2025-12-01 11:15:00,11,12,0
76.06,76.06410068427115,-0.004100684271151067,0.004100684271151067,0.005391380845583838,2025-12-01 11:30:00,11,12,0
76.12,73.80140519082707,2.318594809172936,2.318594809172936,3.0459732122608196,2025-12-01 11:45:00,11,12,0
74.7,77.37726983287482,-2.6772698328748135,2.6772698328748135,3.584029227409389,2025-12-01 12:00:00,12,12,0
74.59,73.47139518058151,1.1186048194184934,1.1186048194184934,1.4996712956408278,2025-12-01 12:15:00,12,12,0
74.5,74.95426198062069,-0.4542619806206858,0.4542619806206858,0.6097476249942091,2025-12-01 12:30:00,12,12,0
74.54,74.95985734645387,-0.41985734645386685,0.41985734645386685,0.5632644841076829,2025-12-01 12:45:00,12,12,0
75.94,74.0903084196382,1.8496915803617924,1.8496915803617924,2.435727653887006,2025-12-01 13:00:00,13,12,0
76.2,76.4018294807612,-0.2018294807611909,0.2018294807611909,0.26486808498843945,2025-12-01 13:15:00,13,12,0
76.68,76.45980889742717,0.2201911025728407,0.2201911025728407,0.2871558458174761,2025-12-01 13:30:00,13,12,0
77.03,77.05345607810682,-0.023456078106818268,0.023456078106818268,0.030450575239281148,2025-12-01 13:45:00,13,12,0
74.85,79.02111718939565,-4.171117189395659,4.171117189395659,5.572634855572023,2025-12-01 14:00:00,14,12,0
75.08,76.23030797833717,-1.1503079783371675,1.1503079783371675,1.5321097207474261,2025-12-01 14:15:00,14,12,0
75.99,77.00558627973084,-1.0155862797308401,1.0155862797308401,1.3364735882758787,2025-12-01 14:30:00,14,12,0
77.98,77.85184211520581,0.12815788479419155,0.12815788479419155,0.1643471207927565,2025-12-01 14:45:00,14,12,0
74.81,77.70145907033171,-2.891459070331706,2.891459070331706,3.8650702717974945,2025-12-01 15:00:00,15,12,0
76.83,76.26705917707284,0.5629408229271604,0.5629408229271604,0.7327096484799693,2025-12-01 15:15:00,15,12,0
77.66,79.52037419465924,-1.8603741946592436,1.8603741946592436,2.39553720661762,2025-12-01 15:30:00,15,12,0
78.37,81.0875292741201,-2.7175292741200963,2.7175292741200963,3.4675631927014114,2025-12-01 15:45:00,15,12,0
78.09,77.54351790731144,0.5464820926885636,0.5464820926885636,0.6998105937873781,2025-12-01 16:00:00,16,12,0
79.51,81.49042158506647,-1.9804215850664662,1.9804215850664662,2.490783027375759,2025-12-01 16:15:00,16,12,0
79.54,82.20639512543562,-2.6663951254356135,2.6663951254356135,3.3522694561674795,2025-12-01 16:30:00,16,12,0
79.84,82.24688908883411,-2.406889088834106,2.406889088834106,3.014640642327287,2025-12-01 16:45:00,16,12,0
79.7,81.89229357420285,-2.19229357420285,2.19229357420285,2.75068202534862,2025-12-01 17:00:00,17,12,0
79.43,83.32153759451336,-3.891537594513352,3.891537594513352,4.8993297173780075,2025-12-01 17:15:00,17,12,0
78.5,82.1028889199836,-3.6028889199835987,3.6028889199835987,4.589667413991846,2025-12-01 17:30:00,17,12,0
77.31,81.5352226034208,-4.225222603420804,4.225222603420804,5.465298930824995,2025-12-01 17:45:00,17,12,0
74.77,80.76733215452576,-5.997332154525765,5.997332154525765,8.021040730942577,2025-12-01 18:00:00,18,12,0
74.3,78.30129314728616,-4.001293147286162,4.001293147286162,5.385320521246518,2025-12-01 18:15:00,18,12,0
73.74,77.64730986263677,-3.9073098626367795,3.9073098626367795,5.298765748083509,2025-12-01 18:30:00,18,12,0
73.28,76.74112537578543,-3.4611253757854286,3.4611253757854286,4.723151440755224,2025-12-01 18:45:00,18,12,0
72.31,70.54955187048253,1.7604481295174708,1.7604481295174708,2.4345846072707378,2025-12-01 19:00:00,19,12,0
70.52,71.0909872691247,-0.5709872691247,0.5709872691247,0.8096813232057573,2025-12-01 19:15:00,19,12,0
68.63,69.46307016752858,-0.8330701675285894,0.8330701675285894,1.2138571579900765,2025-12-01 19:30:00,19,12,0
67.22,67.93859054599739,-0.7185905459973867,0.7185905459973867,1.0690130110047407,2025-12-01 19:45:00,19,12,0
70.95,66.10477179609714,4.845228203902863,4.845228203902863,6.829074283161188,2025-12-01 20:00:00,20,12,0
69.68,68.84511728948348,0.8348827105165242,0.8348827105165242,1.1981669209479393,2025-12-01 20:15:00,20,12,0
63.41,66.5415169142787,-3.1315169142787056,3.1315169142787056,4.9385221799064905,2025-12-01 20:30:00,20,12,0
58.51,60.92573015745097,-2.415730157450973,2.415730157450973,4.128747491797937,2025-12-01 20:45:00,20,12,0
59.99,62.035769772584345,-2.045769772584343,2.045769772584343,3.4101846517491965,2025-12-01 21:00:00,21,12,0
56.98,60.31651994962029,-3.336519949620296,3.336519949620296,5.855598367181988,2025-12-01 21:15:00,21,12,0
52.76,52.26162078099554,0.49837921900445536,0.49837921900445536,0.9446156539129178,2025-12-01 21:30:00,21,12,0
45.26,48.90465457903621,-3.6446545790362137,3.6446545790362137,8.052705654079128,2025-12-01 21:45:00,21,12,0
49.17,47.79361789247805,1.3763821075219482,1.3763821075219482,2.7992314572339803,2025-12-01 22:00:00,22,12,0
43.68,48.93837295441368,-5.25837295441368,5.25837295441368,12.03839962091044,2025-12-01 22:15:00,22,12,0
37.35,41.277785153054204,-3.9277851530542023,3.9277851530542023,10.516158374977785,2025-12-01 22:30:00,22,12,0
36.94,32.496987802134825,4.443012197865173,4.443012197865173,12.02764536509251,2025-12-01 22:45:00,22,12,0
52.05,42.69244575901177,9.357554240988229,9.357554240988229,17.97801006914165,2025-12-01 23:00:00,23,12,0
50.01,48.85637390274649,1.1536260972535075,1.1536260972535075,2.306790836339747,2025-12-01 23:15:00,23,12,0
51.61,42.19614596513669,9.413854034863313,9.413854034863313,18.240368213259664,2025-12-01 23:30:00,23,12,0
45.0,48.42090565234603,-3.420905652346029,3.420905652346029,7.602012560768953,2025-12-01 23:45:00,23,12,0
33.81,58.18155155972576,-24.37155155972576,24.37155155972576,72.08385554488541,2025-12-02 00:00:00,0,12,1
30.85,35.83859546681188,-4.98859546681188,4.98859546681188,16.17048773682943,2025-12-02 00:15:00,0,12,1
33.99,38.25055283153918,-4.260552831539179,4.260552831539179,12.534724423475078,2025-12-02 00:30:00,0,12,1
34.0,34.38678111112215,-0.3867811111221471,0.3867811111221471,1.1375915033004325,2025-12-02 00:45:00,0,12,1
30.33,28.528849909997824,1.8011500900021744,1.8011500900021744,5.938510023086629,2025-12-02 01:00:00,1,12,1
34.0,30.644803329288422,3.355196670711578,3.355196670711578,9.868225502092876,2025-12-02 01:15:00,1,12,1
34.89,39.9449005511764,-5.054900551176402,5.054900551176402,14.488107054102613,2025-12-02 01:30:00,1,12,1
36.93,37.77133920254808,-0.8413392025480775,0.8413392025480775,2.2781998444302123,2025-12-02 01:45:00,1,12,1
36.94,36.44893110907436,0.4910688909256393,0.4910688909256393,1.3293689521538694,2025-12-02 02:00:00,2,12,1
44.94,42.256857351529845,2.6831426484701524,2.6831426484701524,5.970499885336343,2025-12-02 02:15:00,2,12,1
51.93,47.87733755269733,4.052662447302673,4.052662447302673,7.804087131335785,2025-12-02 02:30:00,2,12,1
58.82,54.16673529948477,4.65326470051523,4.65326470051523,7.9110246523550325,2025-12-02 02:45:00,2,12,1
39.99,58.22717708247862,-18.237177082478617,18.237177082478617,45.604343792144576,2025-12-02 03:00:00,3,12,1
48.64,46.75532383677846,1.8846761632215419,1.8846761632215419,3.874745401360078,2025-12-02 03:15:00,3,12,1
52.22,59.12877749233303,-6.90877749233303,6.90877749233303,13.230136906037973,2025-12-02 03:30:00,3,12,1
59.18,62.10502430999805,-2.925024309998051,2.925024309998051,4.942589236225162,2025-12-02 03:45:00,3,12,1
46.91,45.65281112223366,1.257188877766339,1.257188877766339,2.680001871171049,2025-12-02 04:00:00,4,12,1
44.96,54.95040974242075,-9.990409742420752,9.990409742420752,22.220662238480323,2025-12-02 04:15:00,4,12,1
55.32,52.439010045970164,2.880989954029836,2.880989954029836,5.207863257465358,2025-12-02 04:30:00,4,12,1
73.29,66.42322681307598,6.866773186924021,6.866773186924021,9.369318033734508,2025-12-02 04:45:00,4,12,1
59.99,65.04638706340486,-5.056387063404863,5.056387063404863,8.428716558434509,2025-12-02 05:00:00,5,12,1
83.17,56.414498283136695,26.755501716863307,26.755501716863307,32.16965458321908,2025-12-02 05:15:00,5,12,1
96.77,91.92966251953294,4.840337480467056,4.840337480467056,5.001898812097815,2025-12-02 05:30:00,5,12,1
157.89,109.39583788260072,48.49416211739927,48.49416211739927,30.713890757742274,2025-12-02 05:45:00,5,12,1
96.44,138.62382600369406,-42.183826003694065,42.183826003694065,43.74100581054963,2025-12-02 06:00:00,6,12,1
112.7,100.76240786476936,11.937592135230645,11.937592135230645,10.592362143061797,2025-12-02 06:15:00,6,12,1
100.0,123.61385916612386,-23.61385916612386,23.61385916612386,23.61385916612386,2025-12-02 06:30:00,6,12,1
62.86,155.95663402931973,-93.09663402931973,93.09663402931973,148.10154952166675,2025-12-02 06:45:00,6,12,1
93.83,20.818473709411272,73.01152629058873,73.01152629058873,77.81256132429792,2025-12-02 07:00:00,7,12,1
100.75,118.42000144788543,-17.670001447885426,17.670001447885426,17.53846297556866,2025-12-02 07:15:00,7,12,1
100.33,95.36699996045357,4.963000039546429,4.963000039546429,4.946676008717661,2025-12-02 07:30:00,7,12,1
100.78,68.28464801370119,32.495351986298814,32.495351986298814,32.24384995663704,2025-12-02 07:45:00,7,12,1
102.67,119.63187970969386,-16.96187970969386,16.96187970969386,16.52077501674672,2025-12-02 08:00:00,8,12,1
102.95,104.87433651896188,-1.92433651896188,1.92433651896188,1.8691952588264984,2025-12-02 08:15:00,8,12,1
110.33,99.24361512678273,11.08638487321727,11.08638487321727,10.048386543294905,2025-12-02 08:30:00,8,12,1
103.02,106.85615683592385,-3.836156835923859,3.836156835923859,3.723701063797184,2025-12-02 08:45:00,8,12,1
108.88,100.83271247605468,8.047287523945315,8.047287523945315,7.390969437863074,2025-12-02 09:00:00,9,12,1
99.99,106.74405787277595,-6.7540578727759595,6.7540578727759595,6.754733346110571,2025-12-02 09:15:00,9,12,1
88.69,103.82741170156439,-15.137411701564389,15.137411701564389,17.0677773160045,2025-12-02 09:30:00,9,12,1
72.23,82.63415554218582,-10.40415554218582,10.40415554218582,14.404202605822814,2025-12-02 09:45:00,9,12,1
75.2,81.27536926298842,-6.075369262988417,6.075369262988417,8.078948488016511,2025-12-02 10:00:00,10,12,1
60.0,74.36741875819706,-14.367418758197061,14.367418758197061,23.945697930328436,2025-12-02 10:15:00,10,12,1
50.0,55.442960656598196,-5.442960656598196,5.442960656598196,10.885921313196391,2025-12-02 10:30:00,10,12,1
46.83,41.941250492411314,4.888749507588685,4.888749507588685,10.439354062756106,2025-12-02 10:45:00,10,12,1
99.99,56.796721512763185,43.19327848723681,43.19327848723681,43.19759824706152,2025-12-02 11:00:00,11,12,1
89.98,90.9628004271963,-0.9828004271962953,0.9828004271962953,1.0922431953726333,2025-12-02 11:15:00,11,12,1
59.99,73.30297043305563,-13.312970433055632,13.312970433055632,22.1919827188792,2025-12-02 11:30:00,11,12,1
49.99,51.566613748990925,-1.5766137489909227,1.5766137489909227,3.1538582696357724,2025-12-02 11:45:00,11,12,1
101.68,100.77082494455536,0.9091750554446492,0.9091750554446492,0.8941532803350207,2025-12-02 12:00:00,12,12,1
84.85,102.2226553380807,-17.372655338080705,17.372655338080705,20.474549602923638,2025-12-02 12:15:00,12,12,1
49.99,55.83481307117425,-5.844813071174251,5.844813071174251,11.691964535255552,2025-12-02 12:30:00,12,12,1
34.89,39.553305670870714,-4.663305670870713,4.663305670870713,13.365737090486423,2025-12-02 12:45:00,12,12,1
38.76,88.31640460830126,-49.55640460830126,49.55640460830126,127.85450105340882,2025-12-02 13:00:00,13,12,1
27.26,40.5752348376806,-13.315234837680595,13.315234837680595,48.845322221865715,2025-12-02 13:15:00,13,12,1
21.43,8.745613543263289,12.68438645673671,12.68438645673671,59.18985747427303,2025-12-02 13:30:00,13,12,1
13.99,17.1413089290129,-3.1513089290129006,3.1513089290129006,22.52543909230093,2025-12-02 13:45:00,13,12,1
15.2,26.485293732737063,-11.285293732737063,11.285293732737063,74.24535350484909,2025-12-02 14:00:00,14,12,1
13.81,15.518898234079877,-1.7088982340798768,1.7088982340798768,12.374353613902077,2025-12-02 14:15:00,14,12,1
11.31,16.866788318794995,-5.556788318794995,5.556788318794995,49.131638539301456,2025-12-02 14:30:00,14,12,1
10.1,12.329531224894176,-2.229531224894176,2.229531224894176,22.074566583110652,2025-12-02 14:45:00,14,12,1
14.07,18.5807818745843,-4.5107818745843,4.5107818745843,32.05957266939801,2025-12-02 15:00:00,15,12,1
11.63,20.299951859805102,-8.669951859805101,8.669951859805101,74.54816732420551,2025-12-02 15:15:00,15,12,1
10.36,15.728169441499393,-5.3681694414993935,5.3681694414993935,51.81630735038026,2025-12-02 15:30:00,15,12,1
9.99,15.58897645436834,-5.598976454368339,5.598976454368339,56.04581035403743,2025-12-02 15:45:00,15,12,1
9.9,20.428554316432155,-10.528554316432155,10.528554316432155,106.34903349931469,2025-12-02 16:00:00,16,12,1
9.28,15.040017837363763,-5.760017837363764,5.760017837363764,62.06915773021298,2025-12-02 16:15:00,16,12,1
8.64,15.054124496933035,-6.414124496933034,6.414124496933034,74.23755204783605,2025-12-02 16:30:00,16,12,1
7.88,14.779350932671072,-6.899350932671072,6.899350932671072,87.55521488161259,2025-12-02 16:45:00,16,12,1
9.31,15.08249624192048,-5.77249624192048,5.77249624192048,62.00318197551537,2025-12-02 17:00:00,17,12,1
8.51,15.805811060811969,-7.295811060811969,7.295811060811969,85.73220988028166,2025-12-02 17:15:00,17,12,1
7.6,14.454274920452747,-6.854274920452747,6.854274920452747,90.18782790069405,2025-12-02 17:30:00,17,12,1
6.68,13.22823750871386,-6.548237508713861,6.548237508713861,98.02750761547696,2025-12-02 17:45:00,17,12,1
7.73,15.467403620172938,-7.7374036201729375,7.7374036201729375,100.09577775126697,2025-12-02 18:00:00,18,12,1
6.57,14.73847127803458,-8.16847127803458,8.16847127803458,124.32985202487944,2025-12-02 18:15:00,18,12,1
6.36,13.00950111446646,-6.649501114466459,6.649501114466459,104.55190431551036,2025-12-02 18:30:00,18,12,1
6.18,12.60676335570929,-6.426763355709291,6.426763355709291,103.99293455840277,2025-12-02 18:45:00,18,12,1
6.98,10.084261229084106,-3.1042612290841056,3.1042612290841056,44.47365657713618,2025-12-02 19:00:00,19,12,1
6.44,8.774073945783687,-2.334073945783687,2.334073945783687,36.24338425129949,2025-12-02 19:15:00,19,12,1
6.24,8.514129751945347,-2.274129751945347,2.274129751945347,36.4443870504062,2025-12-02 19:30:00,19,12,1
5.91,8.074355171004736,-2.164355171004736,2.164355171004736,36.62191490701753,2025-12-02 19:45:00,19,12,1
5.0,8.578042930696125,-3.5780429306961246,3.5780429306961246,71.56085861392249,2025-12-02 20:00:00,20,12,1
4.04,6.513045770585755,-2.473045770585755,2.473045770585755,61.21400422241968,2025-12-02 20:15:00,20,12,1
4.0,5.822835643816184,-1.822835643816184,1.822835643816184,45.5708910954046,2025-12-02 20:30:00,20,12,1
3.0,5.685021272961144,-2.6850212729611442,2.6850212729611442,89.50070909870482,2025-12-02 20:45:00,20,12,1
3.99,4.365454813044288,-0.3754548130442874,0.3754548130442874,9.409895063766601,2025-12-02 21:00:00,21,12,1
3.99,5.069264217238377,-1.0792642172383768,1.0792642172383768,27.049228502214955,2025-12-02 21:15:00,21,12,1
3.0,5.485111958272135,-2.4851119582721353,2.4851119582721353,82.83706527573784,2025-12-02 21:30:00,21,12,1
2.99,3.578715030343929,-0.5887150303439288,0.5887150303439288,19.68946589779026,2025-12-02 21:45:00,21,12,1
2.52,5.427279601584765,-2.9072796015847646,2.9072796015847646,115.36823815812558,2025-12-02 22:00:00,22,12,1
2.2,4.22959538948399,-2.0295953894839895,2.0295953894839895,92.25433588563588,2025-12-02 22:15:00,22,12,1
2.16,3.037652493873729,-0.8776524938737289,0.8776524938737289,40.63205990156152,2025-12-02 22:30:00,22,12,1
2.01,3.6802148875007177,-1.670214887500718,1.670214887500718,83.09526803486159,2025-12-02 22:45:00,22,12,1
2.09,3.1806562659776674,-1.0906562659776675,1.0906562659776675,52.18451033385969,2025-12-02 23:00:00,23,12,1
2.0,3.224536257316281,-1.2245362573162808,1.2245362573162808,61.22681286581404,2025-12-02 23:15:00,23,12,1
1.98,3.241246479922502,-1.261246479922502,1.261246479922502,63.69931716780314,2025-12-02 23:30:00,23,12,1
1.96,3.0745671277173585,-1.1145671277173586,1.1145671277173586,56.865669781497886,2025-12-02 23:45:00,23,12,1
1.84,5.122511418573602,-3.282511418573602,3.282511418573602,178.39735970508707,2025-12-03 00:00:00,0,12,2
1.79,4.80155249340212,-3.01155249340212,3.01155249340212,168.24315605598437,2025-12-03 00:15:00,0,12,2
0.68,4.7670814516883695,-4.08708145168837,4.08708145168837,601.041389954172,2025-12-03 00:30:00,0,12,2
0.69,3.74963844722388,-3.0596384472238802,3.0596384472238802,443.42586191650446,2025-12-03 00:45:00,0,12,2
1.13,4.004494138180938,-2.874494138180938,2.874494138180938,254.38001222840163,2025-12-03 01:00:00,1,12,2
0.98,4.327154164647432,-3.347154164647432,3.347154164647432,341.5463433313706,2025-12-03 01:15:00,1,12,2
0.7,3.157537251346902,-2.457537251346902,2.457537251346902,351.0767501924146,2025-12-03 01:30:00,1,12,2
0.7,3.7295144431703378,-3.0295144431703376,3.0295144431703376,432.7877775957625,2025-12-03 01:45:00,1,12,2
0.35,4.526552424964827,-4.176552424964827,4.176552424964827,1193.3006928470934,2025-12-03 02:00:00,2,12,2
0.08,3.7281750183240447,-3.6481750183240447,3.6481750183240447,4560.218772905056,2025-12-03 02:15:00,2,12,2
0.1,3.359593951255725,-3.259593951255725,3.259593951255725,3259.593951255725,2025-12-03 02:30:00,2,12,2
0.33,3.438814171505065,-3.108814171505065,3.108814171505065,942.0649004560803,2025-12-03 02:45:00,2,12,2
1.22,3.5378518134563777,-2.317851813456378,2.317851813456378,189.98785356199818,2025-12-03 03:00:00,3,12,2
1.28,4.216861641594704,-2.936861641594704,2.936861641594704,229.44231574958621,2025-12-03 03:15:00,3,12,2
0.91,4.623363624190432,-3.713363624190432,3.713363624190432,408.06193672422324,2025-12-03 03:30:00,3,12,2
1.02,4.456099998451307,-3.4360999984513074,3.4360999984513074,336.87254886777527,2025-12-03 03:45:00,3,12,2
1.51,5.631021442666103,-4.121021442666104,4.121021442666104,272.91532732888106,2025-12-03 04:00:00,4,12,2
1.41,5.43046064473203,-4.0204606447320295,4.0204606447320295,285.1390528178745,2025-12-03 04:15:00,4,12,2
1.87,4.882222774328916,-3.012222774328916,3.012222774328916,161.08143178229497,2025-12-03 04:30:00,4,12,2
1.99,5.597510140548891,-3.607510140548891,3.607510140548891,181.28191661049703,2025-12-03 04:45:00,4,12,2
1.96,6.470537306479834,-4.510537306479834,4.510537306479834,230.1294544122364,2025-12-03 05:00:00,5,12,2
1.98,5.909462652772909,-3.929462652772909,3.929462652772909,198.4577097360055,2025-12-03 05:15:00,5,12,2
2.04,6.423101235320679,-4.383101235320679,4.383101235320679,214.85790369219018,2025-12-03 05:30:00,5,12,2
2.59,5.954303408402268,-3.364303408402268,3.364303408402268,129.89588449429607,2025-12-03 05:45:00,5,12,2
2.99,6.873185511049137,-3.8831855110491365,3.8831855110491365,129.87242511870022,2025-12-03 06:00:00,6,12,2
3.99,7.1382814412908075,-3.1482814412908073,3.1482814412908073,78.90429677420569,2025-12-03 06:15:00,6,12,2
4.99,8.08278064086456,-3.092780640864559,3.092780640864559,61.97957196121361,2025-12-03 06:30:00,6,12,2
6.37,9.455734251010313,-3.0857342510103125,3.0857342510103125,48.44166799074274,2025-12-03 06:45:00,6,12,2
6.15,10.3159149066393,-4.1659149066392995,4.1659149066392995,67.73845376649267,2025-12-03 07:00:00,7,12,2
8.08,10.45884927663668,-2.3788492766366804,2.3788492766366804,29.441203918770796,2025-12-03 07:15:00,7,12,2
8.14,12.4554229182062,-4.315422918206199,4.315422918206199,53.015023565186716,2025-12-03 07:30:00,7,12,2
7.23,12.977841171415843,-5.747841171415843,5.747841171415843,79.49987788956905,2025-12-03 07:45:00,7,12,2
7.23,4.91436188488796,2.3156381151120407,2.3156381151120407,32.02818969726197,2025-12-03 08:00:00,8,12,2
8.33,7.0157418896775425,1.3142581103224575,1.3142581103224575,15.777408287184363,2025-12-03 08:15:00,8,12,2
10.0,6.668685469429896,3.331314530570104,3.331314530570104,33.31314530570104,2025-12-03 08:30:00,8,12,2
10.4,7.101177247481601,3.298822752518399,3.298822752518399,31.719449543446142,2025-12-03 08:45:00,8,12,2
9.99,8.82424727094875,1.1657527290512508,1.1657527290512508,11.669196486999507,2025-12-03 09:00:00,9,12,2
10.15,9.36762186264085,0.7823781373591512,0.7823781373591512,7.708158988760109,2025-12-03 09:15:00,9,12,2
11.83,10.343970736770185,1.486029263229815,1.486029263229815,12.561532233557186,2025-12-03 09:30:00,9,12,2
13.82,11.042992871730203,2.7770071282697977,2.7770071282697977,20.094118149564384,2025-12-03 09:45:00,9,12,2
11.89,12.872051448252357,-0.9820514482523564,0.9820514482523564,8.259473912971877,2025-12-03 10:00:00,10,12,2
14.03,11.161925695590014,2.8680743044099852,2.8680743044099852,20.44243980334986,2025-12-03 10:15:00,10,12,2
16.31,14.915492799579066,1.3945072004209322,1.3945072004209322,8.55001349123809,2025-12-03 10:30:00,10,12,2
17.65,17.257544391366842,0.3924556086331563,0.3924556086331563,2.223544524833747,2025-12-03 10:45:00,10,12,2
18.72,15.282018754687428,3.437981245312571,3.437981245312571,18.365284430088522,2025-12-03 11:00:00,11,12,2
19.33,19.48384036573134,-0.15384036573134097,0.15384036573134097,0.795863247446151,2025-12-03 11:15:00,11,12,2
20.53,20.51076784328059,0.019232156719411364,0.019232156719411364,0.09367830842382545,2025-12-03 11:30:00,11,12,2
21.5,21.090592364273057,0.40940763572694294,0.40940763572694294,1.9042215615206648,2025-12-03 11:45:00,11,12,2
18.99,22.20836241394751,-3.21836241394751,3.21836241394751,16.94766937307799,2025-12-03 12:00:00,12,12,2
19.43,19.539701486788704,-0.10970148678870473,0.10970148678870473,0.5645984909351762,2025-12-03 12:15:00,12,12,2
20.42,21.25191386407014,-0.8319138640701382,0.8319138640701382,4.074015005240637,2025-12-03 12:30:00,12,12,2
21.2,22.16090879460931,-0.9609087946093098,0.9609087946093098,4.532588653817499,2025-12-03 12:45:00,12,12,2
21.01,20.13947708280495,0.8705229171950499,0.8705229171950499,4.143374189410042,2025-12-03 13:00:00,13,12,2
21.39,22.124419587062203,-0.7344195870622023,0.7344195870622023,3.4334716552697633,2025-12-03 13:15:00,13,12,2
23.46,23.1189152930842,0.34108470691580095,0.34108470691580095,1.4538990064612145,2025-12-03 13:30:00,13,12,2
26.0,24.952152401232727,1.047847598767273,1.047847598767273,4.030183072181819,2025-12-03 13:45:00,13,12,2
22.25,26.675646737085835,-4.425646737085835,4.425646737085835,19.890547132970042,2025-12-03 14:00:00,14,12,2
24.78,23.16478405888852,1.6152159411114795,1.6152159411114795,6.5182241368502,2025-12-03 14:15:00,14,12,2
26.99,27.854788908041137,-0.8647889080411382,0.8647889080411382,3.2041085885184817,2025-12-03 14:30:00,14,12,2
29.94,30.278573233982314,-0.33857323398231287,0.33857323398231287,1.1308391248574243,2025-12-03 14:45:00,14,12,2
28.5,27.67532257003039,0.8246774299696114,0.8246774299696114,2.8936050174372325,2025-12-03 15:00:00,15,12,2
34.6,30.946727009816822,3.6532729901831793,3.6532729901831793,10.558592457176818,2025-12-03 15:15:00,15,12,2
41.69,37.13916630414799,4.550833695852006,4.550833695852006,10.915887972780059,2025-12-03 15:30:00,15,12,2
46.84,43.72613296152853,3.1138670384714757,3.1138670384714757,6.647880099213227,2025-12-03 15:45:00,15,12,2
31.35,43.9478042585145,-12.5978042585145,12.5978042585145,40.184383599727276,2025-12-03 16:00:00,16,12,2
35.0,35.24817570202651,-0.24817570202650785,0.24817570202650785,0.709073434361451,2025-12-03 16:15:00,16,12,2
38.67,43.7621665814724,-5.092166581472398,5.092166581472398,13.168261136468573,2025-12-03 16:30:00,16,12,2
49.99,46.06479944694316,3.9252005530568397,3.9252005530568397,7.851971500413763,2025-12-03 16:45:00,16,12,2
32.74,38.00205347179251,-5.262053471792505,5.262053471792505,16.07224640132103,2025-12-03 17:00:00,17,12,2
35.0,34.60318525511149,0.3968147448885091,0.3968147448885091,1.133756413967169,2025-12-03 17:15:00,17,12,2
42.29,40.78326741200432,1.5067325879956783,1.5067325879956783,3.5628578576393433,2025-12-03 17:30:00,17,12,2
49.99,55.068068012672164,-5.078068012672162,5.078068012672162,10.1581676588761,2025-12-03 17:45:00,17,12,2
49.99,36.77688780335507,13.213112196644929,13.213112196644929,26.43151069542894,2025-12-03 18:00:00,18,12,2
49.99,50.25152103691499,-0.26152103691498496,0.26152103691498496,0.5231467031706041,2025-12-03 18:15:00,18,12,2
49.99,55.41447037373621,-5.424470373736206,5.424470373736206,10.851110969666344,2025-12-03 18:30:00,18,12,2
49.99,57.22673661226572,-7.236736612265716,7.236736612265716,14.476368498231077,2025-12-03 18:45:00,18,12,2
49.99,47.15018295522907,2.839817044770932,2.839817044770932,5.680770243590582,2025-12-03 19:00:00,19,12,2
49.99,47.160443570998844,2.8295564290011583,2.8295564290011583,5.6602449069837135,2025-12-03 19:15:00,19,12,2
43.99,47.17497887027274,-3.1849788702727366,3.1849788702727366,7.240233849221951,2025-12-03 19:30:00,19,12,2
44.93,41.57069618957909,3.3593038104209114,3.3593038104209114,7.47675007883577,2025-12-03 19:45:00,19,12,2
29.25,43.32445630211044,-14.074456302110441,14.074456302110441,48.117799323454506,2025-12-03 20:00:00,20,12,2
30.06,28.475533968010424,1.5844660319895745,1.5844660319895745,5.271011417130986,2025-12-03 20:15:00,20,12,2
31.85,26.64510068474641,5.204899315253591,5.204899315253591,16.34191307771928,2025-12-03 20:30:00,20,12,2
28.82,33.523520264829145,-4.7035202648291445,4.7035202648291445,16.32033402092,2025-12-03 20:45:00,20,12,2
34.88,14.781035275923202,20.0989647240768,20.0989647240768,57.623178681412845,2025-12-03 21:00:00,21,12,2
34.16,33.458752252928036,0.7012477470719602,0.7012477470719602,2.052832983231734,2025-12-03 21:15:00,21,12,2
33.85,32.72182087942636,1.1281791205736411,1.1281791205736411,3.332877756495247,2025-12-03 21:30:00,21,12,2
33.8,28.42013275634203,5.379867243657966,5.379867243657966,15.916766993070905,2025-12-03 21:45:00,21,12,2
34.88,36.3318926337231,-1.451892633723098,1.451892633723098,4.1625362205364045,2025-12-03 22:00:00,22,12,2
30.64,32.189594222828745,-1.5495942228287447,1.5495942228287447,5.057422398266138,2025-12-03 22:15:00,22,12,2
28.18,28.278280990510854,-0.0982809905108546,0.0982809905108546,0.3487614993287956,2025-12-03 22:30:00,22,12,2
28.16,26.992858057894512,1.1671419421054878,1.1671419421054878,4.144680192135965,2025-12-03 22:45:00,22,12,2
29.41,28.593972062163086,0.816027937836914,0.816027937836914,2.7746614683336075,2025-12-03 23:00:00,23,12,2
25.99,25.006403984544704,0.9835960154552943,0.9835960154552943,3.7845171814363,2025-12-03 23:15:00,23,12,2
24.31,22.426781776159892,1.8832182238401067,1.8832182238401067,7.746681299218867,2025-12-03 23:30:00,23,12,2
22.3,23.335558661579697,-1.035558661579696,1.035558661579696,4.643760814258726,2025-12-03 23:45:00,23,12,2
24.89,24.84691005595741,0.04308994404259181,0.04308994404259181,0.17312151081796628,2025-12-04 00:00:00,0,12,3
22.34,23.527400589310172,-1.1874005893101724,1.1874005893101724,5.315132449911246,2025-12-04 00:15:00,0,12,3
21.51,21.640002244530052,-0.1300022445300506,0.1300022445300506,0.6043804952582548,2025-12-04 00:30:00,0,12,3
21.14,20.729112960561626,0.410887039438375,0.410887039438375,1.9436473010329944,2025-12-04 00:45:00,0,12,3
22.39,24.78229762495309,-2.392297624953091,2.392297624953091,10.684670053385847,2025-12-04 01:00:00,1,12,3
23.06,21.718167785615385,1.3418322143846133,1.3418322143846133,5.818873436186528,2025-12-04 01:15:00,1,12,3
22.99,23.240072478738412,-0.25007247873841365,0.25007247873841365,1.0877445791144569,2025-12-04 01:30:00,1,12,3
24.1,23.328129690472956,0.7718703095270456,0.7718703095270456,3.2027813673321393,2025-12-04 01:45:00,1,12,3
23.01,26.232680007577798,-3.2226800075777966,3.2226800075777966,14.005562831715759,2025-12-04 02:00:00,2,12,3
23.99,24.715187896284085,-0.725187896284087,0.725187896284087,3.0228757660862318,2025-12-04 02:15:00,2,12,3
27.77,25.289856396608805,2.4801436033911948,2.4801436033911948,8.931017657152305,2025-12-04 02:30:00,2,12,3
29.2,29.7427696112801,-0.5427696112801002,0.5427696112801002,1.8588000386304802,2025-12-04 02:45:00,2,12,3
27.84,28.9620056512717,-1.1220056512716994,1.1220056512716994,4.030192712901219,2025-12-04 03:00:00,3,12,3
29.6,29.163567477332492,0.4364325226675092,0.4364325226675092,1.4744341982010445,2025-12-04 03:15:00,3,12,3
32.93,33.90478122658115,-0.9747812265811504,0.9747812265811504,2.9601616355334053,2025-12-04 03:30:00,3,12,3
35.0,35.2318024104056,-0.23180241040559935,0.23180241040559935,0.6622926011588552,2025-12-04 03:45:00,3,12,3
31.5,34.65651564606889,-3.1565156460688897,3.1565156460688897,10.020684590694888,2025-12-04 04:00:00,4,12,3
34.99,33.66893634465576,1.3210636553442399,1.3210636553442399,3.7755463142161756,2025-12-04 04:15:00,4,12,3
40.65,39.4397158167766,1.2102841832234006,1.2102841832234006,2.977328864018206,2025-12-04 04:30:00,4,12,3
52.76,43.555865979922785,9.204134020077213,9.204134020077213,17.445288135097066,2025-12-04 04:45:00,4,12,3
47.95,49.429055900145414,-1.4790559001454113,1.4790559001454113,3.0845795623470518,2025-12-04 05:00:00,5,12,3
60.45,48.4954897807776,11.9545102192224,11.9545102192224,19.775864713353844,2025-12-04 05:15:00,5,12,3
71.92,63.87444521624054,8.045554783759464,8.045554783759464,11.186811434593247,2025-12-04 05:30:00,5,12,3
73.02,79.38375516205062,-6.363755162050623,6.363755162050623,8.71508513017067,2025-12-04 05:45:00,5,12,3
72.82,65.06773383088421,7.752266169115785,7.752266169115785,10.645792596973065,2025-12-04 06:00:00,6,12,3
75.73,79.99225006136686,-4.262250061366856,4.262250061366856,5.628218752630207,2025-12-04 06:15:00,6,12,3
76.92,84.24761678555501,-7.3276167855550085,7.3276167855550085,9.526282872536413,2025-12-04 06:30:00,6,12,3
77.77,77.32950863440729,0.4404913655927061,0.4404913655927061,0.5664026817445109,2025-12-04 06:45:00,6,12,3
85.66,77.19840773529717,8.46159226470283,8.46159226470283,9.878113780881193,2025-12-04 07:00:00,7,12,3
111.95,87.33192038156717,24.61807961843283,24.61807961843283,21.990245304540267,2025-12-04 07:15:00,7,12,3
117.26,109.43279167880999,7.827208321190014,7.827208321190014,6.675088112902962,2025-12-04 07:30:00,7,12,3
129.57,109.25256749843149,20.317432501568504,20.317432501568504,15.680661033856994,2025-12-04 07:45:00,7,12,3
111.48,120.93441160774611,-9.45441160774611,9.45441160774611,8.480814144013374,2025-12-04 08:00:00,8,12,3
135.68,120.37727351724561,15.302726482754395,15.302726482754395,11.278542513822519,2025-12-04 08:15:00,8,12,3
141.97,132.0651926142073,9.904807385792708,9.904807385792708,6.976690417547868,2025-12-04 08:30:00,8,12,3
134.56,140.88671194379052,-6.326711943790514,6.326711943790514,4.701777603887123,2025-12-04 08:45:00,8,12,3
94.59,107.64614850527661,-13.05614850527661,13.05614850527661,13.802884559971043,2025-12-04 09:00:00,9,12,3
102.91,107.76421620281363,-4.854216202813632,4.854216202813632,4.716952874175136,2025-12-04 09:15:00,9,12,3
100.04,111.29702226799208,-11.25702226799207,11.25702226799207,11.252521259488274,2025-12-04 09:30:00,9,12,3
116.31,95.40031808803148,20.90968191196852,20.90968191196852,17.97754441747788,2025-12-04 09:45:00,9,12,3
118.2,80.18883547661854,38.01116452338147,38.01116452338147,32.15834562045809,2025-12-04 10:00:00,10,12,3
117.55,116.35264594544637,1.197354054553628,1.197354054553628,1.0185912841800324,2025-12-04 10:15:00,10,12,3
130.27,106.53425614895983,23.735743851040183,23.735743851040183,18.220422085699074,2025-12-04 10:30:00,10,12,3
129.78,136.02527545866695,-6.245275458666953,6.245275458666953,4.812201771202768,2025-12-04 10:45:00,10,12,3
139.94,123.54915539800723,16.390844601992768,16.390844601992768,11.712765901095304,2025-12-04 11:00:00,11,12,3
137.68,131.21169968900614,6.468300310993868,6.468300310993868,4.698068209612048,2025-12-04 11:15:00,11,12,3
135.21,139.56519314903167,-4.355193149031663,4.355193149031663,3.221058463894433,2025-12-04 11:30:00,11,12,3
137.03,127.8186086815972,9.211391318402804,9.211391318402804,6.722171289792603,2025-12-04 11:45:00,11,12,3
131.86,140.58122211928043,-8.721222119280412,8.721222119280412,6.61400130386805,2025-12-04 12:00:00,12,12,3
127.12,125.75691859210625,1.363081407893759,1.363081407893759,1.0722792698975447,2025-12-04 12:15:00,12,12,3
131.26,121.73192838986029,9.528071610139705,9.528071610139705,7.258930070196332,2025-12-04 12:30:00,12,12,3
139.0,130.13433023248396,8.865669767516039,8.865669767516039,6.37817968886046,2025-12-04 12:45:00,12,12,3
132.11,130.96703068419896,1.1429693158010537,1.1429693158010537,0.8651648745750159,2025-12-04 13:00:00,13,12,3
134.49,122.44994220615473,12.040057793845278,12.040057793845278,8.95238143642299,2025-12-04 13:15:00,13,12,3
136.24,133.48004862214148,2.7599513778585276,2.7599513778585276,2.0258010700664473,2025-12-04 13:30:00,13,12,3
137.65,138.89191501877445,-1.2419150187744492,1.2419150187744492,0.9022266754627309,2025-12-04 13:45:00,13,12,3
132.37,128.15852062959067,4.211479370409336,4.211479370409336,3.1815965629744927,2025-12-04 14:00:00,14,12,3
139.97,130.33091976489712,9.639080235102881,9.639080235102881,6.886532996429865,2025-12-04 14:15:00,14,12,3
147.52,138.4161488674499,9.103851132550119,9.103851132550119,6.171265680958594,2025-12-04 14:30:00,14,12,3
148.82,144.08808844184128,4.731911558158714,4.731911558158714,3.179620721783843,2025-12-04 14:45:00,14,12,3
139.35,138.3003902604326,1.0496097395673871,1.0496097395673871,0.7532183276407515,2025-12-04 15:00:00,15,12,3
146.93,140.24234641994977,6.687653580050238,6.687653580050238,4.551591628700904,2025-12-04 15:15:00,15,12,3
139.42,150.65429006004783,-11.23429006004784,11.23429006004784,8.057875527218362,2025-12-04 15:30:00,15,12,3
133.92,137.76232777725113,-3.8423277772511426,3.8423277772511426,2.8691216974694913,2025-12-04 15:45:00,15,12,3
144.29,124.71751892120295,19.57248107879704,19.57248107879704,13.56468298482018,2025-12-04 16:00:00,16,12,3
145.18,149.7081288231186,-4.528128823118607,4.528128823118607,3.1189756324001974,2025-12-04 16:15:00,16,12,3
132.62,135.89156092957847,-3.2715609295784702,3.2715609295784702,2.466868443355806,2025-12-04 16:30:00,16,12,3
135.31,124.36312477786996,10.946875222130046,10.946875222130046,8.09021892109234,2025-12-04 16:45:00,16,12,3
142.57,143.67420219820144,-1.104202198201449,1.104202198201449,0.7744982802843859,2025-12-04 17:00:00,17,12,3
138.85,143.1374623267259,-4.287462326725915,4.287462326725915,3.087837469734185,2025-12-04 17:15:00,17,12,3
134.17,125.8229469101324,8.347053089867586,8.347053089867586,6.221251464461196,2025-12-04 17:30:00,17,12,3
133.78,134.03426197375217,-0.25426197375216475,0.25426197375216475,0.19005978005095286,2025-12-04 17:45:00,17,12,3
134.23,139.90206865542362,-5.6720686554236295,5.6720686554236295,4.225634102230224,2025-12-04 18:00:00,18,12,3
132.35,131.5630936314264,0.7869063685735966,0.7869063685735966,0.5945646910265181,2025-12-04 18:15:00,18,12,3
135.26,128.13615935088802,7.123840649111969,7.123840649111969,5.2667755797072076,2025-12-04 18:30:00,18,12,3
143.42,134.39444319874193,9.025556801258062,9.025556801258062,6.2930949667118,2025-12-04 18:45:00,18,12,3
142.53,137.86933282610437,4.660667173895632,4.660667173895632,3.269955219178862,2025-12-04 19:00:00,19,12,3
133.32,133.39597864594165,-0.07597864594166026,0.07597864594166026,0.056989683424587656,2025-12-04 19:15:00,19,12,3
124.49,129.12607251963348,-4.636072519633487,4.636072519633487,3.7240521484725577,2025-12-04 19:30:00,19,12,3
114.78,128.16454027387343,-13.384540273873426,13.384540273873426,11.661038747058221,2025-12-04 19:45:00,19,12,3
129.02,113.67609082923019,15.34390917076982,15.34390917076982,11.892659409990557,2025-12-04 20:00:00,20,12,3
119.48,121.01525591090072,-1.535255910900716,1.535255910900716,1.2849480338974857,2025-12-04 20:15:00,20,12,3
107.65,107.91404524356062,-0.2640452435606164,0.2640452435606164,0.24528122950359166,2025-12-04 20:30:00,20,12,3
101.01,96.20084496467582,4.809155035324181,4.809155035324181,4.761068246039185,2025-12-04 20:45:00,20,12,3
103.92,112.68597746485051,-8.765977464850508,8.765977464850508,8.4353131878854,2025-12-04 21:00:00,21,12,3
102.59,97.2338475274326,5.356152472567402,5.356152472567402,5.220930375833318,2025-12-04 21:15:00,21,12,3
99.1,91.46971335193803,7.630286648061968,7.630286648061968,7.69958289410895,2025-12-04 21:30:00,21,12,3
91.88,91.07598738272384,0.8040126172761575,0.8040126172761575,0.8750681511494965,2025-12-04 21:45:00,21,12,3
101.8,92.63263268641346,9.167367313586539,9.167367313586539,9.005272410202886,2025-12-04 22:00:00,22,12,3
90.0,99.99478033132885,-9.994780331328855,9.994780331328855,11.105311479254283,2025-12-04 22:15:00,22,12,3
83.01,84.77149280827916,-1.7614928082791579,1.7614928082791579,2.1220248262608816,2025-12-04 22:30:00,22,12,3
79.4,76.37909282886685,3.0209071711331603,3.0209071711331603,3.80466898127602,2025-12-04 22:45:00,22,12,3
78.71,89.14019065454238,-10.430190654542386,10.430190654542386,13.251417424142279,2025-12-04 23:00:00,23,12,3
77.68,70.80697678849103,6.873023211508979,6.873023211508979,8.847867162086738,2025-12-04 23:15:00,23,12,3
76.21,72.24331376033882,3.966686239661172,3.966686239661172,5.204941923187472,2025-12-04 23:30:00,23,12,3
75.53,72.92920392756221,2.600796072437788,2.600796072437788,3.4433947735175265,2025-12-04 23:45:00,23,12,3
75.22,76.70785310634243,-1.4878531063424276,1.4878531063424276,1.9780020025823286,2025-12-05 00:00:00,0,12,4
74.71,76.14436523882566,-1.434365238825663,1.434365238825663,1.9199106395739032,2025-12-05 00:15:00,0,12,4
74.02,75.15557772458695,-1.1355777245869518,1.1355777245869518,1.5341498575884247,2025-12-05 00:30:00,0,12,4
73.82,75.10634350121202,-1.2863435012120306,1.2863435012120306,1.7425406410349915,2025-12-05 00:45:00,0,12,4
73.83,75.6337354835411,-1.8037354835411037,1.8037354835411037,2.443092893865778,2025-12-05 01:00:00,1,12,4
73.64,75.4698315315371,-1.8298315315370957,1.8298315315370957,2.484833693016154,2025-12-05 01:15:00,1,12,4
73.45,75.06238592753283,-1.6123859275328272,1.6123859275328272,2.1952156943945913,2025-12-05 01:30:00,1,12,4
73.34,75.28833285889978,-1.948332858899775,1.948332858899775,2.6565760279516977,2025-12-05 01:45:00,1,12,4
73.33,75.80424977238272,-2.47424977238272,2.47424977238272,3.3741303319006133,2025-12-05 02:00:00,2,12,4
73.15,75.67130916948744,-2.521309169487438,2.521309169487438,3.446765781937714,2025-12-05 02:15:00,2,12,4
73.09,75.49666894407441,-2.4066689440744113,2.4066689440744113,3.2927472213359024,2025-12-05 02:30:00,2,12,4
73.06,75.54958318679599,-2.489583186795983,2.489583186795983,3.407587170539259,2025-12-05 02:45:00,2,12,4
73.09,76.08314163874016,-2.9931416387401555,2.9931416387401555,4.095145216500418,2025-12-05 03:00:00,3,12,4
72.9,75.98972096684204,-3.0897209668420373,3.0897209668420373,4.23830036603846,2025-12-05 03:15:00,3,12,4
73.02,75.90840679101031,-2.8884067910103113,2.8884067910103113,3.955637895111355,2025-12-05 03:30:00,3,12,4
73.04,76.101391269771,-3.0613912697709935,3.0613912697709935,4.191390018854043,2025-12-05 03:45:00,3,12,4
73.0,76.63769150774849,-3.6376915077484853,3.6376915077484853,4.983139051710253,2025-12-05 04:00:00,4,12,4
72.89,76.42084480462253,-3.5308448046225323,3.5308448046225323,4.844072993034068,2025-12-05 04:15:00,4,12,4
73.44,76.59148872683818,-3.1514887268381813,3.1514887268381813,4.291242819768765,2025-12-05 04:30:00,4,12,4
73.7,77.03544469642733,-3.3354446964273308,3.3354446964273308,4.525705151190408,2025-12-05 04:45:00,4,12,4
73.16,77.57568870995992,-4.415688709959923,4.415688709959923,6.035659800382618,2025-12-05 05:00:00,5,12,4
73.57,76.91615178658066,-3.3461517865806627,3.3461517865806627,4.548255792552213,2025-12-05 05:15:00,5,12,4
74.19,77.96420037955153,-3.77420037955153,3.77420037955153,5.087209030262206,2025-12-05 05:30:00,5,12,4
75.58,78.29854092035686,-2.7185409203568582,2.7185409203568582,3.596905160567423,2025-12-05 05:45:00,5,12,4
74.65,79.14033190565584,-4.490331905655836,4.490331905655836,6.015180047764012,2025-12-05 06:00:00,6,12,4
75.08,78.77511456595501,-3.6951145659550093,3.6951145659550093,4.921569746876677,2025-12-05 06:15:00,6,12,4
112.06,79.63048416936628,32.42951583063372,32.42951583063372,28.939421587215524,2025-12-05 06:30:00,6,12,4
141.06,115.07801057496383,25.981989425036176,25.981989425036176,18.419104937640846,2025-12-05 06:45:00,6,12,4
143.19,133.4762169053852,9.713783094614797,9.713783094614797,6.783841814801869,2025-12-05 07:00:00,7,12,4
157.47,130.84131480118288,26.628685198817124,26.628685198817124,16.910322727387516,2025-12-05 07:15:00,7,12,4
154.48,178.16695178577143,-23.68695178577144,23.68695178577144,15.333345278205233,2025-12-05 07:30:00,7,12,4
152.95,172.23154469349942,-19.281544693499427,19.281544693499427,12.606436543641339,2025-12-05 07:45:00,7,12,4
150.5,146.26734905384586,4.232650946154138,4.232650946154138,2.8123926552519185,2025-12-05 08:00:00,8,12,4
169.83,155.97694183370467,13.853058166295341,13.853058166295341,8.157014759639251,2025-12-05 08:15:00,8,12,4
184.8,161.15485095437003,23.645149045629978,23.645149045629978,12.794994072310592,2025-12-05 08:30:00,8,12,4
182.49,172.26544758659867,10.22455241340134,10.22455241340134,5.602801475917223,2025-12-05 08:45:00,8,12,4
183.82,167.21474935908444,16.605250640915557,16.605250640915557,9.033429790510041,2025-12-05 09:00:00,9,12,4
179.05,188.85558693752338,-9.805586937523373,9.805586937523373,5.476451794204619,2025-12-05 09:15:00,9,12,4
165.64,183.823003904305,-18.183003904305025,18.183003904305025,10.977423269925758,2025-12-05 09:30:00,9,12,4
158.15,158.82915155281015,-0.67915155281014,0.67915155281014,0.4294350634272146,2025-12-05 09:45:00,9,12,4
165.9,158.26706865452678,7.632931345473224,7.632931345473224,4.600923053329249,2025-12-05 10:00:00,10,12,4
165.87,161.5619769111533,4.30802308884671,4.30802308884671,2.5972286060449203,2025-12-05 10:15:00,10,12,4
157.35,150.95890969847,6.391090301529999,6.391090301529999,4.061703401035907,2025-12-05 10:30:00,10,12,4
151.26,145.9274480790607,5.332551920939295,5.332551920939295,3.525421076913457,2025-12-05 10:45:00,10,12,4
161.03,155.4185218806683,5.611478119331707,5.611478119331707,3.4847408056459708,2025-12-05 11:00:00,11,12,4
157.42,159.99527192484365,-2.575271924843662,2.575271924843662,1.6359242312562967,2025-12-05 11:15:00,11,12,4
158.71,146.7548201921013,11.955179807898702,11.955179807898702,7.532719934407852,2025-12-05 11:30:00,11,12,4
149.21,149.29428985710038,-0.08428985710037296,0.08428985710037296,0.05649075604877217,2025-12-05 11:45:00,11,12,4
155.59,154.46431035360087,1.1256896463991382,1.1256896463991382,0.723497426826363,2025-12-05 12:00:00,12,12,4
147.53,151.68300123708826,-4.153001237088262,4.153001237088262,2.815021512294626,2025-12-05 12:15:00,12,12,4
148.58,146.75896011110467,1.821039888895342,1.821039888895342,1.2256292158401816,2025-12-05 12:30:00,12,12,4
153.27,139.41824305425442,13.851756945745592,13.851756945745592,9.037487405066608,2025-12-05 12:45:00,12,12,4
152.0,157.21400787881174,-5.214007878811742,5.214007878811742,3.4302683413235147,2025-12-05 13:00:00,13,12,4
149.87,142.8027203620733,7.067279637926703,7.067279637926703,4.715606617686463,2025-12-05 13:15:00,13,12,4
147.45,148.02544571248916,-0.5754457124891701,0.5754457124891701,0.39026497964677526,2025-12-05 13:30:00,13,12,4
140.8,149.78222514586628,-8.982225145866266,8.982225145866266,6.379421268370927,2025-12-05 13:45:00,13,12,4
148.56,139.7967645986263,8.763235401373692,8.763235401373692,5.8987852728686665,2025-12-05 14:00:00,14,12,4
145.43,147.2942283173662,-1.8642283173661838,1.8642283173661838,1.281873284305978,2025-12-05 14:15:00,14,12,4
149.75,142.12742832226468,7.622571677735323,7.622571677735323,5.09019811534913,2025-12-05 14:30:00,14,12,4
158.13,142.351822905343,15.778177094656996,15.778177094656996,9.97797830560741,2025-12-05 14:45:00,14,12,4
154.63,162.02901341409526,-7.399013414095265,7.399013414095265,4.784979249883765,2025-12-05 15:00:00,15,12,4
153.89,148.37907852909655,5.51092147090344,5.51092147090344,3.5810783487578406,2025-12-05 15:15:00,15,12,4
165.39,154.7842803430275,10.605719656972497,10.605719656972497,6.412551942059676,2025-12-05 15:30:00,15,12,4
160.47,170.40146673869475,-9.931466738694752,9.931466738694752,6.188986563653487,2025-12-05 15:45:00,15,12,4
156.32,154.3749649546658,1.9450350453341798,1.9450350453341798,1.2442649982946392,2025-12-05 16:00:00,16,12,4
168.75,153.3526512581226,15.397348741877408,15.397348741877408,9.124354810001426,2025-12-05 16:15:00,16,12,4
171.6,177.21943203277868,-5.61943203277869,5.61943203277869,3.2747272918290737,2025-12-05 16:30:00,16,12,4
172.52,164.31097958093656,8.20902041906345,8.20902041906345,4.758300729807239,2025-12-05 16:45:00,16,12,4
164.1,164.77644381630802,-0.6764438163080229,0.6764438163080229,0.41221439141256727,2025-12-05 17:00:00,17,12,4
155.19,171.45544617751526,-16.26544617751526,16.26544617751526,10.480988580137417,2025-12-05 17:15:00,17,12,4
160.68,158.19147068088753,2.488529319112473,2.488529319112473,1.5487486427137622,2025-12-05 17:30:00,17,12,4
147.51,163.83604966576522,-16.326049665765225,16.326049665765225,11.067757891509205,2025-12-05 17:45:00,17,12,4
152.43,142.28889919750418,10.141100802495828,10.141100802495828,6.652955981431363,2025-12-05 18:00:00,18,12,4
150.0,147.38831757121082,2.61168242878918,2.61168242878918,1.741121619192787,2025-12-05 18:15:00,18,12,4
144.6,155.91365077697034,-11.313650776970348,11.313650776970348,7.824101505511997,2025-12-05 18:30:00,18,12,4
124.21,134.85699608901908,-10.646996089019083,10.646996089019083,8.57177046052579,2025-12-05 18:45:00,18,12,4
147.28,126.79640095732128,20.48359904267872,20.48359904267872,13.907929822568384,2025-12-05 19:00:00,19,12,4
128.63,146.51929693855328,-17.889296938553287,17.889296938553287,13.90756195176342,2025-12-05 19:15:00,19,12,4
96.93,121.29927623473051,-24.369276234730506,24.369276234730506,25.14110825825906,2025-12-05 19:30:00,19,12,4
89.08,80.11117299250994,8.968827007490063,8.968827007490063,10.068283573742773,2025-12-05 19:45:00,19,12,4
90.0,115.31478112447348,-25.314781124473484,25.314781124473484,28.127534582748314,2025-12-05 20:00:00,20,12,4
89.5,83.08087422496669,6.419125775033308,6.419125775033308,7.172207569869618,2025-12-05 20:15:00,20,12,4
80.15,66.60033475252587,13.549665247474138,13.549665247474138,16.905383964409403,2025-12-05 20:30:00,20,12,4
78.96,74.14412060910017,4.815879390899823,4.815879390899823,6.099138033054488,2025-12-05 20:45:00,20,12,4
91.27,81.33603391481404,9.933966085185958,9.933966085185958,10.884152607851384,2025-12-05 21:00:00,21,12,4
90.93,91.9525925744141,-1.022592574414091,1.022592574414091,1.1245931754251521,2025-12-05 21:15:00,21,12,4
90.18,80.85475808656132,9.325241913438688,9.325241913438688,10.34069850680715,2025-12-05 21:30:00,21,12,4
78.63,86.07185421443614,-7.441854214436148,7.441854214436148,9.464395541696742,2025-12-05 21:45:00,21,12,4
84.23,87.69888600516538,-3.4688860051653734,3.4688860051653734,4.118349762751245,2025-12-05 22:00:00,22,12,4
77.2,85.75801316154057,-8.558013161540572,8.558013161540572,11.085509276606958,2025-12-05 22:15:00,22,12,4
68.98,77.64628985139684,-8.66628985139684,8.66628985139684,12.56348195331522,2025-12-05 22:30:00,22,12,4
65.97,61.0366539724797,4.933346027520301,4.933346027520301,7.478165874670761,2025-12-05 22:45:00,22,12,4
68.52,73.71915766745225,-5.199157667452255,5.199157667452255,7.587795778535107,2025-12-05 23:00:00,23,12,4
65.66,65.93274581449131,-0.27274581449131574,0.27274581449131574,0.4153911277662439,2025-12-05 23:15:00,23,12,4
64.51,60.27254752729065,4.237452472709357,4.237452472709357,6.568675356858404,2025-12-05 23:30:00,23,12,4
56.9,63.029663246521636,-6.129663246521638,6.129663246521638,10.77269463360569,2025-12-05 23:45:00,23,12,4
69.49,59.67336258901861,9.816637410981386,9.816637410981386,14.126690762672883,2025-12-06 00:00:00,0,12,5
57.66,68.36287709358629,-10.702877093586295,10.702877093586295,18.562048375973458,2025-12-06 00:15:00,0,12,5
50.06,55.871399877072236,-5.811399877072233,5.811399877072233,11.608869111211014,2025-12-06 00:30:00,0,12,5
42.52,44.74217111897531,-2.2221711189753037,2.2221711189753037,5.226178548860074,2025-12-06 00:45:00,0,12,5
46.68,57.0820225302695,-10.402022530269498,10.402022530269498,22.283681513002353,2025-12-06 01:00:00,1,12,5
39.43,41.956831693112576,-2.5268316931125767,2.5268316931125767,6.4083989173537335,2025-12-06 01:15:00,1,12,5
35.22,36.00372726824436,-0.7837272682443626,0.7837272682443626,2.225233583885186,2025-12-06 01:30:00,1,12,5
31.19,32.007582986402,-0.8175829864019981,0.8175829864019981,2.621298449509452,2025-12-06 01:45:00,1,12,5
34.89,39.090896196829775,-4.200896196829774,4.200896196829774,12.04040182525014,2025-12-06 02:00:00,2,12,5
30.11,33.398867185543196,-3.2888671855431966,3.2888671855431966,10.922840204394541,2025-12-06 02:15:00,2,12,5
29.2,29.62022991448365,-0.4202299144836523,0.4202299144836523,1.4391435427522339,2025-12-06 02:30:00,2,12,5
26.66,28.997319263875447,-2.3373192638754468,2.3373192638754468,8.767139024288998,2025-12-06 02:45:00,2,12,5
30.16,33.841565241059406,-3.681565241059406,3.681565241059406,12.206781303247368,2025-12-06 03:00:00,3,12,5
29.73,30.325892792223208,-0.5958927922232071,0.5958927922232071,2.004348443401302,2025-12-06 03:15:00,3,12,5
28.76,31.915180344123126,-3.1551803441231243,3.1551803441231243,10.970724423237566,2025-12-06 03:30:00,3,12,5
28.63,29.344371060186134,-0.714371060186135,0.714371060186135,2.4951835843036503,2025-12-06 03:45:00,3,12,5
31.86,35.17214854535979,-3.31214854535979,3.31214854535979,10.395946470055838,2025-12-06 04:00:00,4,12,5
30.27,35.17313548472797,-4.903135484727972,4.903135484727972,16.19800292278815,2025-12-06 04:15:00,4,12,5
29.44,32.437140262207,-2.997140262207001,2.997140262207001,10.180503608040084,2025-12-06 04:30:00,4,12,5
28.47,32.523654499569645,-4.053654499569646,4.053654499569646,14.238336844290995,2025-12-06 04:45:00,4,12,5
34.2,35.47294852951947,-1.2729485295194678,1.2729485295194678,3.7220717237411334,2025-12-06 05:00:00,5,12,5
32.78,37.08532093694561,-4.305320936945606,4.305320936945606,13.133986994953037,2025-12-06 05:15:00,5,12,5
32.04,35.02602654925518,-2.986026549255179,2.986026549255179,9.31968336221966,2025-12-06 05:30:00,5,12,5
31.16,34.27043145315789,-3.11043145315789,3.11043145315789,9.982129182149839,2025-12-06 05:45:00,5,12,5
31.88,40.20083097212783,-8.320830972127833,8.320830972127833,26.100473563763593,2025-12-06 06:00:00,6,12,5
29.5,35.411631575982035,-5.911631575982035,5.911631575982035,20.039429071125543,2025-12-06 06:15:00,6,12,5
28.19,33.20776444299135,-5.017764442991346,5.017764442991346,17.799802919444293,2025-12-06 06:30:00,6,12,5
28.53,31.97106236212448,-3.4410623621244802,3.4410623621244802,12.061207017611217,2025-12-06 06:45:00,6,12,5
31.07,34.24532041625804,-3.175320416258039,3.175320416258039,10.219891909424007,2025-12-06 07:00:00,7,12,5
28.66,33.64612218519078,-4.986122185190776,4.986122185190776,17.39749541238931,2025-12-06 07:15:00,7,12,5
29.72,31.374427631218897,-1.6544276312188977,1.6544276312188977,5.5667147752991175,2025-12-06 07:30:00,7,12,5
29.91,34.04214802919584,-4.132148029195843,4.132148029195843,13.815272581731335,2025-12-06 07:45:00,7,12,5
30.81,36.43017421495787,-5.620174214957874,5.620174214957874,18.241396348451396,2025-12-06 08:00:00,8,12,5
30.48,32.92262239708844,-2.4426223970884386,2.4426223970884386,8.013853008820336,2025-12-06 08:15:00,8,12,5
29.33,35.074624196395426,-5.744624196395428,5.744624196395428,19.58617182541912,2025-12-06 08:30:00,8,12,5
30.97,33.37116270169818,-2.4011627016981834,2.4011627016981834,7.753189220853029,2025-12-06 08:45:00,8,12,5
31.84,35.962615232677166,-4.122615232677166,4.122615232677166,12.947912162930796,2025-12-06 09:00:00,9,12,5
29.22,35.417582184244985,-6.197582184244986,6.197582184244986,21.210069076813777,2025-12-06 09:15:00,9,12,5
30.01,31.939676085844415,-1.929676085844413,1.929676085844413,6.430110249398243,2025-12-06 09:30:00,9,12,5
29.51,35.5239914765361,-6.013991476536095,6.013991476536095,20.37950347860418,2025-12-06 09:45:00,9,12,5
32.19,34.485275288133955,-2.2952752881339578,2.2952752881339578,7.130398534122268,2025-12-06 10:00:00,10,12,5
29.32,33.9092265340548,-4.589226534054802,4.589226534054802,15.652205095684865,2025-12-06 10:15:00,10,12,5
28.28,33.36199015659677,-5.081990156596767,5.081990156596767,17.970262222760844,2025-12-06 10:30:00,10,12,5
27.46,31.833348707174927,-4.373348707174927,4.373348707174927,15.926251664875915,2025-12-06 10:45:00,10,12,5
32.15,33.99424355327377,-1.8442435532737704,1.8442435532737704,5.736371860882645,2025-12-06 11:00:00,11,12,5
30.7,33.79421944356773,-3.0942194435677273,3.0942194435677273,10.07889069566035,2025-12-06 11:15:00,11,12,5
29.82,32.62656117203537,-2.806561172035373,2.806561172035373,9.4116739504875,2025-12-06 11:30:00,11,12,5
29.9,32.05440106479264,-2.154401064792644,2.154401064792644,7.205354731747975,2025-12-06 11:45:00,11,12,5
32.09,37.0361830276079,-4.946183027607894,4.946183027607894,15.413471572477075,2025-12-06 12:00:00,12,12,5
31.72,34.1891279116908,-2.469127911690798,2.469127911690798,7.784135913274899,2025-12-06 12:15:00,12,12,5
29.24,33.612612859212064,-4.372612859212065,4.372612859212065,14.954216344774506,2025-12-06 12:30:00,12,12,5
27.81,32.00504370930152,-4.195043709301519,4.195043709301519,15.084659148872776,2025-12-06 12:45:00,12,12,5
31.29,32.80656037307186,-1.5165603730718615,1.5165603730718615,4.84678930352145,2025-12-06 13:00:00,13,12,5
29.24,34.30042803345179,-5.060428033451789,5.060428033451789,17.30652542220174,2025-12-06 13:15:00,13,12,5
27.63,29.619014407944157,-1.9890144079441576,1.9890144079441576,7.1987492144196805,2025-12-06 13:30:00,13,12,5
27.49,28.97745377451522,-1.4874537745152203,1.4874537745152203,5.410890412932777,2025-12-06 13:45:00,13,12,5
27.33,33.04943049275323,-5.719430492753233,5.719430492753233,20.92729781468435,2025-12-06 14:00:00,14,12,5
26.55,28.366172637375637,-1.8161726373756366,1.8161726373756366,6.84057490536963,2025-12-06 14:15:00,14,12,5
25.78,27.599763167880756,-1.8197631678807547,1.8197631678807547,7.058817563540554,2025-12-06 14:30:00,14,12,5
25.54,27.993456343184967,-2.4534563431849676,2.4534563431849676,9.606328673394549,2025-12-06 14:45:00,14,12,5
26.39,27.437776610169873,-1.0477766101698727,1.0477766101698727,3.970354718339798,2025-12-06 15:00:00,15,12,5
25.89,27.605321927524002,-1.715321927524002,1.715321927524002,6.625422663283128,2025-12-06 15:15:00,15,12,5
25.68,26.721343029848,-1.0413430298480009,1.0413430298480009,4.055074103769474,2025-12-06 15:30:00,15,12,5
25.57,26.926873392982586,-1.3568733929825854,1.3568733929825854,5.3065052521806235,2025-12-06 15:45:00,15,12,5
26.08,27.41144515642561,-1.3314451564256125,1.3314451564256125,5.105234495496981,2025-12-06 16:00:00,16,12,5
26.0,26.6953523727823,-0.695352372782299,0.695352372782299,2.674432203008842,2025-12-06 16:15:00,16,12,5
25.6,26.62834301611181,-1.0283430161118083,1.0283430161118083,4.016964906686751,2025-12-06 16:30:00,16,12,5
25.54,26.263752742077763,-0.7237527420777639,0.7237527420777639,2.8338008695292243,2025-12-06 16:45:00,16,12,5
25.22,26.458486523418273,-1.238486523418274,1.238486523418274,4.910731655108145,2025-12-06 17:00:00,17,12,5
23.66,25.70565002022353,-2.0456500202235297,2.0456500202235297,8.646027135348815,2025-12-06 17:15:00,17,12,5
23.37,23.91805140078843,-0.5480514007884274,0.5480514007884274,2.3451065502286155,2025-12-06 17:30:00,17,12,5
20.12,24.19274738730025,-4.07274738730025,4.07274738730025,20.24228323707878,2025-12-06 17:45:00,17,12,5
20.91,20.58561036168918,0.32438963831081935,0.32438963831081935,1.5513612544754631,2025-12-06 18:00:00,18,12,5
19.56,20.684318117867196,-1.1243181178671975,1.1243181178671975,5.74804763735786,2025-12-06 18:15:00,18,12,5
18.09,20.14643997896783,-2.0564399789678305,2.0564399789678305,11.367827412757494,2025-12-06 18:30:00,18,12,5
17.61,16.25086888252475,1.3591311174752505,1.3591311174752505,7.717950695486943,2025-12-06 18:45:00,18,12,5
19.5,18.866684542905702,0.633315457094298,0.633315457094298,3.247771574842554,2025-12-06 19:00:00,19,12,5
18.0,18.9181019923267,-0.9181019923267009,0.9181019923267009,5.100566624037227,2025-12-06 19:15:00,19,12,5
17.1,16.89769664337478,0.20230335662522236,0.20230335662522236,1.1830605650597799,2025-12-06 19:30:00,19,12,5
15.87,16.985809528121354,-1.1158095281213551,1.1158095281213551,7.030935904986485,2025-12-06 19:45:00,19,12,5
17.36,17.98558846924562,-0.6255884692456206,0.6255884692456206,3.603620214548506,2025-12-06 20:00:00,20,12,5
16.41,16.763589064230928,-0.3535890642309276,0.3535890642309276,2.1547170276107717,2025-12-06 20:15:00,20,12,5
15.41,15.87902577733308,-0.46902577733307993,0.46902577733307993,3.043645537528098,2025-12-06 20:30:00,20,12,5
14.63,14.614716982380045,0.01528301761995543,0.01528301761995543,0.1044635517426892,2025-12-06 20:45:00,20,12,5
15.07,16.315222485505522,-1.245222485505522,1.245222485505522,8.262922929698222,2025-12-06 21:00:00,21,12,5
15.01,14.849289846357323,0.16071015364267716,0.16071015364267716,1.0706872327959838,2025-12-06 21:15:00,21,12,5
14.55,14.456845916666033,0.09315408333396746,0.09315408333396746,0.6402342497179894,2025-12-06 21:30:00,21,12,5
14.02,14.078086422233028,-0.0580864222330284,0.0580864222330284,0.414311142888933,2025-12-06 21:45:00,21,12,5
14.16,14.759383218340151,-0.5993832183401508,0.5993832183401508,4.23293233291067,2025-12-06 22:00:00,22,12,5
13.65,14.613276754507613,-0.9632767545076124,0.9632767545076124,7.056972560495328,2025-12-06 22:15:00,22,12,5
13.39,13.73947338682601,-0.34947338682600915,0.34947338682600915,2.609958079357798,2025-12-06 22:30:00,22,12,5
12.71,13.428147074967164,-0.7181470749671632,0.7181470749671632,5.65025236008783,2025-12-06 22:45:00,22,12,5
13.33,13.613743790606932,-0.2837437906069322,0.2837437906069322,2.128610582197541,2025-12-06 23:00:00,23,12,5
12.74,13.725836242424531,-0.985836242424531,0.985836242424531,7.738118072406053,2025-12-06 23:15:00,23,12,5
12.07,13.178750265083899,-1.1087502650838985,1.1087502650838985,9.186000539220368,2025-12-06 23:30:00,23,12,5
11.49,12.23526716826144,-0.7452671682614405,0.7452671682614405,6.4862242668532675,2025-12-06 23:45:00,23,12,5
13.38,10.453991023061086,2.926008976938915,2.926008976938915,21.868527480858855,2025-12-07 00:00:00,0,12,6
10.53,11.339242198489455,-0.8092421984894553,0.8092421984894553,7.685111096765958,2025-12-07 00:15:00,0,12,6
10.26,8.16672638085527,2.09327361914473,2.09327361914473,20.402276989714718,2025-12-07 00:30:00,0,12,6
8.76,8.414327602202999,0.3456723977970011,0.3456723977970011,3.9460319383219304,2025-12-07 00:45:00,0,12,6
10.4,9.740347894120958,0.6596521058790419,0.6596521058790419,6.342808710375403,2025-12-07 01:00:00,1,12,6
10.0,7.466803171901375,2.5331968280986246,2.5331968280986246,25.331968280986246,2025-12-07 01:15:00,1,12,6
9.74,8.665283573717112,1.0747164262828885,1.0747164262828885,11.03404955115902,2025-12-07 01:30:00,1,12,6
8.26,7.292328747742687,0.967671252257313,0.967671252257313,11.71514833241299,2025-12-07 01:45:00,1,12,6
9.19,9.167470119365294,0.02252988063470518,0.02252988063470518,0.24515648133520326,2025-12-07 02:00:00,2,12,6
9.03,8.705141596294975,0.32485840370502395,0.32485840370502395,3.5975459989482164,2025-12-07 02:15:00,2,12,6
8.23,8.431550528361015,-0.2015505283610146,0.2015505283610146,2.44897361313505,2025-12-07 02:30:00,2,12,6
7.61,6.52191395559921,1.0880860444007903,1.0880860444007903,14.29810833640986,2025-12-07 02:45:00,2,12,6
6.63,8.676578845270484,-2.046578845270484,2.046578845270484,30.86845920468302,2025-12-07 03:00:00,3,12,6
6.84,7.02723541167429,-0.18723541167429048,0.18723541167429048,2.7373598197995683,2025-12-07 03:15:00,3,12,6
7.3,6.751438466371795,0.548561533628205,0.548561533628205,7.514541556550753,2025-12-07 03:30:00,3,12,6
8.5,7.1357986115369485,1.3642013884630515,1.3642013884630515,16.04942809956531,2025-12-07 03:45:00,3,12,6
7.93,8.308900218977577,-0.3789002189775772,0.3789002189775772,4.77806076894801,2025-12-07 04:00:00,4,12,6
8.7,8.484949484608105,0.21505051539189424,0.21505051539189424,2.471845004504532,2025-12-07 04:15:00,4,12,6
9.99,9.562296822643848,0.42770317735615215,0.42770317735615215,4.2813130866481695,2025-12-07 04:30:00,4,12,6
10.39,11.398510411793993,-1.008510411793992,1.008510411793992,9.70654871794025,2025-12-07 04:45:00,4,12,6
9.24,10.691858952837485,-1.451858952837485,1.451858952837485,15.71275922984291,2025-12-07 05:00:00,5,12,6
9.07,10.689722887262661,-1.619722887262661,1.619722887262661,17.858025217890418,2025-12-07 05:15:00,5,12,6
10.21,11.370659399435958,-1.160659399435957,1.160659399435957,11.367868750597033,2025-12-07 05:30:00,5,12,6
11.2,11.868124324600366,-0.6681243246003667,0.6681243246003667,5.965395755360418,2025-12-07 05:45:00,5,12,6
10.17,11.755014750872679,-1.5850147508726788,1.5850147508726788,15.58519912362516,2025-12-07 06:00:00,6,12,6
12.34,11.317777998160803,1.0222220018391965,1.0222220018391965,8.28380876693028,2025-12-07 06:15:00,6,12,6
16.46,14.720846074237734,1.7391539257622668,1.7391539257622668,10.565941225773187,2025-12-07 06:30:00,6,12,6
18.38,18.222948591876328,0.1570514081236709,0.1570514081236709,0.8544690322288951,2025-12-07 06:45:00,6,12,6
15.26,18.005204116174617,-2.7452041161746177,2.7452041161746177,17.989542045705228,2025-12-07 07:00:00,7,12,6
16.99,17.540719035971335,-0.550719035971337,0.550719035971337,3.2414304648106946,2025-12-07 07:15:00,7,12,6
19.99,21.979840440941878,-1.9898404409418795,1.9898404409418795,9.954179294356576,2025-12-07 07:30:00,7,12,6
23.69,23.182948251143614,0.5070517488563873,0.5070517488563873,2.140361962247308,2025-12-07 07:45:00,7,12,6
18.42,22.05254387936218,-3.632543879362178,3.632543879362178,19.720650810869582,2025-12-07 08:00:00,8,12,6
19.62,20.37826335602167,-0.7582633560216685,0.7582633560216685,3.864746972587505,2025-12-07 08:15:00,8,12,6
20.55,24.02877990350519,-3.4787799035051883,3.4787799035051883,16.92836936012257,2025-12-07 08:30:00,8,12,6
20.88,25.9070632411472,-5.0270632411472,5.0270632411472,24.075973377141764,2025-12-07 08:45:00,8,12,6
20.5,18.558901724694138,1.9410982753058619,1.9410982753058619,9.46877207466274,2025-12-07 09:00:00,9,12,6
20.67,23.219269799509515,-2.5492697995095135,2.5492697995095135,12.333187225493534,2025-12-07 09:15:00,9,12,6
21.24,23.454688824489732,-2.214688824489734,2.214688824489734,10.426971866712496,2025-12-07 09:30:00,9,12,6
22.1,23.590311743458027,-1.490311743458026,1.490311743458026,6.743492051846271,2025-12-07 09:45:00,9,12,6
21.23,23.73194659087346,-2.501946590873459,2.501946590873459,11.784958035202349,2025-12-07 10:00:00,10,12,6
21.59,23.226699825258624,-1.6366998252586242,1.6366998252586242,7.580823646404003,2025-12-07 10:15:00,10,12,6
21.97,24.17319796712553,-2.203197967125533,2.203197967125533,10.028211047453496,2025-12-07 10:30:00,10,12,6
22.29,24.872629074587696,-2.5826290745876967,2.5826290745876967,11.586492034938074,2025-12-07 10:45:00,10,12,6
22.07,23.5555732734503,-1.4855732734502993,1.4855732734502993,6.731188370866785,2025-12-07 11:00:00,11,12,6
24.09,24.29340644668562,-0.20340644668561936,0.20340644668561936,0.8443605092802796,2025-12-07 11:15:00,11,12,6
25.42,26.343411605841673,-0.9234116058416717,0.9234116058416717,3.632618433680848,2025-12-07 11:30:00,11,12,6
26.42,27.235725234312028,-0.8157252343120263,0.8157252343120263,3.0875292744588423,2025-12-07 11:45:00,11,12,6
24.15,27.273849277522025,-3.1238492775220266,3.1238492775220266,12.935193695743383,2025-12-07 12:00:00,12,12,6
25.66,27.044257245210936,-1.3842572452109358,1.3842572452109358,5.394611244002088,2025-12-07 12:15:00,12,12,6
26.04,28.652823298780696,-2.6128232987806967,2.6128232987806967,10.033883635870572,2025-12-07 12:30:00,12,12,6
26.47,28.686466191422852,-2.216466191422853,2.216466191422853,8.373502800993023,2025-12-07 12:45:00,12,12,6
26.05,25.85192357457568,0.1980764254243219,0.1980764254243219,0.7603701551797386,2025-12-07 13:00:00,13,12,6
26.45,28.507241331792677,-2.057241331792678,2.057241331792678,7.777850025681203,2025-12-07 13:15:00,13,12,6
26.62,28.20338442312365,-1.5833844231236505,1.5833844231236505,5.948100763049025,2025-12-07 13:30:00,13,12,6
29.43,28.410321043235893,1.019678956764107,1.019678956764107,3.4647603016109647,2025-12-07 13:45:00,13,12,6
27.39,29.957795917398872,-2.567795917398872,2.567795917398872,9.37493945746211,2025-12-07 14:00:00,14,12,6
29.78,28.215444155622514,1.5645558443774874,1.5645558443774874,5.253713379373699,2025-12-07 14:15:00,14,12,6
33.09,30.713460378466166,2.376539621533837,2.376539621533837,7.18204781364109,2025-12-07 14:30:00,14,12,6
35.4,35.86640921869733,-0.4664092186973292,0.4664092186973292,1.3175401658116643,2025-12-07 14:45:00,14,12,6
30.07,33.00975612123441,-2.93975612123441,2.93975612123441,9.776375527882973,2025-12-07 15:00:00,15,12,6
31.7,31.35778917622602,0.3422108237739785,0.3422108237739785,1.0795294125362098,2025-12-07 15:15:00,15,12,6
34.88,35.27869737406962,-0.39869737406962,0.39869737406962,1.1430543981353785,2025-12-07 15:30:00,15,12,6
36.46,37.718180811309104,-1.2581808113091029,1.2581808113091029,3.4508524720491027,2025-12-07 15:45:00,15,12,6
33.99,31.393347476215265,2.596652523784737,2.596652523784737,7.639460205309612,2025-12-07 16:00:00,16,12,6
35.19,34.298035559904854,0.8919644400951441,0.8919644400951441,2.534709974694925,2025-12-07 16:15:00,16,12,6
36.94,37.75390708585425,-0.8139070858542539,0.8139070858542539,2.203321835014223,2025-12-07 16:30:00,16,12,6
40.22,38.366516024209076,1.8534839757909225,1.8534839757909225,4.6083639378193,2025-12-07 16:45:00,16,12,6
35.2,37.18367993479736,-1.9836799347973582,1.9836799347973582,5.635454360219767,2025-12-07 17:00:00,17,12,6
36.72,34.89103042586432,1.8289695741356766,1.8289695741356766,4.980853960064479,2025-12-07 17:15:00,17,12,6
36.94,38.05742594820326,-1.1174259482032625,1.1174259482032625,3.024975495948193,2025-12-07 17:30:00,17,12,6
38.89,39.77504159256957,-0.8850415925695714,0.8850415925695714,2.275756216429857,2025-12-07 17:45:00,17,12,6
34.89,33.98557772532901,0.904422274670992,0.904422274670992,2.5922105894840697,2025-12-07 18:00:00,18,12,6
34.89,34.98861315467303,-0.098613154673032,0.098613154673032,0.2826401681657552,2025-12-07 18:15:00,18,12,6
34.88,34.84036787807623,0.03963212192377341,0.03963212192377341,0.11362420276311183,2025-12-07 18:30:00,18,12,6
34.89,36.477796544369774,-1.5877965443697732,1.5877965443697732,4.550864271624457,2025-12-07 18:45:00,18,12,6
33.38,31.151759989214625,2.2282400107853775,2.2282400107853775,6.675374508044869,2025-12-07 19:00:00,19,12,6
32.27,32.67061069022142,-0.40061069022141993,0.40061069022141993,1.2414338091770063,2025-12-07 19:15:00,19,12,6
30.11,31.879482281906192,-1.7694822819061926,1.7694822819061926,5.876726276672842,2025-12-07 19:30:00,19,12,6
30.83,30.08181314677719,0.7481868532228084,0.7481868532228084,2.4268143147025896,2025-12-07 19:45:00,19,12,6
31.56,29.655698605721398,1.9043013942786011,1.9043013942786011,6.033908093404946,2025-12-07 20:00:00,20,12,6
29.7,30.270563123806472,-0.5705631238064726,0.5705631238064726,1.9210879589443521,2025-12-07 20:15:00,20,12,6
30.27,27.175420834515613,3.0945791654843866,3.0945791654843866,10.223254593605507,2025-12-07 20:30:00,20,12,6
34.09,30.343602267107528,3.7463977328924756,3.7463977328924756,10.98972640918884,2025-12-07 20:45:00,20,12,6
30.13,33.97746790248593,-3.8474679024859277,3.8474679024859277,12.769558255844435,2025-12-07 21:00:00,21,12,6
33.26,27.259510562998408,6.00048943700159,6.00048943700159,18.04115886049787,2025-12-07 21:15:00,21,12,6
33.48,32.87130672575084,0.6086932742491555,0.6086932742491555,1.8180802695613965,2025-12-07 21:30:00,21,12,6
33.99,35.64241008390136,-1.6524100839013585,1.6524100839013585,4.861459499562691,2025-12-07 21:45:00,21,12,6
34.71,29.676389877330237,5.033610122669764,5.033610122669764,14.50190182273052,2025-12-07 22:00:00,22,12,6
32.09,36.12850630111784,-4.038506301117835,4.038506301117835,12.58493705552457,2025-12-07 22:15:00,22,12,6
30.42,31.413307555480092,-0.9933075554800901,0.9933075554800901,3.265310833267883,2025-12-07 22:30:00,22,12,6
29.62,30.63350795048283,-1.013507950482829,1.013507950482829,3.4217013858299428,2025-12-07 22:45:00,22,12,6
29.05,30.80303043544395,-1.75303043544395,1.75303043544395,6.034528177087608,2025-12-07 23:00:00,23,12,6
27.81,27.403234231758912,0.4067657682410868,0.4067657682410868,1.4626600799751412,2025-12-07 23:15:00,23,12,6
25.26,26.721123504754694,-1.461123504754692,1.461123504754692,5.78433691510171,2025-12-07 23:30:00,23,12,6
18.69,25.0506638511149,-6.3606638511149,6.3606638511149,34.03244436123542,2025-12-07 23:45:00,23,12,6
20.32,20.565221455070763,-0.24522145507076232,0.24522145507076232,1.2067984993639878,2025-12-08 00:00:00,0,12,0
18.73,22.598832449006927,-3.868832449006927,3.868832449006927,20.655805921019365,2025-12-08 00:15:00,0,12,0
14.97,19.3269788305304,-4.3569788305304,4.3569788305304,29.104735006883097,2025-12-08 00:30:00,0,12,0
8.55,11.855691421007677,-3.305691421007676,3.305691421007676,38.66305755564533,2025-12-08 00:45:00,0,12,0
11.65,13.334658359766149,-1.6846583597661482,1.6846583597661482,14.460586779108567,2025-12-08 01:00:00,1,12,0
11.76,14.688237380714305,-2.9282373807143056,2.9282373807143056,24.899977727162465,2025-12-08 01:15:00,1,12,0
10.0,11.87163374929144,-1.8716337492914406,1.8716337492914406,18.716337492914406,2025-12-08 01:30:00,1,12,0
8.98,6.988366985350886,1.9916330146491141,1.9916330146491141,22.17854136580305,2025-12-08 01:45:00,1,12,0
11.71,14.460344479655102,-2.7503444796551015,2.7503444796551015,23.48714329338259,2025-12-08 02:00:00,2,12,0
9.77,14.963710973354104,-5.193710973354104,5.193710973354104,53.15978478356299,2025-12-08 02:15:00,2,12,0
7.88,10.924860187463395,-3.044860187463395,3.044860187463395,38.64035770892633,2025-12-08 02:30:00,2,12,0
7.12,9.883969750793813,-2.7639697507938132,2.7639697507938132,38.819799870699626,2025-12-08 02:45:00,2,12,0
7.52,13.283885715351119,-5.763885715351119,5.763885715351119,76.64741642754149,2025-12-08 03:00:00,3,12,0
7.16,9.944195190939269,-2.7841951909392684,2.7841951909392684,38.88540769468251,2025-12-08 03:15:00,3,12,0
7.02,9.217721387434366,-2.197721387434367,2.197721387434367,31.306572470575027,2025-12-08 03:30:00,3,12,0
7.09,9.845962741326993,-2.755962741326993,2.755962741326993,38.871124701368025,2025-12-08 03:45:00,3,12,0
6.33,11.285521724191259,-4.955521724191259,4.955521724191259,78.28628316257912,2025-12-08 04:00:00,4,12,0
8.83,9.948409533663625,-1.118409533663625,1.118409533663625,12.666019633789638,2025-12-08 04:15:00,4,12,0
10.79,12.535237086795387,-1.7452370867953881,1.7452370867953881,16.174579117658837,2025-12-08 04:30:00,4,12,0
16.18,14.086943737352613,2.093056262647387,2.093056262647387,12.93607084454504,2025-12-08 04:45:00,4,12,0
8.99,18.381281763164782,-9.391281763164782,9.391281763164782,104.46364586390192,2025-12-08 05:00:00,5,12,0
19.0,13.656711973992397,5.3432880260076026,5.3432880260076026,28.122568557934752,2025-12-08 05:15:00,5,12,0
27.49,24.26433518057727,3.225664819422729,3.225664819422729,11.733957145953907,2025-12-08 05:30:00,5,12,0
33.68,33.99827105657899,-0.31827105657899324,0.31827105657899324,0.9449853223841842,2025-12-08 05:45:00,5,12,0
28.35,27.786020625212764,0.5639793747872375,0.5639793747872375,1.9893452373447529,2025-12-08 06:00:00,6,12,0
34.25,36.40008575513196,-2.150085755131961,2.150085755131961,6.277622642721055,2025-12-08 06:15:00,6,12,0
41.17,43.46809739964151,-2.298097399641506,2.298097399641506,5.58197085169178,2025-12-08 06:30:00,6,12,0
51.02,48.328742158012716,2.6912578419872872,2.6912578419872872,5.274907569555639,2025-12-08 06:45:00,6,12,0
49.99,46.93215336260173,3.0578466373982707,3.0578466373982707,6.116916658128167,2025-12-08 07:00:00,7,12,0
60.01,53.578936898733744,6.431063101266254,6.431063101266254,10.716652393378194,2025-12-08 07:15:00,7,12,0
60.94,65.31450913312817,-4.374509133128171,4.374509133128171,7.178387156429557,2025-12-08 07:30:00,7,12,0
62.73,68.39336002418779,-5.663360024187789,5.663360024187789,9.028152437729617,2025-12-08 07:45:00,7,12,0
63.56,56.147971962546535,7.412028037453467,7.412028037453467,11.661466389951961,2025-12-08 08:00:00,8,12,0
63.82,66.74950395744207,-2.9295039574420727,2.9295039574420727,4.59026003986536,2025-12-08 08:15:00,8,12,0
64.11,60.26722720125841,3.842772798741592,3.842772798741592,5.9940302585268945,2025-12-08 08:30:00,8,12,0
64.34,61.49031144173634,2.849688558263665,2.849688558263665,4.429108732147443,2025-12-08 08:45:00,8,12,0
63.28,62.17807369468777,1.101926305312233,1.101926305312233,1.741350040000368,2025-12-08 09:00:00,9,12,0
63.46,60.783398311822225,2.676601688177776,2.676601688177776,4.217777636586473,2025-12-08 09:15:00,9,12,0
63.75,61.248150681346715,2.501849318653285,2.501849318653285,3.9244695194561334,2025-12-08 09:30:00,9,12,0
63.13,61.50105277511723,1.628947224882772,1.628947224882772,2.580306074580662,2025-12-08 09:45:00,9,12,0
64.37,60.619412842056896,3.7505871579431087,3.7505871579431087,5.826607360483313,2025-12-08 10:00:00,10,12,0
63.93,62.8735914938734,1.0564085061266013,1.0564085061266013,1.6524456532560634,2025-12-08 10:15:00,10,12,0
62.84,62.38305512933789,0.4569448706621131,0.4569448706621131,0.7271560640708356,2025-12-08 10:30:00,10,12,0
59.33,60.648481445998144,-1.3184814459981453,1.3184814459981453,2.2222845878950706,2025-12-08 10:45:00,10,12,0
68.5,59.96542234921608,8.534577650783923,8.534577650783923,12.45923744639989,2025-12-08 11:00:00,11,12,0
68.17,67.9013278196224,0.26867218037760665,0.26867218037760665,0.39412084550037646,2025-12-08 11:15:00,11,12,0
68.36,65.1361884590089,3.2238115409910932,3.2238115409910932,4.715932622865847,2025-12-08 11:30:00,11,12,0
65.69,62.91336200796369,2.7766379920363065,2.7766379920363065,4.226880791652164,2025-12-08 11:45:00,11,12,0
69.03,72.21671563475203,-3.1867156347520336,3.1867156347520336,4.616421316459559,2025-12-08 12:00:00,12,12,0
65.6,68.75094016502108,-3.1509401650210833,3.1509401650210833,4.803262446678481,2025-12-08 12:15:00,12,12,0
66.31,65.3287478634524,0.9812521365475959,0.9812521365475959,1.4797951086526857,2025-12-08 12:30:00,12,12,0
66.36,64.03301621788168,2.326983782118319,2.326983782118319,3.506606061058347,2025-12-08 12:45:00,12,12,0
65.55,69.61003517160316,-4.060035171603161,4.060035171603161,6.193798888792008,2025-12-08 13:00:00,13,12,0
65.56,63.16278089395721,2.3972191060427903,2.3972191060427903,3.6565270073868064,2025-12-08 13:15:00,13,12,0
65.44,66.56806779755718,-1.1280677975571791,1.1280677975571791,1.7238199840421444,2025-12-08 13:30:00,13,12,0
65.6,65.98323123965585,-0.38323123965585637,0.38323123965585637,0.584193962890025,2025-12-08 13:45:00,13,12,0
59.23,65.81027670883768,-6.58027670883768,6.58027670883768,11.109702361704677,2025-12-08 14:00:00,14,12,0
61.96,60.429633415312225,1.5303665846877763,1.5303665846877763,2.4699267022075153,2025-12-08 14:15:00,14,12,0
63.53,64.11280857272268,-0.5828085727226835,0.5828085727226835,0.9173753702544994,2025-12-08 14:30:00,14,12,0
63.1,65.31719658464573,-2.217196584645727,2.217196584645727,3.5137822260629585,2025-12-08 14:45:00,14,12,0
64.19,58.92644327949285,5.263556720507147,5.263556720507147,8.199963733458711,2025-12-08 15:00:00,15,12,0
68.44,67.35464826219408,1.0853517378059223,1.0853517378059223,1.5858441522587994,2025-12-08 15:15:00,15,12,0
68.54,70.58031952264541,-2.0403195226454045,2.0403195226454045,2.9768303511021363,2025-12-08 15:30:00,15,12,0
68.99,68.29574218106951,0.6942578189304811,0.6942578189304811,1.006316595057952,2025-12-08 15:45:00,15,12,0
64.98,70.44910342518092,-5.4691034251809185,5.4691034251809185,8.41659499104481,2025-12-08 16:00:00,16,12,0
65.99,69.7997015131825,-3.809701513182503,3.809701513182503,5.77314973963101,2025-12-08 16:15:00,16,12,0
67.79,68.46629744382543,-0.676297443825419,0.676297443825419,0.9976359991524103,2025-12-08 16:30:00,16,12,0
69.52,70.3088647112154,-0.7888647112154104,0.7888647112154104,1.1347305972603716,2025-12-08 16:45:00,16,12,0
69.91,67.93205372345962,1.9779462765403792,1.9779462765403792,2.829275177428664,2025-12-08 17:00:00,17,12,0
69.92,71.89907665266949,-1.979076652669491,1.979076652669491,2.8304872034746724,2025-12-08 17:15:00,17,12,0
69.9,72.77710472245337,-2.8771047224533675,2.8771047224533675,4.116029645856034,2025-12-08 17:30:00,17,12,0
69.9,73.03790962630038,-3.1379096263003703,3.1379096263003703,4.48914109628093,2025-12-08 17:45:00,17,12,0
64.2,72.59928551224549,-8.399285512245484,8.399285512245484,13.082999240257761,2025-12-08 18:00:00,18,12,0
58.44,66.98773789379442,-8.54773789379442,8.54773789379442,14.626519325452463,2025-12-08 18:15:00,18,12,0
53.77,62.67766262370844,-8.90766262370844,8.90766262370844,16.56623139986691,2025-12-08 18:30:00,18,12,0
50.0,59.44050139969985,-9.440501399699848,9.440501399699848,18.881002799399695,2025-12-08 18:45:00,18,12,0
61.31,47.101529068000985,14.208470931999017,14.208470931999017,23.17480171586856,2025-12-08 19:00:00,19,12,0
53.34,57.26855222190267,-3.928552221902663,3.928552221902663,7.365114776720402,2025-12-08 19:15:00,19,12,0
49.99,47.52632411912701,2.463675880872991,2.463675880872991,4.928337429231828,2025-12-08 19:30:00,19,12,0
43.2,45.86775352360239,-2.6677535236023857,2.6677535236023857,6.1753553787092255,2025-12-08 19:45:00,19,12,0
45.63,53.28787354991775,-7.6578735499177455,7.6578735499177455,16.782541200784014,2025-12-08 20:00:00,20,12,0
42.35,41.001837826872254,1.348162173127747,1.348162173127747,3.1833817547290364,2025-12-08 20:15:00,20,12,0
40.38,40.20089905376227,0.17910094623773176,0.17910094623773176,0.4435387474931445,2025-12-08 20:30:00,20,12,0
38.29,35.06424797214403,3.225752027855968,3.225752027855968,8.424528670295032,2025-12-08 20:45:00,20,12,0
41.16,40.66319266907518,0.4968073309248169,0.4968073309248169,1.20701489534698,2025-12-08 21:00:00,21,12,0
40.46,38.839087207605075,1.6209127923949254,1.6209127923949254,4.006210559552461,2025-12-08 21:15:00,21,12,0
38.93,38.19218937683644,0.7378106231635613,0.7378106231635613,1.8952237944093533,2025-12-08 21:30:00,21,12,0
36.92,36.33847158084712,0.5815284191528818,0.5815284191528818,1.5751040605441,2025-12-08 21:45:00,21,12,0
37.96,38.97865001714461,-1.0186500171446085,1.0186500171446085,2.6834826584420663,2025-12-08 22:00:00,22,12,0
36.35,37.51594384754186,-1.165943847541861,1.165943847541861,3.2075484113943906,2025-12-08 22:15:00,22,12,0
35.49,34.852244964887774,0.6377550351122281,0.6377550351122281,1.796999253627016,2025-12-08 22:30:00,22,12,0
32.99,33.61436663223319,-0.6243666322331904,0.6243666322331904,1.8925936108917563,2025-12-08 22:45:00,22,12,0
35.02,34.12605877477104,0.8939412252289642,0.8939412252289642,2.5526591240118908,2025-12-08 23:00:00,23,12,0
32.88,34.21553573977993,-1.3355357397799281,1.3355357397799281,4.061848356994915,2025-12-08 23:15:00,23,12,0
28.87,32.244040871383994,-3.3740408713839933,3.3740408713839933,11.687013756092806,2025-12-08 23:30:00,23,12,0
26.0,27.176354771298456,-1.1763547712984561,1.1763547712984561,4.524441428070984,2025-12-08 23:45:00,23,12,0
32.57,30.757623043833988,1.8123769561660126,1.8123769561660126,5.564559275916526,2025-12-09 00:00:00,0,12,1
30.0,33.920970501733095,-3.9209705017330947,3.9209705017330947,13.069901672443649,2025-12-09 00:15:00,0,12,1
32.31,28.14869946725421,4.161300532745791,4.161300532745791,12.87929598497614,2025-12-09 00:30:00,0,12,1
30.22,31.135201907507657,-0.9152019075076581,0.9152019075076581,3.0284642869214364,2025-12-09 00:45:00,0,12,1
33.38,37.312513895442315,-3.9325138954423124,3.9325138954423124,11.781048218820587,2025-12-09 01:00:00,1,12,1
33.44,33.42339324152796,0.01660675847203663,0.01660675847203663,0.04966135906709519,2025-12-09 01:15:00,1,12,1
33.54,36.98508008203283,-3.445080082032831,3.445080082032831,10.271556595208203,2025-12-09 01:30:00,1,12,1
33.45,33.43328714048205,0.016712859517951983,0.016712859517951983,0.04996370558431086,2025-12-09 01:45:00,1,12,1
21.33,38.23965024528691,-16.90965024528691,16.90965024528691,79.27637245797897,2025-12-09 02:00:00,2,12,1
21.79,24.713339424968822,-2.923339424968823,2.923339424968823,13.415967989760546,2025-12-09 02:15:00,2,12,1
22.49,27.59746087072422,-5.107460870724221,5.107460870724221,22.709919389614146,2025-12-09 02:30:00,2,12,1
23.6,28.082012941086596,-4.4820129410865945,4.4820129410865945,18.991580258841502,2025-12-09 02:45:00,2,12,1
19.99,17.974402652029756,2.0155973479702425,2.0155973479702425,10.083028253978203,2025-12-09 03:00:00,3,12,1
20.4,23.923554375648465,-3.523554375648466,3.523554375648466,17.272325370825815,2025-12-09 03:15:00,3,12,1
21.48,25.352413498463058,-3.8724134984630574,3.8724134984630574,18.02799580290064,2025-12-09 03:30:00,3,12,1
23.88,26.877045681502153,-2.9970456815021542,2.9970456815021542,12.55044255235408,2025-12-09 03:45:00,3,12,1
20.18,25.059374395546584,-4.879374395546584,4.879374395546584,24.179258649883966,2025-12-09 04:00:00,4,12,1
23.17,24.205246784906727,-1.0352467849067253,1.0352467849067253,4.468048273227127,2025-12-09 04:15:00,4,12,1
23.92,28.500994602084585,-4.5809946020845835,4.5809946020845835,19.151315226106117,2025-12-09 04:30:00,4,12,1
26.06,30.22559271476546,-4.165592714765463,4.165592714765463,15.98462285021283,2025-12-09 04:45:00,4,12,1
29.05,27.17322141445304,1.8767785855469619,1.8767785855469619,6.460511482089369,2025-12-09 05:00:00,5,12,1
35.2,35.28769243767245,-0.08769243767244461,0.08769243767244461,0.2491262433876267,2025-12-09 05:15:00,5,12,1
40.59,39.04057875309106,1.549421246908942,1.549421246908942,3.817248698962655,2025-12-09 05:30:00,5,12,1
55.42,44.860133312400585,10.559866687599417,10.559866687599417,19.054252413568058,2025-12-09 05:45:00,5,12,1
48.27,58.793187407101385,-10.523187407101382,10.523187407101382,21.8006782827872,2025-12-09 06:00:00,6,12,1
66.81,52.909359035056056,13.900640964943946,13.900640964943946,20.80622805709317,2025-12-09 06:15:00,6,12,1
69.1,72.01889974725373,-2.9188997472537324,2.9188997472537324,4.224167506879497,2025-12-09 06:30:00,6,12,1
72.19,80.13708592258428,-7.947085922584279,7.947085922584279,11.008568946646736,2025-12-09 06:45:00,6,12,1
72.99,65.41000385726835,7.579996142731645,7.579996142731645,10.384978959763865,2025-12-09 07:00:00,7,12,1
75.78,88.28299266495489,-12.502992664954888,12.502992664954888,16.49906659402862,2025-12-09 07:15:00,7,12,1
78.99,79.10467593045351,-0.1146759304535152,0.1146759304535152,0.1451777825718638,2025-12-09 07:30:00,7,12,1
99.96,82.76996442108603,17.190035578913964,17.190035578913964,17.196914344651827,2025-12-09 07:45:00,7,12,1
81.68,94.65002652421347,-12.970026524213466,12.970026524213466,15.879072630036074,2025-12-09 08:00:00,8,12,1
92.93,75.46127759532807,17.468722404671936,17.468722404671936,18.797721300626208,2025-12-09 08:15:00,8,12,1
100.0,90.57029844000022,9.429701559999785,9.429701559999785,9.429701559999785,2025-12-09 08:30:00,8,12,1
109.84,112.2339756611064,-2.3939756611063956,2.3939756611063956,2.1795117089460994,2025-12-09 08:45:00,8,12,1
117.71,88.43522412696896,29.274775873031032,29.274775873031032,24.87025390623654,2025-12-09 09:00:00,9,12,1
102.47,117.9759375834671,-15.505937583467102,15.505937583467102,15.13217291252767,2025-12-09 09:15:00,9,12,1
98.16,100.32440107322196,-2.164401073221967,2.164401073221967,2.2049725684820367,2025-12-09 09:30:00,9,12,1
88.68,103.09055034930228,-14.41055034930227,14.41055034930227,16.250056776389567,2025-12-09 09:45:00,9,12,1
97.41,96.00337915575138,1.4066208442486214,1.4066208442486214,1.4440209878335095,2025-12-09 10:00:00,10,12,1
92.49,85.78003696032926,6.70996303967074,6.70996303967074,7.254798399471013,2025-12-09 10:15:00,10,12,1
90.57,86.68951087356149,3.880489126438505,3.880489126438505,4.284519296056647,2025-12-09 10:30:00,10,12,1
86.14,80.1619258916887,5.978074108311304,5.978074108311304,6.939951367902605,2025-12-09 10:45:00,10,12,1
91.87,92.77856197484795,-0.9085619748479417,0.9085619748479417,0.988964814246154,2025-12-09 11:00:00,11,12,1
89.77,87.83538852149775,1.934611478502248,1.934611478502248,2.155075725189092,2025-12-09 11:15:00,11,12,1
88.48,86.36339220101583,2.1166077989841767,2.1166077989841767,2.392187837911592,2025-12-09 11:30:00,11,12,1
86.49,82.77071416549518,3.7192858345048165,3.7192858345048165,4.300249548508287,2025-12-09 11:45:00,11,12,1
88.46,90.87473745423813,-2.4147374542381357,2.4147374542381357,2.729750683063685,2025-12-09 12:00:00,12,12,1
85.96,86.76002710111374,-0.8000271011137414,0.8000271011137414,0.9306969533663815,2025-12-09 12:15:00,12,12,1
88.28,84.09410809129744,4.185891908702558,4.185891908702558,4.741608414932666,2025-12-09 12:30:00,12,12,1
88.92,85.72915382973272,3.190846170267278,3.190846170267278,3.5884459854557784,2025-12-09 12:45:00,12,12,1
89.6,89.76837016432819,-0.16837016432819496,0.16837016432819496,0.18791312983057476,2025-12-09 13:00:00,13,12,1
90.13,86.38499548518303,3.7450045148169693,3.7450045148169693,4.1551142958137905,2025-12-09 13:15:00,13,12,1
90.65,90.74375100373771,-0.09375100373770806,0.09375100373770806,0.10342085354407948,2025-12-09 13:30:00,13,12,1
91.6,89.94897556873241,1.6510244312675866,1.6510244312675866,1.802428418414396,2025-12-09 13:45:00,13,12,1
83.58,91.39001612910559,-7.810016129105591,7.810016129105591,9.344360049181134,2025-12-09 14:00:00,14,12,1
95.42,83.66186614371406,11.758133856285937,11.758133856285937,12.322504565380358,2025-12-09 14:15:00,14,12,1
99.91,96.40154965306782,3.508450346932179,3.508450346932179,3.511610796649163,2025-12-09 14:30:00,14,12,1
101.68,98.82200843984148,2.857991560158524,2.857991560158524,2.8107706138459125,2025-12-09 14:45:00,14,12,1
100.07,91.82433194740818,8.24566805259181,8.24566805259181,8.239900122506057,2025-12-09 15:00:00,15,12,1
104.22,107.00609294864603,-2.7860929486460293,2.7860929486460293,2.673280511078516,2025-12-09 15:15:00,15,12,1
112.04,106.6190500536373,5.420949946362711,5.420949946362711,4.838405878581498,2025-12-09 15:30:00,15,12,1
109.58,111.47731101740123,-1.8973110174012362,1.8973110174012362,1.7314391471082644,2025-12-09 15:45:00,15,12,1
101.15,105.2387580858931,-4.08875808589309,4.08875808589309,4.042271958371814,2025-12-09 16:00:00,16,12,1
106.04,102.90114320107426,3.138856798925744,3.138856798925744,2.960068652325296,2025-12-09 16:15:00,16,12,1
105.48,113.37531090129767,-7.8953109012976626,7.8953109012976626,7.485125996679619,2025-12-09 16:30:00,16,12,1
103.03,103.7785961532955,-0.7485961532954946,0.7485961532954946,0.7265807563772635,2025-12-09 16:45:00,16,12,1
101.4,95.94790505933926,5.452094940660743,5.452094940660743,5.376819468107241,2025-12-09 17:00:00,17,12,1
101.11,105.75230985646209,-4.6423098564620915,4.6423098564620915,4.5913459167857695,2025-12-09 17:15:00,17,12,1
102.57,101.64094331872533,0.929056681274659,0.929056681274659,0.9057781819973277,2025-12-09 17:30:00,17,12,1
98.48,101.19105617536454,-2.711056175364533,2.711056175364533,2.7529002593059837,2025-12-09 17:45:00,17,12,1
99.93,97.87592351414094,2.0540764858590705,2.0540764858590705,2.0555153466016916,2025-12-09 18:00:00,18,12,1
99.99,101.00214807947864,-1.0121480794786493,1.0121480794786493,1.0122493044090903,2025-12-09 18:15:00,18,12,1
106.41,102.3984230214885,4.011576978511499,4.011576978511499,3.7699247989018887,2025-12-09 18:30:00,18,12,1
96.18,103.52846772923579,-7.348467729235779,7.348467729235779,7.640328269116011,2025-12-09 18:45:00,18,12,1
100.0,92.68895931690517,7.311040683094831,7.311040683094831,7.311040683094832,2025-12-09 19:00:00,19,12,1
94.0,97.28839881969841,-3.288398819698415,3.288398819698415,3.4982966167004417,2025-12-09 19:15:00,19,12,1
87.4,96.92541449325779,-9.525414493257784,9.525414493257784,10.89864358496314,2025-12-09 19:30:00,19,12,1
75.28,77.58661391089994,-2.306613910899941,2.306613910899941,3.0640461090594324,2025-12-09 19:45:00,19,12,1
83.1,78.38145389531189,4.718546104688102,4.718546104688102,5.678154157266067,2025-12-09 20:00:00,20,12,1
78.18,79.63147987820071,-1.4514798782007006,1.4514798782007006,1.8565872067033775,2025-12-09 20:15:00,20,12,1
72.49,71.80479473306198,0.6852052669380129,0.6852052669380129,0.9452410910994798,2025-12-09 20:30:00,20,12,1
71.88,60.992105985143326,10.88789401485667,10.88789401485667,15.147320554892419,2025-12-09 20:45:00,20,12,1
72.3,77.70072337239355,-5.400723372393557,5.400723372393557,7.4698801831169535,2025-12-09 21:00:00,21,12,1
99.0,67.80979654319151,31.19020345680849,31.19020345680849,31.505256016978272,2025-12-09 21:15:00,21,12,1
66.48,91.11504119456781,-24.635041194567805,24.635041194567805,37.05631948641366,2025-12-09 21:30:00,21,12,1
65.03,59.119135726340375,5.910864273659627,5.910864273659627,9.089442216914694,2025-12-09 21:45:00,21,12,1
64.94,64.89266762348784,0.04733237651215916,0.04733237651215916,0.07288632046836951,2025-12-09 22:00:00,22,12,1
64.28,89.8297244971036,-25.549724497103597,25.549724497103597,39.747548999850025,2025-12-09 22:15:00,22,12,1
62.07,38.91517450324446,23.154825496755542,23.154825496755542,37.30437489408014,2025-12-09 22:30:00,22,12,1
58.3,59.81966454415959,-1.5196645441595962,1.5196645441595962,2.6066287206854137,2025-12-09 22:45:00,22,12,1
54.94,57.80148168360174,-2.8614816836017454,2.8614816836017454,5.208375834731973,2025-12-09 23:00:00,23,12,1
47.99,54.85484425455883,-6.864844254558825,6.864844254558825,14.304739017626225,2025-12-09 23:15:00,23,12,1
40.39,47.44163786872145,-7.05163786872145,7.05163786872145,17.45887068264781,2025-12-09 23:30:00,23,12,1
33.62,39.79862797848914,-6.178627978489139,6.178627978489139,18.37783455826633,2025-12-09 23:45:00,23,12,1
53.41,36.32640854289494,17.083591457105058,17.083591457105058,31.985754460035686,2025-12-10 00:00:00,0,12,2
48.83,52.151256007267975,-3.3212560072679764,3.3212560072679764,6.801671118713857,2025-12-10 00:15:00,0,12,2
34.88,42.101140159154085,-7.221140159154082,7.221140159154082,20.702810089317893,2025-12-10 00:30:00,0,12,2
33.12,29.235589467133956,3.884410532866042,3.884410532866042,11.728292671696988,2025-12-10 00:45:00,0,12,2
50.0,54.16636779262862,-4.16636779262862,4.16636779262862,8.33273558525724,2025-12-10 01:00:00,1,12,2
34.76,51.2969466904796,-16.536946690479603,16.536946690479603,47.574645254544315,2025-12-10 01:15:00,1,12,2
32.4,24.109086617368074,8.290913382631924,8.290913382631924,25.589238835283716,2025-12-10 01:30:00,1,12,2
29.92,33.56533719757234,-3.6453371975723385,3.6453371975723385,12.183613628249795,2025-12-10 01:45:00,1,12,2
38.25,49.26048408204858,-11.010484082048578,11.010484082048578,28.785579299473408,2025-12-10 02:00:00,2,12,2
34.89,30.697928653371278,4.1920713466287225,4.1920713466287225,12.01510847414366,2025-12-10 02:15:00,2,12,2
31.96,35.086154867604705,-3.126154867604704,3.126154867604704,9.781460787248761,2025-12-10 02:30:00,2,12,2
26.0,32.42662618716791,-6.426626187167912,6.426626187167912,24.717793027568895,2025-12-10 02:45:00,2,12,2
35.19,37.52174085324011,-2.331740853240113,2.331740853240113,6.626146215516093,2025-12-10 03:00:00,3,12,2
34.0,37.91963250067008,-3.919632500670083,3.919632500670083,11.528330884323774,2025-12-10 03:15:00,3,12,2
25.88,34.80934577663024,-8.929345776630239,8.929345776630239,34.50288167167789,2025-12-10 03:30:00,3,12,2
24.32,24.02760468214163,0.2923953178583716,0.2923953178583716,1.2022833793518568,2025-12-10 03:45:00,3,12,2
29.73,37.63465688787941,-7.904656887879408,7.904656887879408,26.588149639688556,2025-12-10 04:00:00,4,12,2
27.12,35.03126432750889,-7.911264327508892,7.911264327508892,29.171328641256977,2025-12-10 04:15:00,4,12,2
28.77,24.83768227077055,3.9323177292294496,3.9323177292294496,13.668118627839586,2025-12-10 04:30:00,4,12,2
26.36,31.44947425124685,-5.089474251246852,5.089474251246852,19.30756544479079,2025-12-10 04:45:00,4,12,2
41.23,35.514774641596844,5.715225358403153,5.715225358403153,13.861812656810946,2025-12-10 05:00:00,5,12,2
49.99,43.383454741430334,6.606545258569668,6.606545258569668,13.21573366387211,2025-12-10 05:15:00,5,12,2
50.0,52.22196979014817,-2.2219697901481723,2.2219697901481723,4.443939580296345,2025-12-10 05:30:00,5,12,2
63.17,47.004360016028514,16.165639983971488,16.165639983971488,25.590691758701105,2025-12-10 05:45:00,5,12,2
49.99,75.46671443257824,-25.47671443257824,25.47671443257824,50.96362158947437,2025-12-10 06:00:00,6,12,2
50.01,57.65356696561983,-7.643566965619833,7.643566965619833,15.284077115816503,2025-12-10 06:15:00,6,12,2
66.43,53.70629728074323,12.723702719256778,12.723702719256778,19.15354917846873,2025-12-10 06:30:00,6,12,2
73.6,81.41571264033504,-7.81571264033505,7.81571264033505,10.619174783063928,2025-12-10 06:45:00,6,12,2
73.96,63.081972656395244,10.87802734360475,10.87802734360475,14.707987214176244,2025-12-10 07:00:00,7,12,2
84.95,71.85058014202431,13.09941985797569,13.09941985797569,15.42015286400905,2025-12-10 07:15:00,7,12,2
84.91,97.45144094832884,-12.541440948328841,12.541440948328841,14.770275525060466,2025-12-10 07:30:00,7,12,2
64.19,89.69649335650186,-25.506493356501863,25.506493356501863,39.73592982785771,2025-12-10 07:45:00,7,12,2
99.99,59.70691694121773,40.28308305878227,40.28308305878227,40.28711176995927,2025-12-10 08:00:00,8,12,2
64.19,107.28650482205049,-43.09650482205049,43.09650482205049,67.13896996736328,2025-12-10 08:15:00,8,12,2
75.0,58.5268876124139,16.4731123875861,16.4731123875861,21.964149850114797,2025-12-10 08:30:00,8,12,2
60.84,56.17319762372091,4.666802376279094,4.666802376279094,7.670615345626386,2025-12-10 08:45:00,8,12,2
100.0,90.7127095482962,9.287290451703797,9.287290451703797,9.287290451703797,2025-12-10 09:00:00,9,12,2
92.78,70.04192613531609,22.738073864683912,22.738073864683912,24.507516560340495,2025-12-10 09:15:00,9,12,2
56.55,92.46444204973639,-35.914442049736394,35.914442049736394,63.50918134347727,2025-12-10 09:30:00,9,12,2
49.99,38.611265039968686,11.378734960031316,11.378734960031316,22.762022324527535,2025-12-10 09:45:00,9,12,2
104.14,87.53937700640785,16.600622993592154,16.600622993592154,15.940678887643706,2025-12-10 10:00:00,10,12,2
78.83,103.68570637230131,-24.855706372301313,24.855706372301313,31.530770483700763,2025-12-10 10:15:00,10,12,2
49.99,40.90760776225338,9.082392237746625,9.082392237746625,18.168418159125075,2025-12-10 10:30:00,10,12,2
35.84,39.58151756881554,-3.7415175688155387,3.7415175688155387,10.43950214513264,2025-12-10 10:45:00,10,12,2
50.0,88.25637672399753,-38.25637672399753,38.25637672399753,76.51275344799507,2025-12-10 11:00:00,11,12,2
49.99,40.239440885009856,9.750559114990146,9.750559114990146,19.505019233827056,2025-12-10 11:15:00,11,12,2
44.96,29.281627450209704,15.678372549790296,15.678372549790296,34.871825066259554,2025-12-10 11:30:00,11,12,2
35.73,32.73777512805434,2.992224871945659,2.992224871945659,8.37454484171749,2025-12-10 11:45:00,11,12,2
49.99,49.41670434873592,0.5732956512640826,0.5732956512640826,1.1468206666614973,2025-12-10 12:00:00,12,12,2
39.95,53.99181545527745,-14.041815455277444,14.041815455277444,35.14847423098234,2025-12-10 12:15:00,12,12,2
37.74,37.106978838759375,0.6330211612406274,0.6330211612406274,1.6773215719147516,2025-12-10 12:30:00,12,12,2
36.9,32.03496052854354,4.8650394714564555,4.8650394714564555,13.184388811535111,2025-12-10 12:45:00,12,12,2
44.0,52.383676496366675,-8.383676496366675,8.383676496366675,19.053810219015173,2025-12-10 13:00:00,13,12,2
37.38,39.146861998663034,-1.7668619986630318,1.7668619986630318,4.72675762082138,2025-12-10 13:15:00,13,12,2
37.13,36.95743729080403,0.17256270919597227,0.17256270919597227,0.46475278533792697,2025-12-10 13:30:00,13,12,2
37.23,38.83862221653879,-1.608622216538791,1.608622216538791,4.320768779314507,2025-12-10 13:45:00,13,12,2
35.19,46.67120265846663,-11.481202658466636,11.481202658466636,32.626321848441705,2025-12-10 14:00:00,14,12,2
35.92,33.19547947823882,2.7245205217611783,2.7245205217611783,7.584968044992143,2025-12-10 14:15:00,14,12,2
36.51,38.92095455561784,-2.4109545556178418,2.4109545556178418,6.603545756280038,2025-12-10 14:30:00,14,12,2
37.61,39.5927300756849,-1.9827300756848985,1.9827300756848985,5.271816207617385,2025-12-10 14:45:00,14,12,2
38.18,38.876953741126385,-0.6969537411263858,0.6969537411263858,1.8254419620911098,2025-12-10 15:00:00,15,12,2
38.75,41.39880525997954,-2.6488052599795395,2.6488052599795395,6.835626477366554,2025-12-10 15:15:00,15,12,2
38.31,41.824069220292,-3.5140692202920008,3.5140692202920008,9.172720491495696,2025-12-10 15:30:00,15,12,2
37.67,41.9135669997631,-4.243566999763097,4.243566999763097,11.265110166612944,2025-12-10 15:45:00,15,12,2
37.77,41.370760512011465,-3.600760512011462,3.600760512011462,9.533387641015254,2025-12-10 16:00:00,16,12,2
37.24,41.674061015909494,-4.434061015909492,4.434061015909492,11.906715939606585,2025-12-10 16:15:00,16,12,2
36.66,40.321853424274266,-3.6618534242742697,3.6618534242742697,9.988689100584478,2025-12-10 16:30:00,16,12,2
35.53,39.681190976351004,-4.151190976351003,4.151190976351003,11.683622224461027,2025-12-10 16:45:00,16,12,2
37.57,39.54099509027722,-1.9709950902772206,1.9709950902772206,5.24619401191701,2025-12-10 17:00:00,17,12,2
36.94,41.08446716467365,-4.1444671646736495,4.1444671646736495,11.21945632017772,2025-12-10 17:15:00,17,12,2
35.16,39.97747924055379,-4.817479240553794,4.817479240553794,13.70159055902672,2025-12-10 17:30:00,17,12,2
34.34,37.85605377176857,-3.5160537717685685,3.5160537717685685,10.238945171137356,2025-12-10 17:45:00,17,12,2
36.45,40.61248887939564,-4.162488879395639,4.162488879395639,11.419722577217115,2025-12-10 18:00:00,18,12,2
34.54,40.606774203370094,-6.066774203370095,6.066774203370095,17.56448813946177,2025-12-10 18:15:00,18,12,2
33.63,37.15582202683016,-3.5258220268301557,3.5258220268301557,10.484157082456601,2025-12-10 18:30:00,18,12,2
33.04,37.24039994570717,-4.200399945707169,4.200399945707169,12.713074896208138,2025-12-10 18:45:00,18,12,2
32.93,35.02865661454308,-2.0986566145430814,2.0986566145430814,6.373084161989315,2025-12-10 19:00:00,19,12,2
32.34,31.676698056077335,0.6633019439226686,0.6633019439226686,2.0510264190558702,2025-12-10 19:15:00,19,12,2
27.52,31.662328345051193,-4.142328345051194,4.142328345051194,15.052065207308118,2025-12-10 19:30:00,19,12,2
25.21,27.421126053699403,-2.2111260536994024,2.2111260536994024,8.770829249105127,2025-12-10 19:45:00,19,12,2
28.27,26.014105890313076,2.255894109686924,2.255894109686924,7.979816447424564,2025-12-10 20:00:00,20,12,2
26.03,28.84158455693241,-2.8115845569324094,2.8115845569324094,10.801323691634304,2025-12-10 20:15:00,20,12,2
23.77,22.09549602393353,1.6745039760664682,1.6745039760664682,7.044610753329694,2025-12-10 20:30:00,20,12,2
21.0,21.777787970297602,-0.7777879702976023,0.7777879702976023,3.7037522395123914,2025-12-10 20:45:00,20,12,2
23.59,24.04247635944894,-0.4524763594489407,0.4524763594489407,1.918085457604666,2025-12-10 21:00:00,21,12,2
22.49,22.45921498771571,0.030785012284287205,0.030785012284287205,0.13688311375850248,2025-12-10 21:15:00,21,12,2
19.32,20.59485956521241,-1.2748595652124095,1.2748595652124095,6.598651993853051,2025-12-10 21:30:00,21,12,2
16.95,16.904499702568266,0.04550029743173312,0.04550029743173312,0.26843833293057884,2025-12-10 21:45:00,21,12,2
16.72,19.712248711676445,-2.992248711676446,2.992248711676446,17.896224352131853,2025-12-10 22:00:00,22,12,2
16.05,16.9246871342312,-0.8746871342311984,0.8746871342311984,5.449764076206843,2025-12-10 22:15:00,22,12,2
15.55,14.147321809148742,1.4026781908512582,1.4026781908512582,9.020438526374651,2025-12-10 22:30:00,22,12,2
12.19,13.928301722055366,-1.7383017220553665,1.7383017220553665,14.260063347459939,2025-12-10 22:45:00,22,12,2
16.19,12.516365124546926,3.673634875453075,3.673634875453075,22.69076513559651,2025-12-10 23:00:00,23,12,2
14.04,16.37766357427207,-2.337663574272071,2.337663574272071,16.650025457778284,2025-12-10 23:15:00,23,12,2
12.0,13.658787939337643,-1.6587879393376426,1.6587879393376426,13.823232827813689,2025-12-10 23:30:00,23,12,2
10.39,9.377433847316958,1.0125661526830427,1.0125661526830427,9.74558376018328,2025-12-10 23:45:00,23,12,2
18.56,16.285782060234048,2.2742179397659505,2.2742179397659505,12.253329416842407,2025-12-11 00:00:00,0,12,3
18.42,19.13990404456448,-0.7199040445644798,0.7199040445644798,3.9082738575704647,2025-12-11 00:15:00,0,12,3
18.19,17.231781814998104,0.9582181850018969,0.9582181850018969,5.2678294942380255,2025-12-11 00:30:00,0,12,3
18.57,17.042934595849886,1.5270654041501146,1.5270654041501146,8.223292429456729,2025-12-11 00:45:00,0,12,3
18.5,26.528313324431757,-8.028313324431757,8.028313324431757,43.39628824017166,2025-12-11 01:00:00,1,12,3
18.65,20.236850136278413,-1.5868501362784144,1.5868501362784144,8.50857981918721,2025-12-11 01:15:00,1,12,3
18.64,20.275907495308847,-1.635907495308846,1.635907495308846,8.776327764532436,2025-12-11 01:30:00,1,12,3
18.6,20.77525781152318,-2.1752578115231778,2.1752578115231778,11.694934470554719,2025-12-11 01:45:00,1,12,3
19.11,20.7203349152874,-1.6103349152873996,1.6103349152873996,8.426660990514911,2025-12-11 02:00:00,2,12,3
19.69,21.405053571344588,-1.715053571344587,1.715053571344587,8.710277152588048,2025-12-11 02:15:00,2,12,3
19.99,21.762427361267726,-1.7724273612677273,1.7724273612677273,8.866570091384329,2025-12-11 02:30:00,2,12,3
20.0,21.931961894409003,-1.9319618944090031,1.9319618944090031,9.659809472045016,2025-12-11 02:45:00,2,12,3
20.23,22.764618657459174,-2.5346186574591734,2.5346186574591734,12.52900967602162,2025-12-11 03:00:00,3,12,3
23.24,23.151138537298017,0.08886146270198125,0.08886146270198125,0.3823642973407111,2025-12-11 03:15:00,3,12,3
23.99,25.82163525649735,-1.83163525649735,1.83163525649735,7.6349948165792,2025-12-11 03:30:00,3,12,3
25.79,25.76162215637823,0.02837784362176876,0.02837784362176876,0.1100342908947994,2025-12-11 03:45:00,3,12,3
24.15,27.895616045834565,-3.7456160458345664,3.7456160458345664,15.50979729124044,2025-12-11 04:00:00,4,12,3
25.02,28.708785838674956,-3.6887858386749564,3.6887858386749564,14.743348675759218,2025-12-11 04:15:00,4,12,3
24.89,28.338843204585025,-3.4488432045850246,3.4488432045850246,13.856340717497083,2025-12-11 04:30:00,4,12,3
25.23,29.292730735984684,-4.062730735984683,4.062730735984683,16.10277739193295,2025-12-11 04:45:00,4,12,3
23.72,27.068904078637004,-3.3489040786370055,3.3489040786370055,14.118482624945216,2025-12-11 05:00:00,5,12,3
26.94,27.685267503975922,-0.7452675039759207,0.7452675039759207,2.766397564869787,2025-12-11 05:15:00,5,12,3
32.33,30.295373680724232,2.034626319275766,2.034626319275766,6.293307513998658,2025-12-11 05:30:00,5,12,3
36.96,35.07699473364638,1.8830052663536208,1.8830052663536208,5.094711218489233,2025-12-11 05:45:00,5,12,3
34.99,37.112132984090984,-2.1221329840909817,2.1221329840909817,6.064969945958793,2025-12-11 06:00:00,6,12,3
37.44,38.53932010954435,-1.099320109544351,1.099320109544351,2.9362182413043567,2025-12-11 06:15:00,6,12,3
41.06,43.80112027001834,-2.7411202700183352,2.7411202700183352,6.675889600629165,2025-12-11 06:30:00,6,12,3
50.0,47.01669953835213,2.9833004616478718,2.9833004616478718,5.9666009232957435,2025-12-11 06:45:00,6,12,3
49.99,49.72960155723599,0.26039844276401425,0.26039844276401425,0.5209010657411768,2025-12-11 07:00:00,7,12,3
55.34,51.92810675015849,3.411893249841512,3.411893249841512,6.165329327505442,2025-12-11 07:15:00,7,12,3
61.03,58.55282496869289,2.4771750313071124,2.4771750313071124,4.058946471091451,2025-12-11 07:30:00,7,12,3
61.04,68.73177536126104,-7.691775361261044,7.691775361261044,12.601204720283492,2025-12-11 07:45:00,7,12,3
56.06,55.04112389027169,1.0188761097283106,1.0188761097283106,1.817474330589209,2025-12-11 08:00:00,8,12,3
57.24,55.754554761327334,1.4854452386726678,1.4854452386726678,2.5951174679816,2025-12-11 08:15:00,8,12,3
57.77,59.1861171721996,-1.4161171721995984,1.4161171721995984,2.45130201177012,2025-12-11 08:30:00,8,12,3
57.07,55.22976033268499,1.8402396673150108,1.8402396673150108,3.2245306944366754,2025-12-11 08:45:00,8,12,3
55.23,50.2927565744602,4.937243425539798,4.937243425539798,8.939423185840663,2025-12-11 09:00:00,9,12,3
57.55,53.614381111648534,3.9356188883514633,3.9356188883514633,6.8386079728087985,2025-12-11 09:15:00,9,12,3
53.61,55.897661290408706,-2.287661290408707,2.287661290408707,4.26722867078662,2025-12-11 09:30:00,9,12,3
54.99,50.873972633742696,4.116027366257306,4.116027366257306,7.485047038111121,2025-12-11 09:45:00,9,12,3
49.99,52.3814456291283,-2.391445629128299,2.391445629128299,4.78384802786217,2025-12-11 10:00:00,10,12,3
49.99,51.08267656437221,-1.092676564372205,1.092676564372205,2.1857902868017702,2025-12-11 10:15:00,10,12,3
49.42,46.86442929893855,2.5555707010614483,2.5555707010614483,5.1711264691652135,2025-12-11 10:30:00,10,12,3
45.86,50.61243763685683,-4.752437636856833,4.752437636856833,10.3629255055753,2025-12-11 10:45:00,10,12,3
56.16,42.448212467686645,13.711787532313352,13.711787532313352,24.415576090301556,2025-12-11 11:00:00,11,12,3
57.03,56.48217586522724,0.5478241347727604,0.5478241347727604,0.960589399917167,2025-12-11 11:15:00,11,12,3
57.13,54.779763417098366,2.350236582901637,2.350236582901637,4.1138396339955134,2025-12-11 11:30:00,11,12,3
57.08,51.85259445202993,5.227405547970065,5.227405547970065,9.158033545848047,2025-12-11 11:45:00,11,12,3
61.04,64.61316750877575,-3.5731675087757466,3.5731675087757466,5.853813087771538,2025-12-11 12:00:00,12,12,3
61.04,61.49846495211483,-0.45846495211483074,0.45846495211483074,0.7510893710924488,2025-12-11 12:15:00,12,12,3
61.27,60.23239249579691,1.0376075042030948,1.0376075042030948,1.693500088465962,2025-12-11 12:30:00,12,12,3
61.04,60.40607957614563,0.6339204238543701,0.6339204238543701,1.0385328044796365,2025-12-11 12:45:00,12,12,3
59.98,64.33458467294722,-4.354584672947219,4.354584672947219,7.260061141959352,2025-12-11 13:00:00,13,12,3
60.43,60.49740746512367,-0.06740746512367224,0.06740746512367224,0.11154635962878082,2025-12-11 13:15:00,13,12,3
57.74,61.3663450954716,-3.6263450954715992,3.6263450954715992,6.280472974491859,2025-12-11 13:30:00,13,12,3
50.0,58.39334624032438,-8.393346240324377,8.393346240324377,16.786692480648753,2025-12-11 13:45:00,13,12,3
47.89,51.252390776592875,-3.362390776592875,3.362390776592875,7.0210707383438615,2025-12-11 14:00:00,14,12,3
57.12,52.05335387480906,5.066646125190935,5.066646125190935,8.870178790600377,2025-12-11 14:15:00,14,12,3
53.95,58.32152305130083,-4.3715230513008265,4.3715230513008265,8.102915757740178,2025-12-11 14:30:00,14,12,3
61.04,48.32934008583912,12.710659914160878,12.710659914160878,20.823492650984402,2025-12-11 14:45:00,14,12,3
60.98,59.686027164899926,1.293972835100071,1.293972835100071,2.1219626682520025,2025-12-11 15:00:00,15,12,3
63.76,68.55286711360142,-4.7928671136014245,4.7928671136014245,7.517043779174129,2025-12-11 15:15:00,15,12,3
63.8,61.28487736752306,2.5151226324769382,2.5151226324769382,3.9421984835061727,2025-12-11 15:30:00,15,12,3
64.21,69.75495380773339,-5.544953807733393,5.544953807733393,8.635654582983014,2025-12-11 15:45:00,15,12,3
62.61,65.28923929239343,-2.679239292393433,2.679239292393433,4.279251385391205,2025-12-11 16:00:00,16,12,3
64.34,66.3827647388765,-2.0427647388764996,2.0427647388764996,3.174952966858097,2025-12-11 16:15:00,16,12,3
64.75,66.19328361676476,-1.4432836167647594,1.4432836167647594,2.229009446740941,2025-12-11 16:30:00,16,12,3
64.99,66.63838888258121,-1.6483888825812159,1.6483888825812159,2.5363731075261056,2025-12-11 16:45:00,16,12,3
64.82,65.45575708944325,-0.6357570894432598,0.6357570894432598,0.9808039022574204,2025-12-11 17:00:00,17,12,3
64.8,68.04564115234534,-3.2456411523453426,3.2456411523453426,5.008705482014418,2025-12-11 17:15:00,17,12,3
62.2,67.13973737465734,-4.939737374657341,4.939737374657341,7.941699959256175,2025-12-11 17:30:00,17,12,3
61.04,64.64151512652856,-3.601515126528561,3.601515126528561,5.900254139135912,2025-12-11 17:45:00,17,12,3
62.12,64.19637934224627,-2.076379342246277,2.076379342246277,3.342529527118926,2025-12-11 18:00:00,18,12,3
61.04,65.54689400535949,-4.5068940053594915,4.5068940053594915,7.3835091830922215,2025-12-11 18:15:00,18,12,3
59.14,61.94662100268454,-2.806621002684537,2.806621002684537,4.74572371099854,2025-12-11 18:30:00,18,12,3
57.56,61.30770629931918,-3.7477062993191765,3.7477062993191765,6.510956044682377,2025-12-11 18:45:00,18,12,3
61.66,57.70166032364256,3.95833967635744,3.95833967635744,6.419623218224846,2025-12-11 19:00:00,19,12,3
59.64,59.974484740041504,-0.3344847400415034,0.3344847400415034,0.5608396043620111,2025-12-11 19:15:00,19,12,3
60.89,56.27200867024726,4.617991329752741,4.617991329752741,7.584153932916308,2025-12-11 19:30:00,19,12,3
57.48,57.713998841945894,-0.2339988419458976,0.2339988419458976,0.40709610637769245,2025-12-11 19:45:00,19,12,3
64.25,59.1127507140951,5.1372492859049,5.1372492859049,7.995718732925915,2025-12-11 20:00:00,20,12,3
60.46,61.12463583303647,-0.6646358330364706,0.6646358330364706,1.099298433735479,2025-12-11 20:15:00,20,12,3
56.9,58.867119002006895,-1.9671190020068963,1.9671190020068963,3.4571511458820674,2025-12-11 20:30:00,20,12,3
54.5,52.11732457044059,2.382675429559413,2.382675429559413,4.371881522127364,2025-12-11 20:45:00,20,12,3
55.0,59.29284556487745,-4.292845564877453,4.292845564877453,7.805173754322642,2025-12-11 21:00:00,21,12,3
52.27,51.65481541599382,0.6151845840061796,0.6151845840061796,1.1769362617298251,2025-12-11 21:15:00,21,12,3
48.2,48.486855585153684,-0.28685558515368115,0.28685558515368115,0.5951360687835707,2025-12-11 21:30:00,21,12,3
43.7,45.57071581205331,-1.8707158120533052,1.8707158120533052,4.280814215224955,2025-12-11 21:45:00,21,12,3
47.8,44.45366431894068,3.3463356810593154,3.3463356810593154,7.000702261630368,2025-12-11 22:00:00,22,12,3
42.52,46.158114045874406,-3.638114045874403,3.638114045874403,8.55624187646849,2025-12-11 22:15:00,22,12,3
38.69,38.60254298144312,0.08745701855687571,0.08745701855687571,0.22604553775362035,2025-12-11 22:30:00,22,12,3
37.21,34.848602106480726,2.3613978935192748,2.3613978935192748,6.346137848748387,2025-12-11 22:45:00,22,12,3
37.92,41.4731261501552,-3.553126150155201,3.553126150155201,9.370058412856542,2025-12-11 23:00:00,23,12,3
36.97,34.44488650201362,2.525113497986382,2.525113497986382,6.830169050544718,2025-12-11 23:15:00,23,12,3
35.93,33.77264393465977,2.157356065340231,2.157356065340231,6.00433082477103,2025-12-11 23:30:00,23,12,3
34.76,34.466893813526994,0.293106186473004,0.293106186473004,0.8432283845598505,2025-12-11 23:45:00,23,12,3
71.52,37.35652458256631,34.16347541743369,34.16347541743369,47.76772289909632,2025-12-12 00:00:00,0,12,4
42.11,70.58325849508617,-28.47325849508617,28.47325849508617,67.61638208284533,2025-12-12 00:15:00,0,12,4
41.33,35.701626788043555,5.628373211956443,5.628373211956443,13.61813020071726,2025-12-12 00:30:00,0,12,4
36.87,40.37025563833555,-3.5002556383355525,3.5002556383355525,9.493505935274078,2025-12-12 00:45:00,0,12,4
40.84,72.00022197823083,-31.160221978230823,31.160221978230823,76.29829083797948,2025-12-12 01:00:00,1,12,4
38.75,21.692163927143667,17.057836072856333,17.057836072856333,44.02022212350021,2025-12-12 01:15:00,1,12,4
36.6,40.12531442119218,-3.525314421192178,3.525314421192178,9.632006615279174,2025-12-12 01:30:00,1,12,4
35.03,34.93183418973315,0.09816581026684901,0.09816581026684901,0.2802335434394776,2025-12-12 01:45:00,1,12,4
37.12,41.3118390848888,-4.191839084888805,4.191839084888805,11.292669948515101,2025-12-12 02:00:00,2,12,4
36.37,38.67217691701643,-2.302176917016432,2.302176917016432,6.3298787930064115,2025-12-12 02:15:00,2,12,4
33.35,37.12270279068948,-3.772702790689479,3.772702790689479,11.312452145995438,2025-12-12 02:30:00,2,12,4
30.48,34.58200529085825,-4.102005290858248,4.102005290858248,13.45802260780265,2025-12-12 02:45:00,2,12,4
28.96,36.04421964927957,-7.084219649279568,7.084219649279568,24.4620844243079,2025-12-12 03:00:00,3,12,4
31.82,32.91228062657514,-1.092280626575139,1.092280626575139,3.4326858157609648,2025-12-12 03:15:00,3,12,4
31.31,33.61079240729044,-2.300792407290441,2.300792407290441,7.348426724019294,2025-12-12 03:30:00,3,12,4
31.19,32.142478184560815,-0.9524781845608139,0.9524781845608139,3.0537934740648085,2025-12-12 03:45:00,3,12,4
27.27,33.28984750789131,-6.01984750789131,6.01984750789131,22.074981693770848,2025-12-12 04:00:00,4,12,4
29.38,33.45816819126274,-4.078168191262744,4.078168191262744,13.880763074413697,2025-12-12 04:15:00,4,12,4
31.95,33.58734645999523,-1.637346459995232,1.637346459995232,5.12471505475816,2025-12-12 04:30:00,4,12,4
34.88,35.86247796956085,-0.982477969560847,0.982477969560847,2.816737298052887,2025-12-12 04:45:00,4,12,4
26.0,34.953484975769456,-8.953484975769456,8.953484975769456,34.43648067603637,2025-12-12 05:00:00,5,12,4
30.28,30.96982383376492,-0.689823833764919,0.689823833764919,2.2781500454587813,2025-12-12 05:15:00,5,12,4
35.59,37.500319970418744,-1.9103199704187404,1.9103199704187404,5.367575078445463,2025-12-12 05:30:00,5,12,4
43.21,42.479904286224745,0.7300957137752562,0.7300957137752562,1.6896452528934416,2025-12-12 05:45:00,5,12,4
23.01,38.45436990930161,-15.44436990930161,15.44436990930161,67.12025167015041,2025-12-12 06:00:00,6,12,4
32.1,28.674390244591333,3.4256097554086686,3.4256097554086686,10.67168148102389,2025-12-12 06:15:00,6,12,4
42.9,43.145139469006594,-0.24513946900659533,0.24513946900659533,0.5714206736750475,2025-12-12 06:30:00,6,12,4
56.99,54.92276918054788,2.0672308194521207,2.0672308194521207,3.6273571143220225,2025-12-12 06:45:00,6,12,4
45.0,41.736304340081375,3.263695659918625,3.263695659918625,7.252657022041388,2025-12-12 07:00:00,7,12,4
61.47,51.42170388698959,10.048296113010409,10.048296113010409,16.34666685051311,2025-12-12 07:15:00,7,12,4
81.61,72.48294640192603,9.12705359807397,9.12705359807397,11.183744146641308,2025-12-12 07:30:00,7,12,4
99.24,93.35105932509254,5.8889406749074595,5.8889406749074595,5.934039374151007,2025-12-12 07:45:00,7,12,4
59.45,78.6382841285963,-19.188284128596294,19.188284128596294,32.27633999763884,2025-12-12 08:00:00,8,12,4
67.64,62.40863540280712,5.231364597192879,5.231364597192879,7.734128617967001,2025-12-12 08:15:00,8,12,4
77.31,84.58601795809491,-7.276017958094911,7.276017958094911,9.41148358310039,2025-12-12 08:30:00,8,12,4
83.74,93.607740352816,-9.867740352816,9.867740352816,11.783783559608311,2025-12-12 08:45:00,8,12,4
75.01,48.38974731885986,26.620252681140144,26.620252681140144,35.48893838306911,2025-12-12 09:00:00,9,12,4
79.62,76.17350888331825,3.446491116681756,3.446491116681756,4.328675102589495,2025-12-12 09:15:00,9,12,4
98.52,85.07784633346989,13.442153666530103,13.442153666530103,13.644086141423168,2025-12-12 09:30:00,9,12,4
109.99,100.68416207407927,9.305837925920727,9.305837925920727,8.460621807364967,2025-12-12 09:45:00,9,12,4
62.48,95.78140275693818,-33.30140275693818,33.30140275693818,53.29930018716098,2025-12-12 10:00:00,10,12,4
75.05,59.80136891834276,15.248631081657237,15.248631081657237,20.317962800342755,2025-12-12 10:15:00,10,12,4
99.99,95.0599848132241,4.93001518677589,4.93001518677589,4.93050823759965,2025-12-12 10:30:00,10,12,4
108.25,112.6882834548853,-4.438283454885294,4.438283454885294,4.100030905205814,2025-12-12 10:45:00,10,12,4
85.66,63.33136743007382,22.328632569926178,22.328632569926178,26.066580165685476,2025-12-12 11:00:00,11,12,4
86.03,87.61817976167126,-1.588179761671256,1.588179761671256,1.846076672871389,2025-12-12 11:15:00,11,12,4
82.21,106.41732675845702,-24.20732675845703,24.20732675845703,29.445720421429307,2025-12-12 11:30:00,11,12,4
83.46,91.8942151209171,-8.434215120917102,8.434215120917102,10.10569748492344,2025-12-12 11:45:00,11,12,4
78.32,67.16014142884029,11.159858571159702,11.159858571159702,14.24905333396285,2025-12-12 12:00:00,12,12,4
82.11,79.17912080886597,2.930879191134025,2.930879191134025,3.5694546232298445,2025-12-12 12:15:00,12,12,4
75.07,79.89203563017298,-4.822035630172991,4.822035630172991,6.42338568026241,2025-12-12 12:30:00,12,12,4
72.53,76.61452849059555,-4.084528490595545,4.084528490595545,5.631502124080442,2025-12-12 12:45:00,12,12,4
113.0,70.370621215722,42.629378784278,42.629378784278,37.72511396838761,2025-12-12 13:00:00,13,12,4
115.17,116.17200396355958,-1.0020039635595737,1.0020039635595737,0.8700216754012101,2025-12-12 13:15:00,13,12,4
121.54,100.94581453484285,20.594185465157153,20.594185465157153,16.944368491983834,2025-12-12 13:30:00,13,12,4
130.57,109.34758205975538,21.22241794024461,21.22241794024461,16.25367078214338,2025-12-12 13:45:00,13,12,4
116.06,156.94703713998456,-40.88703713998456,40.88703713998456,35.22922379802219,2025-12-12 14:00:00,14,12,4
125.23,113.47925906933062,11.75074093066938,11.75074093066938,9.383327422078878,2025-12-12 14:15:00,14,12,4
143.22,129.3393901341881,13.880609865811891,13.880609865811891,9.691809709406431,2025-12-12 14:30:00,14,12,4
158.32,148.2273458187255,10.092654181274497,10.092654181274497,6.374844732992988,2025-12-12 14:45:00,14,12,4
125.29,138.96490253302002,-13.674902533020017,13.674902533020017,10.914600154058597,2025-12-12 15:00:00,15,12,4
132.19,124.41435334891355,7.775646651086447,7.775646651086447,5.882174635816966,2025-12-12 15:15:00,15,12,4
140.48,147.49585830025708,-7.015858300257094,7.015858300257094,4.994204370911941,2025-12-12 15:30:00,15,12,4
149.23,154.69161963013053,-5.461619630130542,5.461619630130542,3.659867071051761,2025-12-12 15:45:00,15,12,4
131.82,119.48034981867471,12.339650181325283,12.339650181325283,9.360984813628647,2025-12-12 16:00:00,16,12,4
146.0,132.58854240002066,13.411457599979343,13.411457599979343,9.18592986299955,2025-12-12 16:15:00,16,12,4
149.95,151.9790119026491,-2.0290119026491027,2.0290119026491027,1.3531256436472843,2025-12-12 16:30:00,16,12,4
146.43,154.99850225323678,-8.568502253236773,8.568502253236773,5.851602986571585,2025-12-12 16:45:00,16,12,4
159.67,128.46747603293076,31.202523967069226,31.202523967069226,19.54188261230615,2025-12-12 17:00:00,17,12,4
161.06,167.7717984798002,-6.711798479800194,6.711798479800194,4.16726591320017,2025-12-12 17:15:00,17,12,4
153.94,159.7482470195334,-5.808247019533411,5.808247019533411,3.773058996708725,2025-12-12 17:30:00,17,12,4
150.05,146.48807067960755,3.5619293203924656,3.5619293203924656,2.3738282708380307,2025-12-12 17:45:00,17,12,4
146.96,159.79603770835692,-12.836037708356912,12.836037708356912,8.734375141777974,2025-12-12 18:00:00,18,12,4
141.8,149.1349525164661,-7.334952516466075,7.334952516466075,5.172745075081857,2025-12-12 18:15:00,18,12,4
139.69,137.1867843443464,2.503215655653605,2.503215655653605,1.7919791364117725,2025-12-12 18:30:00,18,12,4
139.87,137.731687989271,2.1383120107290097,2.1383120107290097,1.5287853083070062,2025-12-12 18:45:00,18,12,4
140.71,134.15016360328227,6.559836396717742,6.559836396717742,4.661954656184878,2025-12-12 19:00:00,19,12,4
135.76,132.2518412404439,3.508158759556096,3.508158759556096,2.5840886561255867,2025-12-12 19:15:00,19,12,4
135.01,129.06526349236927,5.944736507630722,5.944736507630722,4.403182362514423,2025-12-12 19:30:00,19,12,4
126.38,131.04972202893669,-4.66972202893669,4.66972202893669,3.6949849888722026,2025-12-12 19:45:00,19,12,4
99.99,123.45704637428685,-23.467046374286852,23.467046374286852,23.469393313618212,2025-12-12 20:00:00,20,12,4
81.64,95.14696832205763,-13.50696832205763,13.50696832205763,16.544547185273924,2025-12-12 20:15:00,20,12,4
71.2,86.002216734736,-14.802216734735993,14.802216734735993,20.78963024541572,2025-12-12 20:30:00,20,12,4
67.17,72.25975106684855,-5.0897510668485495,5.0897510668485495,7.577417101159073,2025-12-12 20:45:00,20,12,4
79.25,52.114418118840156,27.135581881159844,27.135581881159844,34.240481868971415,2025-12-12 21:00:00,21,12,4
105.65,66.66376945581897,38.98623054418104,38.98623054418104,36.90130671479511,2025-12-12 21:15:00,21,12,4
106.36,92.97674422182357,13.383255778176434,13.383255778176434,12.582978354810487,2025-12-12 21:30:00,21,12,4
97.47,92.46008249446581,5.00991750553419,5.00991750553419,5.139958454431302,2025-12-12 21:45:00,21,12,4
114.89,98.31911258011345,16.570887419886546,16.570887419886546,14.423263486714724,2025-12-12 22:00:00,22,12,4
79.68,132.15975465362627,-52.47975465362626,52.47975465362626,65.86314590063536,2025-12-12 22:15:00,22,12,4
65.98,76.75178717773855,-10.771787177738545,10.771787177738545,16.32583688653917,2025-12-12 22:30:00,22,12,4
59.45,61.9006345692141,-2.4506345692140954,2.4506345692140954,4.122177576474508,2025-12-12 22:45:00,22,12,4
100.0,81.4987619422977,18.501238057702295,18.501238057702295,18.501238057702295,2025-12-12 23:00:00,23,12,4
79.29,74.82736500840392,4.46263499159609,4.46263499159609,5.6282444086216294,2025-12-12 23:15:00,23,12,4
71.08,60.91395926235327,10.166040737646725,10.166040737646725,14.302252022575585,2025-12-12 23:30:00,23,12,4
61.26,61.27629442117919,-0.016294421179189555,0.016294421179189555,0.02659879395884681,2025-12-12 23:45:00,23,12,4
89.94,95.4427323572501,-5.502732357250096,5.502732357250096,6.118225880865128,2025-12-13 00:00:00,0,12,5
79.41,74.7017443623331,4.708255637666895,4.708255637666895,5.929046263275273,2025-12-13 00:15:00,0,12,5
75.2,66.94029997257158,8.259700027428423,8.259700027428423,10.983643653495243,2025-12-13 00:30:00,0,12,5
71.19,61.91887681541851,9.27112318458149,9.27112318458149,13.023069510579422,2025-12-13 00:45:00,0,12,5
89.94,93.7108700384111,-3.770870038411104,3.770870038411104,4.19265069870036,2025-12-13 01:00:00,1,12,5
73.24,80.85481150984313,-7.614811509843136,7.614811509843136,10.397066507158844,2025-12-13 01:15:00,1,12,5
67.43,65.43913244077879,1.9908675592212148,1.9908675592212148,2.952495268013072,2025-12-13 01:30:00,1,12,5
61.41,62.60602378984584,-1.196023789845846,1.196023789845846,1.9476042824390911,2025-12-13 01:45:00,1,12,5
61.91,79.27183242987113,-17.36183242987113,17.36183242987113,28.043664076677643,2025-12-13 02:00:00,2,12,5
60.62,51.29472132955043,9.32527867044957,9.32527867044957,15.383171676756138,2025-12-13 02:15:00,2,12,5
52.09,56.98419161463082,-4.894191614630813,4.894191614630813,9.3956452574982,2025-12-13 02:30:00,2,12,5
50.0,47.92373666193259,2.076263338067413,2.076263338067413,4.152526676134826,2025-12-13 02:45:00,2,12,5
52.63,53.24016984507619,-0.6101698450761859,0.6101698450761859,1.159357486369344,2025-12-13 03:00:00,3,12,5
61.4,54.53128797717776,6.868712022822237,6.868712022822237,11.186827398733284,2025-12-13 03:15:00,3,12,5
50.01,55.22091839738268,-5.2109183973826845,5.2109183973826845,10.41975284419653,2025-12-13 03:30:00,3,12,5
50.01,47.25018529551755,2.7598147044824515,2.7598147044824515,5.518525703824138,2025-12-13 03:45:00,3,12,5
43.93,54.17235727629745,-10.242357276297447,10.242357276297447,23.315177045976434,2025-12-13 04:00:00,4,12,5
49.99,54.73618257559395,-4.746182575593949,4.746182575593949,9.494264003988695,2025-12-13 04:15:00,4,12,5
48.29,44.38731865334212,3.9026813466578787,3.9026813466578787,8.08175884584361,2025-12-13 04:30:00,4,12,5
50.0,50.08857526300629,-0.08857526300629104,0.08857526300629104,0.17715052601258208,2025-12-13 04:45:00,4,12,5
66.58,47.03150931087666,19.54849068912334,19.54849068912334,29.36090521045861,2025-12-13 05:00:00,5,12,5
70.0,72.43767515523467,-2.437675155234672,2.437675155234672,3.4823930789066737,2025-12-13 05:15:00,5,12,5
70.0,66.34601500419066,3.6539849958093384,3.6539849958093384,5.219978565441912,2025-12-13 05:30:00,5,12,5
71.19,68.53840364683117,2.651596353168827,2.651596353168827,3.724675309971663,2025-12-13 05:45:00,5,12,5
71.19,84.59685321141018,-13.40685321141018,13.40685321141018,18.832495029372357,2025-12-13 06:00:00,6,12,5
69.99,75.22854712342729,-5.238547123427296,5.238547123427296,7.484707991752101,2025-12-13 06:15:00,6,12,5
69.99,71.53573174382227,-1.545731743822273,1.545731743822273,2.2085037059898176,2025-12-13 06:30:00,6,12,5
64.42,72.84784924325106,-8.42784924325106,8.42784924325106,13.082659489678763,2025-12-13 06:45:00,6,12,5
81.05,67.28842729464537,13.761572705354624,13.761572705354624,16.979114997353022,2025-12-13 07:00:00,7,12,5
80.66,82.76650284149805,-2.106502841498056,2.106502841498056,2.611582992187027,2025-12-13 07:15:00,7,12,5
75.09,80.00532973650081,-4.915329736500809,4.915329736500809,6.545917880544424,2025-12-13 07:30:00,7,12,5
71.2,69.55536218383023,1.6446378161697766,1.6446378161697766,2.309884573272158,2025-12-13 07:45:00,7,12,5
98.73,87.23929756216458,11.490702437835424,11.490702437835424,11.638511534321303,2025-12-13 08:00:00,8,12,5
99.91,101.06069228324702,-1.1506922832470252,1.1506922832470252,1.1517288392023073,2025-12-13 08:15:00,8,12,5
99.99,91.86521471803127,8.124785281968727,8.124785281968727,8.125597841752901,2025-12-13 08:30:00,8,12,5
100.35,92.20483168074051,8.145168319259483,8.145168319259483,8.116759660447915,2025-12-13 08:45:00,8,12,5
110.0,121.5117854546736,-11.5117854546736,11.5117854546736,10.465259504248726,2025-12-13 09:00:00,9,12,5
103.78,111.10964104278779,-7.3296410427877845,7.3296410427877845,7.062672039687594,2025-12-13 09:15:00,9,12,5
98.72,102.53364275387315,-3.813642753873154,3.813642753873154,3.863090309839094,2025-12-13 09:30:00,9,12,5
79.96,99.2200034102597,-19.2600034102597,19.2600034102597,24.087047786717985,2025-12-13 09:45:00,9,12,5
107.62,91.69402200025499,15.925977999745015,15.925977999745015,14.798344173708433,2025-12-13 10:00:00,10,12,5
77.13,108.22259177453364,-31.092591774533645,31.092591774533645,40.31193021461642,2025-12-13 10:15:00,10,12,5
76.89,74.01386131409375,2.8761386859062554,2.8761386859062554,3.7405887448384125,2025-12-13 10:30:00,10,12,5
68.12,65.83761977266903,2.2823802273309752,2.2823802273309752,3.350528812875771,2025-12-13 10:45:00,10,12,5
78.89,97.61373910233011,-18.723739102330114,18.723739102330114,23.733982890518586,2025-12-13 11:00:00,11,12,5
77.38,60.244183893660356,17.13581610633964,17.13581610633964,22.145019522279195,2025-12-13 11:15:00,11,12,5
77.12,79.18642695888971,-2.066426958889707,2.066426958889707,2.679495537979392,2025-12-13 11:30:00,11,12,5
76.32,71.18334841958358,5.136651580416412,5.136651580416412,6.730413496352742,2025-12-13 11:45:00,11,12,5
103.48,86.97739137638716,16.502608623612844,16.502608623612844,15.947631062633208,2025-12-13 12:00:00,12,12,5
102.47,103.16939606676824,-0.6993960667682444,0.6993960667682444,0.6825373931572601,2025-12-13 12:15:00,12,12,5
102.49,97.85112512242989,4.638874877570103,4.638874877570103,4.5261731657431,2025-12-13 12:30:00,12,12,5
103.49,97.52552048211172,5.964479517888279,5.964479517888279,5.763338987233819,2025-12-13 12:45:00,12,12,5
103.47,124.12645010321185,-20.656450103211853,20.656450103211853,19.963709387466757,2025-12-13 13:00:00,13,12,5
105.91,102.73983851180742,3.1701614881925764,3.1701614881925764,2.9932598321146036,2025-12-13 13:15:00,13,12,5
107.2,105.75443869710875,1.4455613028912495,1.4455613028912495,1.3484713646373596,2025-12-13 13:30:00,13,12,5
93.58,107.36330424065176,-13.78330424065176,13.78330424065176,14.7288995946268,2025-12-13 13:45:00,13,12,5
102.44,93.27900530535342,9.160994694646575,9.160994694646575,8.942790603911144,2025-12-13 14:00:00,14,12,5
107.15,106.48575478480046,0.6642452151995428,0.6642452151995428,0.6199208727947203,2025-12-13 14:15:00,14,12,5
81.0,108.48136804736453,-27.481368047364526,27.481368047364526,33.92761487328954,2025-12-13 14:30:00,14,12,5
75.0,69.2079516740711,5.792048325928903,5.792048325928903,7.722731101238538,2025-12-13 14:45:00,14,12,5
75.0,86.83312945004343,-11.83312945004343,11.83312945004343,15.77750593339124,2025-12-13 15:00:00,15,12,5
72.5,85.76220693004319,-13.262206930043192,13.262206930043192,18.29269921385268,2025-12-13 15:15:00,15,12,5
72.23,55.330947039642844,16.89905296035716,16.89905296035716,23.396169126896247,2025-12-13 15:30:00,15,12,5
72.28,69.30569684415836,2.974303155841639,2.974303155841639,4.1149739289452665,2025-12-13 15:45:00,15,12,5
54.6,73.51609923919608,-18.91609923919608,18.91609923919608,34.644870401458014,2025-12-13 16:00:00,16,12,5
52.09,54.47882421420136,-2.3888242142013567,2.3888242142013567,4.585955488964017,2025-12-13 16:15:00,16,12,5
50.0,57.09033506925015,-7.090335069250152,7.090335069250152,14.180670138500304,2025-12-13 16:30:00,16,12,5
50.0,55.8274063425388,-5.827406342538801,5.827406342538801,11.654812685077601,2025-12-13 16:45:00,16,12,5
49.99,39.13843566832957,10.851564331670431,10.851564331670431,21.707470157372335,2025-12-13 17:00:00,17,12,5
49.99,49.85025714666335,0.13974285333664938,0.13974285333664938,0.27954161499629804,2025-12-13 17:15:00,17,12,5
42.63,49.73802975176965,-7.108029751769649,7.108029751769649,16.673773755030844,2025-12-13 17:30:00,17,12,5
40.64,44.332339825645796,-3.6923398256457958,3.6923398256457958,9.085481854443394,2025-12-13 17:45:00,17,12,5
44.94,43.53414541083323,1.4058545891667649,1.4058545891667649,3.1282923657471406,2025-12-13 18:00:00,18,12,5
42.86,47.91116229887769,-5.051162298877692,5.051162298877692,11.785259680069277,2025-12-13 18:15:00,18,12,5
39.57,38.181924570669274,1.3880754293307263,1.3880754293307263,3.5078984820084056,2025-12-13 18:30:00,18,12,5
39.4,39.05198436325664,0.3480156367433551,0.3480156367433551,0.883288418130343,2025-12-13 18:45:00,18,12,5
48.84,44.773112207955464,4.06688779204454,4.06688779204454,8.326961081172275,2025-12-13 19:00:00,19,12,5
42.39,48.46193954556334,-6.071939545563339,6.071939545563339,14.32399043539358,2025-12-13 19:15:00,19,12,5
36.58,39.0157407329216,-2.4357407329216016,2.4357407329216016,6.658667941283766,2025-12-13 19:30:00,19,12,5
32.64,37.08560123030885,-4.445601230308853,4.445601230308853,13.62010180854428,2025-12-13 19:45:00,19,12,5
49.0,43.45470555885805,5.545294441141948,5.545294441141948,11.316927430901934,2025-12-13 20:00:00,20,12,5
43.25,46.48840814880432,-3.238408148804318,3.238408148804318,7.48764889896952,2025-12-13 20:15:00,20,12,5
35.42,37.32248886108859,-1.9024888610885853,1.9024888610885853,5.371227727522827,2025-12-13 20:30:00,20,12,5
31.95,31.70896867865479,0.24103132134520777,0.24103132134520777,0.7544016317533889,2025-12-13 20:45:00,20,12,5
38.89,48.169537109340475,-9.279537109340474,9.279537109340474,23.86098511015807,2025-12-13 21:00:00,21,12,5
41.42,37.62522403310916,3.794775966890839,3.794775966890839,9.161699582063832,2025-12-13 21:15:00,21,12,5
35.98,35.55149833994306,0.4285016600569378,0.4285016600569378,1.1909440246162808,2025-12-13 21:30:00,21,12,5
33.71,32.531297582127664,1.178702417872337,1.178702417872337,3.4965957219588755,2025-12-13 21:45:00,21,12,5
40.0,40.56884023552194,-0.5688402355219395,0.5688402355219395,1.4221005888048488,2025-12-13 22:00:00,22,12,5
36.61,44.209698910966395,-7.599698910966396,7.599698910966396,20.758532944458878,2025-12-13 22:15:00,22,12,5
32.8,32.87446072341401,-0.07446072341401333,0.07446072341401333,0.2270144006524797,2025-12-13 22:30:00,22,12,5
28.33,31.873812844488377,-3.5438128444883787,3.5438128444883787,12.509046397770488,2025-12-13 22:45:00,22,12,5
33.76,36.08810405614149,-2.328104056141491,2.328104056141491,6.896042820324324,2025-12-13 23:00:00,23,12,5
31.92,34.2098705299552,-2.289870529955195,2.289870529955195,7.173779855749357,2025-12-13 23:15:00,23,12,5
30.13,30.394397866532827,-0.2643978665328284,0.2643978665328284,0.8775236194252519,2025-12-13 23:30:00,23,12,5
30.0,27.72158898096647,2.2784110190335305,2.2784110190335305,7.594703396778435,2025-12-13 23:45:00,23,12,5
31.01,33.85586702630791,-2.8458670263079107,2.8458670263079107,9.177255808796874,2025-12-14 00:00:00,0,12,6
30.45,29.044890343169705,1.4051096568302945,1.4051096568302945,4.6144816316265835,2025-12-14 00:15:00,0,12,6
29.91,27.998314514699437,1.9116854853005627,1.9116854853005627,6.391459328988843,2025-12-14 00:30:00,0,12,6
29.99,28.780588329815053,1.209411670184945,1.209411670184945,4.032716472774076,2025-12-14 00:45:00,0,12,6
31.54,30.40505639754635,1.1349436024536494,1.1349436024536494,3.5984261333343355,2025-12-14 01:00:00,1,12,6
30.67,30.594319518669522,0.07568048133047967,0.07568048133047967,0.24675735679973806,2025-12-14 01:15:00,1,12,6
29.91,29.38593161411407,0.5240683858859292,0.5240683858859292,1.752151072838279,2025-12-14 01:30:00,1,12,6
29.3,29.30351145802034,-0.003511458020337699,0.003511458020337699,0.011984498362927299,2025-12-14 01:45:00,1,12,6
29.66,30.831517571922994,-1.171517571922994,1.171517571922994,3.949823236422771,2025-12-14 02:00:00,2,12,6
29.06,29.295683035558095,-0.23568303555809678,0.23568303555809678,0.8110221457608285,2025-12-14 02:15:00,2,12,6
28.14,28.605788650842413,-0.4657886508424127,0.4657886508424127,1.6552546227519997,2025-12-14 02:30:00,2,12,6
25.99,27.83761114460886,-1.8476111446088623,1.8476111446088623,7.108930914231867,2025-12-14 02:45:00,2,12,6
28.19,27.379302796060422,0.8106972039395792,0.8106972039395792,2.875832578714364,2025-12-14 03:00:00,3,12,6
27.11,28.958530293776946,-1.848530293776946,1.848530293776946,6.8186288962631725,2025-12-14 03:15:00,3,12,6
25.99,27.140065432522547,-1.150065432522549,1.150065432522549,4.425030521441128,2025-12-14 03:30:00,3,12,6
22.6,24.95845429502912,-2.3584542950291194,2.3584542950291194,10.435638473580173,2025-12-14 03:45:00,3,12,6
25.73,26.300372300347984,-0.5703723003479837,0.5703723003479837,2.216759814799781,2025-12-14 04:00:00,4,12,6
24.65,27.184957277351888,-2.5349572773518894,2.5349572773518894,10.283802342198335,2025-12-14 04:15:00,4,12,6
23.48,25.33174893359797,-1.851748933597971,1.851748933597971,7.886494606464954,2025-12-14 04:30:00,4,12,6
22.44,22.074944092841186,0.36505590715881553,0.36505590715881553,1.6268088554314417,2025-12-14 04:45:00,4,12,6
23.86,27.287792015225648,-3.4277920152256485,3.4277920152256485,14.366269971607915,2025-12-14 05:00:00,5,12,6
22.99,25.423428078514444,-2.4334280785144458,2.4334280785144458,10.584724134469099,2025-12-14 05:15:00,5,12,6
21.99,24.023059279901155,-2.033059279901156,2.033059279901156,9.245380990910215,2025-12-14 05:30:00,5,12,6
20.84,23.11849915893541,-2.2784991589354107,2.2784991589354107,10.933297307751491,2025-12-14 05:45:00,5,12,6
24.46,24.849015612520624,-0.3890156125206232,0.3890156125206232,1.590415423224134,2025-12-14 06:00:00,6,12,6
24.48,26.56444289777182,-2.084442897771819,2.084442897771819,8.514881118348933,2025-12-14 06:15:00,6,12,6
21.78,25.609710344902656,-3.8297103449026544,3.8297103449026544,17.583610399002087,2025-12-14 06:30:00,6,12,6
22.26,22.756682444889243,-0.49668244488924174,0.49668244488924174,2.2312778296911127,2025-12-14 06:45:00,6,12,6
23.77,28.305045940835207,-4.535045940835207,4.535045940835207,19.078863865524642,2025-12-14 07:00:00,7,12,6
24.01,26.930384960088148,-2.920384960088146,2.920384960088146,12.16320266592314,2025-12-14 07:15:00,7,12,6
24.14,24.335649756035217,-0.19564975603521617,0.19564975603521617,0.8104795196156428,2025-12-14 07:30:00,7,12,6
24.47,26.88407962829624,-2.4140796282962427,2.4140796282962427,9.865466400883706,2025-12-14 07:45:00,7,12,6
24.91,28.38661375309962,-3.4766137530996204,3.4766137530996204,13.95669912926383,2025-12-14 08:00:00,8,12,6
24.95,27.801733553773545,-2.8517335537735455,2.8517335537735455,11.429793802699582,2025-12-14 08:15:00,8,12,6
26.0,27.66625593111408,-1.6662559311140797,1.6662559311140797,6.408676658131076,2025-12-14 08:30:00,8,12,6
26.03,28.814656743557855,-2.7846567435578535,2.7846567435578535,10.697874543057447,2025-12-14 08:45:00,8,12,6
25.99,28.95620335811776,-2.966203358117763,2.966203358117763,11.412864017382699,2025-12-14 09:00:00,9,12,6
26.61,28.613174854316036,-2.003174854316036,2.003174854316036,7.527902496490177,2025-12-14 09:15:00,9,12,6
26.72,30.144739110023437,-3.424739110023438,3.424739110023438,12.817137387812268,2025-12-14 09:30:00,9,12,6
27.09,29.43091642234871,-2.340916422348709,2.340916422348709,8.641256634731299,2025-12-14 09:45:00,9,12,6
26.63,29.633549530560238,-3.003549530560239,3.003549530560239,11.278819115885238,2025-12-14 10:00:00,10,12,6
26.62,29.84540102481113,-3.2254010248111307,3.2254010248111307,12.116457643918597,2025-12-14 10:15:00,10,12,6
26.47,29.54182444133632,-3.0718244413363216,3.0718244413363216,11.60492799900386,2025-12-14 10:30:00,10,12,6
27.56,29.68150608713391,-2.1215060871339126,2.1215060871339126,7.697772449687637,2025-12-14 10:45:00,10,12,6
26.1,29.912920784574318,-3.8129207845743167,3.8129207845743167,14.608891894920752,2025-12-14 11:00:00,11,12,6
26.55,28.66821449150164,-2.1182144915016394,2.1182144915016394,7.978209007539132,2025-12-14 11:15:00,11,12,6
27.08,29.21928669358046,-2.1392866935804626,2.1392866935804626,7.899877007313378,2025-12-14 11:30:00,11,12,6
27.08,30.747232838836226,-3.6672328388362274,3.6672328388362274,13.542218754934371,2025-12-14 11:45:00,11,12,6
27.51,28.144674393585856,-0.6346743935858541,0.6346743935858541,2.307067951966027,2025-12-14 12:00:00,12,12,6
26.82,30.04120931466195,-3.221209314661948,3.221209314661948,12.01047470045469,2025-12-14 12:15:00,12,12,6
27.45,29.450539838419623,-2.0005398384196234,2.0005398384196234,7.287941123568756,2025-12-14 12:30:00,12,12,6
28.27,29.748836710232496,-1.4788367102324962,1.4788367102324962,5.23111676771311,2025-12-14 12:45:00,12,12,6
25.82,30.50868610074121,-4.688686100741208,4.688686100741208,18.15912509969484,2025-12-14 13:00:00,13,12,6
27.74,27.06293959394697,0.6770604060530268,0.6770604060530268,2.4407368639258356,2025-12-14 13:15:00,13,12,6
28.27,30.40283509146739,-2.132835091467392,2.132835091467392,7.544517479545072,2025-12-14 13:30:00,13,12,6
29.07,30.897759479145606,-1.8277594791456053,1.8277594791456053,6.287442308722413,2025-12-14 13:45:00,13,12,6
27.89,28.226709263062915,-0.3367092630629145,0.3367092630629145,1.207275952179686,2025-12-14 14:00:00,14,12,6
28.78,30.578131127680052,-1.7981311276800511,1.7981311276800511,6.247849644475507,2025-12-14 14:15:00,14,12,6
29.51,30.842019043109442,-1.3320190431094403,1.3320190431094403,4.513788692339682,2025-12-14 14:30:00,14,12,6
29.85,31.744380154604425,-1.8943801546044234,1.8943801546044234,6.346332176229224,2025-12-14 14:45:00,14,12,6
28.85,29.782807569197217,-0.932807569197216,0.932807569197216,3.2333017996437294,2025-12-14 15:00:00,15,12,6
29.67,30.509082955049482,-0.8390829550494807,0.8390829550494807,2.828051752778836,2025-12-14 15:15:00,15,12,6
30.08,31.509386426449254,-1.4293864264492555,1.4293864264492555,4.751949556014813,2025-12-14 15:30:00,15,12,6
30.36,31.51897453058431,-1.1589745305843095,1.1589745305843095,3.817439165297462,2025-12-14 15:45:00,15,12,6
29.4,30.171897745300228,-0.7718977453002296,0.7718977453002296,2.6255025350347947,2025-12-14 16:00:00,16,12,6
29.74,30.746785277089018,-1.006785277089019,1.006785277089019,3.385290104536043,2025-12-14 16:15:00,16,12,6
30.05,31.040472208915315,-0.990472208915314,0.990472208915314,3.2960805621141898,2025-12-14 16:30:00,16,12,6
31.62,31.244684456593472,0.3753155434065292,0.3753155434065292,1.1869561777562592,2025-12-14 16:45:00,16,12,6
28.48,31.128145977537727,-2.6481459775377267,2.6481459775377267,9.298265370567862,2025-12-14 17:00:00,17,12,6
30.56,28.93034125840989,1.6296587415901094,1.6296587415901094,5.3326529502294155,2025-12-14 17:15:00,17,12,6
31.74,31.543736925717027,0.19626307428297096,0.19626307428297096,0.6183461697636137,2025-12-14 17:30:00,17,12,6
31.79,33.512420910287005,-1.7224209102870063,1.7224209102870063,5.418121768754345,2025-12-14 17:45:00,17,12,6
30.86,28.854341483835633,2.0056585161643667,2.0056585161643667,6.499217485950639,2025-12-14 18:00:00,18,12,6
30.91,32.2646792666762,-1.3546792666761966,1.3546792666761966,4.382656961100604,2025-12-14 18:15:00,18,12,6
30.53,32.06012012521487,-1.5301201252148715,1.5301201252148715,5.011857599786674,2025-12-14 18:30:00,18,12,6
30.47,30.86231619831609,-0.39231619831609166,0.39231619831609166,1.287549059127311,2025-12-14 18:45:00,18,12,6
30.27,29.687416829645812,0.5825831703541873,0.5825831703541873,1.9246223004763374,2025-12-14 19:00:00,19,12,6
30.11,30.266455894516625,-0.15645589451662545,0.15645589451662545,0.519614395604867,2025-12-14 19:15:00,19,12,6
29.96,29.76560994231227,0.19439005768773043,0.19439005768773043,0.6488319682501016,2025-12-14 19:30:00,19,12,6
29.67,29.903004337977265,-0.23300433797726328,0.23300433797726328,0.7853196426601391,2025-12-14 19:45:00,19,12,6
29.44,29.336142775126362,0.10385722487363935,0.10385722487363935,0.3527758997066554,2025-12-14 20:00:00,20,12,6
29.17,29.183609471844388,-0.013609471844386434,0.013609471844386434,0.04665571424198297,2025-12-14 20:15:00,20,12,6
28.66,28.99031783453847,-0.3303178345384694,0.3303178345384694,1.1525395482849596,2025-12-14 20:30:00,20,12,6
28.19,28.44994127710015,-0.25994127710015036,0.25994127710015036,0.9221045658040097,2025-12-14 20:45:00,20,12,6
29.23,28.05427361472131,1.17572638527869,1.17572638527869,4.022327695103284,2025-12-14 21:00:00,21,12,6
29.07,29.047175312254204,0.022824687745796268,0.022824687745796268,0.07851629771515745,2025-12-14 21:15:00,21,12,6
28.73,28.44551019221995,0.2844898077800515,0.2844898077800515,0.9902186139229082,2025-12-14 21:30:00,21,12,6
28.74,28.109007910331762,0.6309920896682364,0.6309920896682364,2.195518753194977,2025-12-14 21:45:00,21,12,6
29.14,29.630529383766238,-0.490529383766237,0.490529383766237,1.6833540966583287,2025-12-14 22:00:00,22,12,6
28.67,29.07079973873403,-0.40079973873402963,0.40079973873402963,1.3979760681340412,2025-12-14 22:15:00,22,12,6
27.28,28.355955473389553,-1.075955473389552,1.075955473389552,3.9441183042139,2025-12-14 22:30:00,22,12,6
23.79,27.41926162560447,-3.629261625604471,3.629261625604471,15.255408262313876,2025-12-14 22:45:00,22,12,6
28.22,25.037607357992957,3.1823926420070414,3.1823926420070414,11.277082360053301,2025-12-14 23:00:00,23,12,6
26.68,29.09849144157051,-2.4184914415705094,2.4184914415705094,9.06481050063909,2025-12-14 23:15:00,23,12,6
23.72,25.846243701705447,-2.126243701705448,2.126243701705448,8.963927916127522,2025-12-14 23:30:00,23,12,6
22.11,21.077023096824885,1.0329769031751148,1.0329769031751148,4.671989611827747,2025-12-14 23:45:00,23,12,6
23.02,27.943254249847367,-4.923254249847368,4.923254249847368,21.386855994124097,2025-12-15 00:00:00,0,12,0
22.13,24.345200605242262,-2.215200605242263,2.215200605242263,10.00994399115347,2025-12-15 00:15:00,0,12,0
21.44,21.67600097712949,-0.2360009771294891,0.2360009771294891,1.1007508261636618,2025-12-15 00:30:00,0,12,0
20.66,21.83101696789953,-1.1710169678995292,1.1710169678995292,5.668039534847673,2025-12-15 00:45:00,0,12,0
23.28,23.602667998754498,-0.3226679987544969,0.3226679987544969,1.3860309224849523,2025-12-15 01:00:00,1,12,0
22.19,24.683441768144775,-2.4934417681447734,2.4934417681447734,11.236781289521286,2025-12-15 01:15:00,1,12,0
21.02,23.166555782160273,-2.1465557821602737,2.1465557821602737,10.211968516461816,2025-12-15 01:30:00,1,12,0
20.01,22.050602521481657,-2.040602521481656,2.040602521481656,10.197913650582988,2025-12-15 01:45:00,1,12,0
21.03,24.76340192602074,-3.73340192602074,3.73340192602074,17.75274334769729,2025-12-15 02:00:00,2,12,0
19.97,22.91598980318547,-2.9459898031854728,2.9459898031854728,14.752077131624802,2025-12-15 02:15:00,2,12,0
18.51,21.42796637222614,-2.9179663722261395,2.9179663722261395,15.764269974209288,2025-12-15 02:30:00,2,12,0
17.84,20.184464755567895,-2.344464755567895,2.344464755567895,13.141618585021833,2025-12-15 02:45:00,2,12,0
18.29,21.957453385304667,-3.6674533853046682,3.6674533853046682,20.051686086958277,2025-12-15 03:00:00,3,12,0
17.45,20.744192859989003,-3.2941928599890034,3.2941928599890034,18.877896045782254,2025-12-15 03:15:00,3,12,0
18.72,19.290588435496733,-0.5705884354967345,0.5705884354967345,3.048015146884266,2025-12-15 03:30:00,3,12,0
14.94,21.09848218601209,-6.158482186012092,6.158482186012092,41.22143364131253,2025-12-15 03:45:00,3,12,0
15.35,18.66612115021175,-3.3161211502117514,3.3161211502117514,21.603395115386004,2025-12-15 04:00:00,4,12,0
14.8,18.655043652122533,-3.855043652122532,3.855043652122532,26.04759224407116,2025-12-15 04:15:00,4,12,0
15.29,19.89344791554818,-4.6034479155481804,4.6034479155481804,30.107573025167955,2025-12-15 04:30:00,4,12,0
16.36,16.00682237419357,0.3531776258064312,0.3531776258064312,2.158787443804592,2025-12-15 04:45:00,4,12,0
13.71,20.448185505148313,-6.738185505148312,6.738185505148312,49.14796137963758,2025-12-15 05:00:00,5,12,0
17.38,17.038347851840847,0.34165214815915235,0.34165214815915235,1.96577760735991,2025-12-15 05:15:00,5,12,0
19.24,21.887994561854022,-2.6479945618540235,2.6479945618540235,13.762965498201787,2025-12-15 05:30:00,5,12,0
21.92,23.631890751419554,-1.7118907514195527,1.7118907514195527,7.809720581293579,2025-12-15 05:45:00,5,12,0
19.21,22.79932058353213,-3.5893205835321282,3.5893205835321282,18.684646452535805,2025-12-15 06:00:00,6,12,0
22.12,25.22040534843721,-3.10040534843721,3.10040534843721,14.016299043567857,2025-12-15 06:15:00,6,12,0
24.82,27.532698488013022,-2.7126984880130216,2.7126984880130216,10.92948625307422,2025-12-15 06:30:00,6,12,0
24.16,30.716727653166778,-6.556727653166778,6.556727653166778,27.138773398869116,2025-12-15 06:45:00,6,12,0
18.83,25.312703676728837,-6.482703676728839,6.482703676728839,34.42752881959022,2025-12-15 07:00:00,7,12,0
19.04,25.2848113351521,-6.2448113351521,6.2448113351521,32.798378861092964,2025-12-15 07:15:00,7,12,0
19.34,26.8673044871081,-7.5273044871081005,7.5273044871081005,38.92091254967994,2025-12-15 07:30:00,7,12,0
18.99,24.492389093778073,-5.502389093778074,5.502389093778074,28.975192700253157,2025-12-15 07:45:00,7,12,0
19.26,13.972944943125388,5.287055056874614,5.287055056874614,27.450960835278366,2025-12-15 08:00:00,8,12,0
18.98,18.449440014987154,0.5305599850128466,0.5305599850128466,2.7953634616061462,2025-12-15 08:15:00,8,12,0
18.28,18.25695272784491,0.023047272155089615,0.023047272155089615,0.1260791693385646,2025-12-15 08:30:00,8,12,0
17.86,17.103297285588027,0.756702714411972,0.756702714411972,4.236857303538477,2025-12-15 08:45:00,8,12,0
18.31,18.352533923321392,-0.042533923321393274,0.042533923321393274,0.23229887122552306,2025-12-15 09:00:00,9,12,0
16.83,18.382241968182218,-1.5522419681822193,1.5522419681822193,9.223065764600234,2025-12-15 09:15:00,9,12,0
15.22,16.46569257841161,-1.2456925784116084,1.2456925784116084,8.184576730693879,2025-12-15 09:30:00,9,12,0
13.94,15.357281064377933,-1.4172810643779332,1.4172810643779332,10.167009070142994,2025-12-15 09:45:00,9,12,0
14.71,16.08118462615618,-1.3711846261561789,1.3711846261561789,9.321445453135139,2025-12-15 10:00:00,10,12,0
13.67,15.303167826614278,-1.6331678266142777,1.6331678266142777,11.947094561918638,2025-12-15 10:15:00,10,12,0
13.13,13.765606803368282,-0.6356068033682813,0.6356068033682813,4.840874359240528,2025-12-15 10:30:00,10,12,0
14.08,13.411095401479777,0.6689045985202231,0.6689045985202231,4.750742887217493,2025-12-15 10:45:00,10,12,0
12.59,16.88615874029587,-4.296158740295869,4.296158740295869,34.123580145320645,2025-12-15 11:00:00,11,12,0
12.52,13.762437311119982,-1.242437311119982,1.242437311119982,9.923620695846502,2025-12-15 11:15:00,11,12,0
12.07,14.232085826335037,-2.162085826335037,2.162085826335037,17.912890027630795,2025-12-15 11:30:00,11,12,0
11.9,15.08631921977944,-3.18631921977944,3.18631921977944,26.775791762852435,2025-12-15 11:45:00,11,12,0
15.1,13.546110729047431,1.5538892709525687,1.5538892709525687,10.290657423526946,2025-12-15 12:00:00,12,12,0
15.0,17.556888921861123,-2.5568889218611233,2.5568889218611233,17.04592614574082,2025-12-15 12:15:00,12,12,0
13.04,16.499060564876018,-3.459060564876019,3.459060564876019,26.5265380742026,2025-12-15 12:30:00,12,12,0
12.18,14.856977720426826,-2.6769777204268266,2.6769777204268266,21.97847061105769,2025-12-15 12:45:00,12,12,0
12.65,18.062849162352215,-5.412849162352215,5.412849162352215,42.78932144151948,2025-12-15 13:00:00,13,12,0
12.43,16.169403191396924,-3.7394031913969243,3.7394031913969243,30.083694218800677,2025-12-15 13:15:00,13,12,0
12.05,14.10231985236716,-2.052319852367159,2.052319852367159,17.03170001964447,2025-12-15 13:30:00,13,12,0
11.81,14.429229679425745,-2.619229679425745,2.619229679425745,22.178066718253554,2025-12-15 13:45:00,13,12,0
11.38,15.739263172411846,-4.359263172411845,4.359263172411845,38.30635476636067,2025-12-15 14:00:00,14,12,0
11.44,14.837918937199937,-3.397918937199938,3.397918937199938,29.70208861188757,2025-12-15 14:15:00,14,12,0
11.73,14.780127958370038,-3.0501279583700374,3.0501279583700374,26.002795894032715,2025-12-15 14:30:00,14,12,0
12.34,15.080307981455142,-2.7403079814551425,2.7403079814551425,22.20670973626534,2025-12-15 14:45:00,14,12,0
11.4,15.768702662693745,-4.368702662693744,4.368702662693744,38.32195318152407,2025-12-15 15:00:00,15,12,0
12.27,15.181582371373995,-2.9115823713739957,2.9115823713739957,23.729277680309664,2025-12-15 15:15:00,15,12,0
13.62,16.37976360074241,-2.759763600742412,2.759763600742412,20.262581503248253,2025-12-15 15:30:00,15,12,0
15.46,17.823636229181076,-2.3636362291810755,2.3636362291810755,15.28872075796297,2025-12-15 15:45:00,15,12,0
12.47,18.29826269014388,-5.8282626901438785,5.8282626901438785,46.73827337725644,2025-12-15 16:00:00,16,12,0
14.6,16.68524797719725,-2.08524797719725,2.08524797719725,14.282520391761988,2025-12-15 16:15:00,16,12,0
16.47,19.849194838235512,-3.379194838235513,3.379194838235513,20.517272849031652,2025-12-15 16:30:00,16,12,0
18.07,21.91756162070866,-3.8475616207086603,3.8475616207086603,21.292538022737467,2025-12-15 16:45:00,16,12,0
13.99,19.308924382281667,-5.318924382281667,5.318924382281667,38.019473783285676,2025-12-15 17:00:00,17,12,0
15.76,19.409538938957652,-3.6495389389576527,3.6495389389576527,23.156972962929267,2025-12-15 17:15:00,17,12,0
18.13,21.982786000976386,-3.852786000976387,3.852786000976387,21.250888036273512,2025-12-15 17:30:00,17,12,0
20.1,23.96404789989349,-3.864047899893489,3.864047899893489,19.22411890494273,2025-12-15 17:45:00,17,12,0
17.4,20.760637978741542,-3.3606379787415435,3.3606379787415435,19.31401137207784,2025-12-15 18:00:00,18,12,0
19.35,22.509451145300638,-3.159451145300636,3.159451145300636,16.32791289561052,2025-12-15 18:15:00,18,12,0
20.98,25.70160100485048,-4.721601004850481,4.721601004850481,22.505247878219638,2025-12-15 18:30:00,18,12,0
22.16,26.904800417504333,-4.744800417504333,4.744800417504333,21.41155423061522,2025-12-15 18:45:00,18,12,0
20.32,19.42113729317444,0.898862706825561,0.898862706825561,4.423536943039178,2025-12-15 19:00:00,19,12,0
21.18,21.245856171069303,-0.06585617106930286,0.06585617106930286,0.31093565188528266,2025-12-15 19:15:00,19,12,0
22.71,22.44571913410271,0.26428086589729105,0.26428086589729105,1.16372023732845,2025-12-15 19:30:00,19,12,0
23.28,23.546900324603413,-0.2669003246034123,0.2669003246034123,1.146479057574795,2025-12-15 19:45:00,19,12,0
21.18,20.89651624273632,0.28348375726368147,0.28348375726368147,1.338450223152415,2025-12-15 20:00:00,20,12,0
21.84,20.973015419459436,0.8669845805405636,0.8669845805405636,3.9697096178597233,2025-12-15 20:15:00,20,12,0
22.34,22.76690306804111,-0.4269030680411099,0.4269030680411099,1.9109358462001336,2025-12-15 20:30:00,20,12,0
24.76,22.488118480706433,2.2718815192935686,2.2718815192935686,9.175611951912636,2025-12-15 20:45:00,20,12,0
22.53,22.09508660925301,0.434913390746992,0.434913390746992,1.9303745705592186,2025-12-15 21:00:00,21,12,0
24.69,21.72618663468572,2.96381336531428,2.96381336531428,12.004104355262374,2025-12-15 21:15:00,21,12,0
25.99,24.133350230263886,1.8566497697361122,1.8566497697361122,7.143708232920785,2025-12-15 21:30:00,21,12,0
26.36,26.816769507432543,-0.4567695074325435,0.4567695074325435,1.732813002399634,2025-12-15 21:45:00,21,12,0
24.9,22.98209767101662,1.9179023289833772,1.9179023289833772,7.702418991901114,2025-12-15 22:00:00,22,12,0
24.98,25.21824853213916,-0.23824853213915986,0.23824853213915986,0.9537571342640506,2025-12-15 22:15:00,22,12,0
24.43,25.182751448350068,-0.7527514483500681,0.7527514483500681,3.0812584869016297,2025-12-15 22:30:00,22,12,0
23.83,24.027816408915292,-0.19781640891529406,0.19781640891529406,0.8301150185283008,2025-12-15 22:45:00,22,12,0
23.83,22.009007260948458,1.8209927390515404,1.8209927390515404,7.641597729968696,2025-12-15 23:00:00,23,12,0
24.08,23.271732574497527,0.8082674255024713,0.8082674255024713,3.356592298598303,2025-12-15 23:15:00,23,12,0
23.91,22.908626465021875,1.001373534978125,1.001373534978125,4.188095085646696,2025-12-15 23:30:00,23,12,0
24.48,22.531610798621205,1.9483892013787951,1.9483892013787951,7.95910621478266,2025-12-15 23:45:00,23,12,0
25.53,25.423766482772535,0.10623351722746577,0.10623351722746577,0.4161124842438925,2025-12-16 00:00:00,0,12,1
25.74,26.513277200011316,-0.7732772000113179,0.7732772000113179,3.0041849262288967,2025-12-16 00:15:00,0,12,1
25.99,26.188212479212783,-0.19821247921278484,0.19821247921278484,0.7626490158244896,2025-12-16 00:30:00,0,12,1
26.0,27.029823534014497,-1.029823534014497,1.029823534014497,3.9608597462096036,2025-12-16 00:45:00,0,12,1
26.0,27.87602724242386,-1.8760272424238593,1.8760272424238593,7.215489393937921,2025-12-16 01:00:00,1,12,1
25.99,27.29665092539813,-1.3066509253981309,1.3066509253981309,5.027514141585729,2025-12-16 01:15:00,1,12,1
26.18,27.373012512021237,-1.1930125120212374,1.1930125120212374,4.556961466849646,2025-12-16 01:30:00,1,12,1
27.37,27.38169722052198,-0.011697220521977414,0.011697220521977414,0.04273737859692149,2025-12-16 01:45:00,1,12,1
26.2,28.728268827048566,-2.528268827048567,2.528268827048567,9.64988101926934,2025-12-16 02:00:00,2,12,1
26.54,27.408837187485037,-0.8688371874850382,0.8688371874850382,3.2736894780898202,2025-12-16 02:15:00,2,12,1
26.72,28.150355394232385,-1.430355394232386,1.430355394232386,5.3531264754206065,2025-12-16 02:30:00,2,12,1
26.65,29.243790990500234,-2.593790990500235,2.593790990500235,9.73279921388456,2025-12-16 02:45:00,2,12,1
26.02,27.56229172669146,-1.5422917266914595,1.5422917266914595,5.927331770528284,2025-12-16 03:00:00,3,12,1
26.0,28.186227726581137,-2.186227726581137,2.186227726581137,8.40856817915822,2025-12-16 03:15:00,3,12,1
25.99,28.21143650154525,-2.221436501545252,2.221436501545252,8.54727395746538,2025-12-16 03:30:00,3,12,1
25.99,28.046727251016527,-2.056727251016529,2.056727251016529,7.913533093561097,2025-12-16 03:45:00,3,12,1
24.44,27.92258440734876,-3.48258440734876,3.48258440734876,14.24952703497856,2025-12-16 04:00:00,4,12,1
24.12,26.95725435586559,-2.837254355865589,2.837254355865589,11.76307776063677,2025-12-16 04:15:00,4,12,1
24.14,26.969522222205583,-2.8295222222055827,2.8295222222055827,11.72130166613746,2025-12-16 04:30:00,4,12,1
24.39,27.07548732639753,-2.685487326397528,2.685487326397528,11.010608144311307,2025-12-16 04:45:00,4,12,1
24.11,26.309534453569775,-2.1995344535697754,2.1995344535697754,9.122913536166633,2025-12-16 05:00:00,5,12,1
29.35,26.896087668159726,2.453912331840275,2.453912331840275,8.360859733697701,2025-12-16 05:15:00,5,12,1
42.83,32.142881222005045,10.687118777994954,10.687118777994954,24.952413677317196,2025-12-16 05:30:00,5,12,1
59.7,44.084361010856654,15.61563898914335,15.61563898914335,26.156849228045807,2025-12-16 05:45:00,5,12,1
58.72,57.15558090942443,1.5644190905755693,1.5644190905755693,2.664201448527877,2025-12-16 06:00:00,6,12,1
70.01,58.25316483793232,11.756835162067688,11.756835162067688,16.793079791555048,2025-12-16 06:15:00,6,12,1
70.07,77.76874861752573,-7.698748617525737,7.698748617525737,10.98722508566539,2025-12-16 06:30:00,6,12,1
73.24,81.46230165465286,-8.222301654652867,8.222301654652867,11.226517824485073,2025-12-16 06:45:00,6,12,1
97.05,71.26597908247949,25.784020917520508,25.784020917520508,26.567770136548695,2025-12-16 07:00:00,7,12,1
107.61,104.30740932256481,3.302590677435191,3.302590677435191,3.0690369644412145,2025-12-16 07:15:00,7,12,1
100.09,101.28238887043469,-1.1923888704346837,1.1923888704346837,1.1913166854178077,2025-12-16 07:30:00,7,12,1
85.94,95.29371312644386,-9.353713126443864,9.353713126443864,10.884004103378944,2025-12-16 07:45:00,7,12,1
99.99,97.6779188308386,2.312081169161388,2.312081169161388,2.3123124004014284,2025-12-16 08:00:00,8,12,1
70.08,105.917697315585,-35.837697315585004,35.837697315585004,51.13826671744436,2025-12-16 08:15:00,8,12,1
58.72,60.31761664477753,-1.5976166447775313,1.5976166447775313,2.7207367928772674,2025-12-16 08:30:00,8,12,1
49.99,47.91823477075758,2.0717652292424233,2.0717652292424233,4.144359330350917,2025-12-16 08:45:00,8,12,1
50.0,66.72461767411141,-16.724617674111414,16.724617674111414,33.44923534822283,2025-12-16 09:00:00,9,12,1
49.99,29.834261855620326,20.155738144379676,20.155738144379676,40.31954019679871,2025-12-16 09:15:00,9,12,1
47.8,41.40142317799683,6.3985768220031645,6.3985768220031645,13.386143979086118,2025-12-16 09:30:00,9,12,1
40.61,39.559265891663436,1.050734108336563,1.050734108336563,2.5873777600013868,2025-12-16 09:45:00,9,12,1
49.99,40.71235198155685,9.277648018443152,9.277648018443152,18.559007838453994,2025-12-16 10:00:00,10,12,1
37.22,50.84804134267158,-13.62804134267158,13.62804134267158,36.6148343435561,2025-12-16 10:15:00,10,12,1
34.88,35.03765393285774,-0.157653932857734,0.157653932857734,0.4519894864040539,2025-12-16 10:30:00,10,12,1
26.0,30.17697609342631,-4.176976093426308,4.176976093426308,16.065292667024263,2025-12-16 10:45:00,10,12,1
35.0,37.26608026253903,-2.2660802625390275,2.2660802625390275,6.474515035825792,2025-12-16 11:00:00,11,12,1
34.89,28.433602969777056,6.456397030222945,6.456397030222945,18.505007252000418,2025-12-16 11:15:00,11,12,1
27.34,33.92221645509852,-6.582216455098521,6.582216455098521,24.075407663125535,2025-12-16 11:30:00,11,12,1
25.82,20.291781755486078,5.528218244513923,5.528218244513923,21.410605129798306,2025-12-16 11:45:00,11,12,1
32.56,35.995865991067625,-3.4358659910676224,3.4358659910676224,10.55241397748041,2025-12-16 12:00:00,12,12,1
28.98,35.78072309283226,-6.800723092832261,6.800723092832261,23.466953391415668,2025-12-16 12:15:00,12,12,1
26.7,24.190737186444274,2.5092628135557256,2.5092628135557256,9.397988065751782,2025-12-16 12:30:00,12,12,1
26.55,26.95515250510839,-0.40515250510838996,0.40515250510838996,1.5259981360014687,2025-12-16 12:45:00,12,12,1
28.1,35.23376218545658,-7.133762185456575,7.133762185456575,25.387054040770728,2025-12-16 13:00:00,13,12,1
28.03,28.361715599687845,-0.33171559968784337,0.33171559968784337,1.1834306089469975,2025-12-16 13:15:00,13,12,1
27.09,28.543816225944045,-1.4538162259440455,1.4538162259440455,5.366615821129736,2025-12-16 13:30:00,13,12,1
26.63,29.255024239190295,-2.625024239190296,2.625024239190296,9.857394814834008,2025-12-16 13:45:00,13,12,1
27.0,30.95745027140596,-3.9574502714059605,3.9574502714059605,14.657223227429483,2025-12-16 14:00:00,14,12,1
26.67,30.28663926701546,-3.616639267015458,3.616639267015458,13.560702163537524,2025-12-16 14:15:00,14,12,1
27.48,29.128513890798274,-1.6485138907982737,1.6485138907982737,5.998958845699686,2025-12-16 14:30:00,14,12,1
27.81,30.24184005180571,-2.431840051805711,2.431840051805711,8.7444805890173,2025-12-16 14:45:00,14,12,1
25.2,31.48444666093126,-6.284446660931259,6.284446660931259,24.93828040052087,2025-12-16 15:00:00,15,12,1
25.91,28.441484252153657,-2.531484252153657,2.531484252153657,9.770298155745492,2025-12-16 15:15:00,15,12,1
25.99,30.680759813175882,-4.690759813175884,4.690759813175884,18.048325560507443,2025-12-16 15:30:00,15,12,1
25.9,30.30930714367185,-4.409307143671853,4.409307143671853,17.024351906068933,2025-12-16 15:45:00,15,12,1
25.64,27.85400550200928,-2.214005502009279,2.214005502009279,8.634966856510449,2025-12-16 16:00:00,16,12,1
25.55,30.278391344919683,-4.728391344919682,4.728391344919682,18.50642405056627,2025-12-16 16:15:00,16,12,1
24.23,29.787984264747735,-5.557984264747734,5.557984264747734,22.938441043119003,2025-12-16 16:30:00,16,12,1
23.28,28.40781277066143,-5.1278127706614285,5.1278127706614285,22.026687159198573,2025-12-16 16:45:00,16,12,1
26.0,28.014278212903523,-2.0142782129035233,2.0142782129035233,7.747223895782781,2025-12-16 17:00:00,17,12,1
24.32,30.844181289915454,-6.524181289915454,6.524181289915454,26.826403330244464,2025-12-16 17:15:00,17,12,1
23.2,27.597042633906575,-4.397042633906576,4.397042633906576,18.952769973735244,2025-12-16 17:30:00,17,12,1
21.86,26.924352029811658,-5.064352029811658,5.064352029811658,23.16720965147145,2025-12-16 17:45:00,17,12,1
24.17,29.636384345100694,-5.466384345100693,5.466384345100693,22.61640192428917,2025-12-16 18:00:00,18,12,1
23.1,28.44853377584213,-5.348533775842128,5.348533775842128,23.15382586944644,2025-12-16 18:15:00,18,12,1
21.69,27.261790159259448,-5.5717901592594465,5.5717901592594465,25.68829026860049,2025-12-16 18:30:00,18,12,1
21.33,25.635470224650895,-4.305470224650897,4.305470224650897,20.185045591424743,2025-12-16 18:45:00,18,12,1
21.97,24.394783214507118,-2.4247832145071193,2.4247832145071193,11.036792055107508,2025-12-16 19:00:00,19,12,1
21.35,22.287699103127743,-0.9376991031277413,0.9376991031277413,4.392033269919163,2025-12-16 19:15:00,19,12,1
20.94,21.000118952574752,-0.06011895257475075,0.06011895257475075,0.28710101516117836,2025-12-16 19:30:00,19,12,1
19.31,21.340490772827472,-2.0304907728274735,2.0304907728274735,10.515229274093597,2025-12-16 19:45:00,19,12,1
20.98,20.528373992699056,0.4516260073009448,0.4516260073009448,2.1526501777928733,2025-12-16 20:00:00,20,12,1
19.87,21.293996947538524,-1.423996947538523,1.423996947538523,7.166567425961364,2025-12-16 20:15:00,20,12,1
18.34,19.96847794183523,-1.6284779418352286,1.6284779418352286,8.879378090704627,2025-12-16 20:30:00,20,12,1
17.28,17.51104342472583,-0.23104342472582928,0.23104342472582928,1.3370568560522527,2025-12-16 20:45:00,20,12,1
19.68,19.41470335055316,0.26529664944683873,0.26529664944683873,1.3480520805225544,2025-12-16 21:00:00,21,12,1
19.53,19.785321143961237,-0.2553211439612362,0.2553211439612362,1.3073279260687976,2025-12-16 21:15:00,21,12,1
18.62,18.299923348175195,0.32007665182480594,0.32007665182480594,1.7189938336455743,2025-12-16 21:30:00,21,12,1
17.73,17.60516615269414,0.12483384730586167,0.12483384730586167,0.7040826131182271,2025-12-16 21:45:00,21,12,1
19.01,19.935759134722836,-0.9257591347228349,0.9257591347228349,4.869853417795028,2025-12-16 22:00:00,22,12,1
17.71,19.36231066015536,-1.6523106601553579,1.6523106601553579,9.32981739218158,2025-12-16 22:15:00,22,12,1
16.28,17.14672718670205,-0.8667271867020503,0.8667271867020503,5.323877068194411,2025-12-16 22:30:00,22,12,1
15.23,15.867393435200267,-0.6373934352002664,0.6373934352002664,4.185117762312976,2025-12-16 22:45:00,22,12,1
16.4,17.0687900440476,-0.6687900440476007,0.6687900440476007,4.07798807346098,2025-12-16 23:00:00,23,12,1
15.21,16.11956450588817,-0.9095645058881701,0.9095645058881701,5.980042773755226,2025-12-16 23:15:00,23,12,1
14.4,14.348431171739808,0.05156882826019249,0.05156882826019249,0.35811686291800343,2025-12-16 23:30:00,23,12,1
13.58,13.830211292909414,-0.25021129290941424,0.25021129290941424,1.8424984750325053,2025-12-16 23:45:00,23,12,1
23.98,17.020349058327117,6.959650941672884,6.959650941672884,29.022731199636713,2025-12-17 00:00:00,0,12,2
22.77,24.81602680924027,-2.0460268092402707,2.0460268092402707,8.985624985684106,2025-12-17 00:15:00,0,12,2
21.14,21.75438383477154,-0.6143838347715409,0.6143838347715409,2.906262226923088,2025-12-17 00:30:00,0,12,2
21.02,20.27842251511279,0.741577484887209,0.741577484887209,3.5279613933739724,2025-12-17 00:45:00,0,12,2
21.0,31.282104235344118,-10.282104235344118,10.282104235344118,48.96240112068628,2025-12-17 01:00:00,1,12,2
20.82,22.287133228987017,-1.4671332289870165,1.4671332289870165,7.04674941876569,2025-12-17 01:15:00,1,12,2
20.7,21.470326956418322,-0.770326956418323,0.770326956418323,3.7213862628904497,2025-12-17 01:30:00,1,12,2
20.75,22.461951631162535,-1.7119516311625347,1.7119516311625347,8.250369306807396,2025-12-17 01:45:00,1,12,2
20.29,23.05647360103577,-2.76647360103577,2.76647360103577,13.634665357495171,2025-12-17 02:00:00,2,12,2
20.03,22.430123414449618,-2.4001234144496166,2.4001234144496166,11.982643107586702,2025-12-17 02:15:00,2,12,2
20.04,22.266095419591288,-2.2260954195912888,2.2260954195912888,11.10826057680284,2025-12-17 02:30:00,2,12,2
20.17,22.405876746029357,-2.235876746029355,2.235876746029355,11.085159871241224,2025-12-17 02:45:00,2,12,2
20.04,22.561827320271693,-2.5218273202716937,2.5218273202716937,12.583968664030406,2025-12-17 03:00:00,3,12,2
20.33,22.500313510191553,-2.170313510191555,2.170313510191555,10.67542307029786,2025-12-17 03:15:00,3,12,2
20.85,22.9253765618614,-2.075376561861397,2.075376561861397,9.953844421397585,2025-12-17 03:30:00,3,12,2
20.95,23.45319101817742,-2.5031910181774215,2.5031910181774215,11.948405814689362,2025-12-17 03:45:00,3,12,2
20.47,23.718419046732464,-3.248419046732465,3.248419046732465,15.869169744662754,2025-12-17 04:00:00,4,12,2
20.94,23.596710731030498,-2.656710731030497,2.656710731030497,12.687252774739719,2025-12-17 04:15:00,4,12,2
22.65,24.40983179460426,-1.7598317946042599,1.7598317946042599,7.769676797369801,2025-12-17 04:30:00,4,12,2
22.87,25.600946352607902,-2.7309463526079014,2.7309463526079014,11.941173382631838,2025-12-17 04:45:00,4,12,2
20.75,25.500262340692107,-4.750262340692107,4.750262340692107,22.892830557552323,2025-12-17 05:00:00,5,12,2
22.28,24.326503461611615,-2.0465034616116142,2.0465034616116142,9.185383579944407,2025-12-17 05:15:00,5,12,2
25.99,27.347385955872774,-1.3573859558727754,1.3573859558727754,5.222723954877936,2025-12-17 05:30:00,5,12,2
30.44,29.48412919459604,0.9558708054039613,0.9558708054039613,3.140180044034038,2025-12-17 05:45:00,5,12,2
25.72,31.023493287916352,-5.303493287916353,5.303493287916353,20.620113872147563,2025-12-17 06:00:00,6,12,2
27.71,28.707064213048014,-0.997064213048013,0.997064213048013,3.598210801328087,2025-12-17 06:15:00,6,12,2
32.35,33.93299783369397,-1.582997833693966,1.582997833693966,4.893347244803604,2025-12-17 06:30:00,6,12,2
35.28,39.33693502557078,-4.05693502557078,4.05693502557078,11.499248938692688,2025-12-17 06:45:00,6,12,2
34.03,33.615914796985784,0.41408520301421703,0.41408520301421703,1.2168239876997267,2025-12-17 07:00:00,7,12,2
35.0,37.297559521591225,-2.297559521591225,2.297559521591225,6.5644557759749285,2025-12-17 07:15:00,7,12,2
35.48,41.34729798950083,-5.867297989500834,5.867297989500834,16.536916543125237,2025-12-17 07:30:00,7,12,2
38.33,40.7946364195167,-2.464636419516701,2.464636419516701,6.430045446169322,2025-12-17 07:45:00,7,12,2
40.17,34.62980919514104,5.540190804858959,5.540190804858959,13.791861600345925,2025-12-17 08:00:00,8,12,2
38.04,37.487624239330174,0.5523757606698254,0.5523757606698254,1.4520919050205716,2025-12-17 08:15:00,8,12,2
35.0,35.0132613795767,-0.013261379576697152,0.013261379576697152,0.03788965593342043,2025-12-17 08:30:00,8,12,2
34.99,34.81054299842464,0.17945700157536493,0.17945700157536493,0.5128808275946412,2025-12-17 08:45:00,8,12,2
36.41,36.332423141044465,0.07757685895553124,0.07757685895553124,0.21306470462930854,2025-12-17 09:00:00,9,12,2
35.0,34.23635528031974,0.7636447196802578,0.7636447196802578,2.1818420562293084,2025-12-17 09:15:00,9,12,2
34.88,31.0791689098304,3.800831090169602,3.800831090169602,10.896878125486245,2025-12-17 09:30:00,9,12,2
34.2,33.4637101598837,0.7362898401162994,0.7362898401162994,2.1528942693459046,2025-12-17 09:45:00,9,12,2
34.99,35.48276522992768,-0.49276522992767724,0.49276522992767724,1.4083030292302865,2025-12-17 10:00:00,10,12,2
34.3,33.8163155327339,0.4836844672660945,0.4836844672660945,1.4101587966941531,2025-12-17 10:15:00,10,12,2
31.6,33.720034783865614,-2.120034783865613,2.120034783865613,6.708970835017762,2025-12-17 10:30:00,10,12,2
29.24,30.696474317746123,-1.4564743177461246,1.4564743177461246,4.981102317873203,2025-12-17 10:45:00,10,12,2
30.86,31.079562481311832,-0.21956248131183287,0.21956248131183287,0.7114792006216231,2025-12-17 11:00:00,11,12,2
26.99,31.81157258509684,-4.821572585096842,4.821572585096842,17.86429264578304,2025-12-17 11:15:00,11,12,2
26.01,25.852685056067898,0.15731494393210355,0.15731494393210355,0.6048248517189678,2025-12-17 11:30:00,11,12,2
24.08,25.401217884988554,-1.321217884988556,1.321217884988556,5.486785236663439,2025-12-17 11:45:00,11,12,2
26.53,27.770563996937252,-1.2405639969372508,1.2405639969372508,4.676079897991899,2025-12-17 12:00:00,12,12,2
26.29,25.52250824628057,0.7674917537194297,0.7674917537194297,2.919329607148839,2025-12-17 12:15:00,12,12,2
25.99,26.78069121371686,-0.7906912137168618,0.7906912137168618,3.0422901643588376,2025-12-17 12:30:00,12,12,2
24.81,25.45901433896509,-0.6490143389650918,0.6490143389650918,2.6159384883719943,2025-12-17 12:45:00,12,12,2
24.39,28.71682342689416,-4.326823426894158,4.326823426894158,17.740153451800566,2025-12-17 13:00:00,13,12,2
24.7,26.445512235761065,-1.7455122357610655,1.7455122357610655,7.066851156927391,2025-12-17 13:15:00,13,12,2
24.95,26.712733925473696,-1.7627339254736967,1.7627339254736967,7.065065833561911,2025-12-17 13:30:00,13,12,2
25.56,26.006056149348687,-0.44605614934868854,0.44605614934868854,1.7451336046505812,2025-12-17 13:45:00,13,12,2
22.74,27.43431608290937,-4.694316082909371,4.694316082909371,20.64343044375273,2025-12-17 14:00:00,14,12,2
24.02,25.292017134878435,-1.2720171348784355,1.2720171348784355,5.295658346704561,2025-12-17 14:15:00,14,12,2
25.28,27.028733763550704,-1.7487337635507032,1.7487337635507032,6.917459507716389,2025-12-17 14:30:00,14,12,2
27.56,28.35509340144283,-0.7950934014428306,0.7950934014428306,2.8849542868027234,2025-12-17 14:45:00,14,12,2
23.47,27.560748630102903,-4.090748630102905,4.090748630102905,17.42969164935196,2025-12-17 15:00:00,15,12,2
25.19,26.601529952026553,-1.4115299520265516,1.4115299520265516,5.603532957628231,2025-12-17 15:15:00,15,12,2
27.43,29.214231069453746,-1.784231069453746,1.784231069453746,6.504670322470821,2025-12-17 15:30:00,15,12,2
28.79,32.175997035723476,-3.385997035723477,3.385997035723477,11.761017838567133,2025-12-17 15:45:00,15,12,2
24.56,27.879765166746786,-3.3197651667467873,3.3197651667467873,13.516959147991805,2025-12-17 16:00:00,16,12,2
25.99,28.31491319501611,-2.324913195016112,2.324913195016112,8.945414370973884,2025-12-17 16:15:00,16,12,2
26.9,31.28190355583739,-4.38190355583739,4.38190355583739,16.28960429679327,2025-12-17 16:30:00,16,12,2
27.47,31.465584098338006,-3.995584098338007,3.995584098338007,14.545264282264315,2025-12-17 16:45:00,16,12,2
26.24,27.26557375429298,-1.0255737542929815,1.0255737542929815,3.9084365636165455,2025-12-17 17:00:00,17,12,2
26.5,30.495238418280387,-3.995238418280387,3.995238418280387,15.076371389737309,2025-12-17 17:15:00,17,12,2
25.99,30.754342437230534,-4.764342437230535,4.764342437230535,18.331444544942425,2025-12-17 17:30:00,17,12,2
26.0,30.086881902584466,-4.086881902584466,4.086881902584466,15.718776548401792,2025-12-17 17:45:00,17,12,2
25.33,29.09422302919174,-3.76422302919174,3.76422302919174,14.860730474503514,2025-12-17 18:00:00,18,12,2
24.54,29.614069623041892,-5.074069623041893,5.074069623041893,20.676730330244062,2025-12-17 18:15:00,18,12,2
24.8,28.332196812770086,-3.532196812770085,3.532196812770085,14.24272908375034,2025-12-17 18:30:00,18,12,2
24.29,29.113106870816324,-4.823106870816325,4.823106870816325,19.85634775963905,2025-12-17 18:45:00,18,12,2
25.32,23.574398608687165,1.7456013913128352,1.7456013913128352,6.894160313241845,2025-12-17 19:00:00,19,12,2
24.33,24.391196091939154,-0.06119609193915565,0.06119609193915565,0.251525244303969,2025-12-17 19:15:00,19,12,2
22.67,24.064517038987034,-1.3945170389870327,1.3945170389870327,6.151376440172177,2025-12-17 19:30:00,19,12,2
21.0,22.020475927152816,-1.020475927152816,1.020475927152816,4.859409176918172,2025-12-17 19:45:00,19,12,2
22.57,21.831937097637745,0.7380629023622554,0.7380629023622554,3.2701059032443744,2025-12-17 20:00:00,20,12,2
20.88,21.90745895942665,-1.0274589594266494,1.0274589594266494,4.9207804570241835,2025-12-17 20:15:00,20,12,2
19.87,19.20062441700742,0.6693755829925827,0.6693755829925827,3.3687749521519006,2025-12-17 20:30:00,20,12,2
18.25,18.23054918680153,0.019450813198471195,0.019450813198471195,0.10657979834778736,2025-12-17 20:45:00,20,12,2
21.0,19.45286939284167,1.54713060715833,1.54713060715833,7.367288605515856,2025-12-17 21:00:00,21,12,2
20.32,19.563571743717677,0.756428256282323,0.756428256282323,3.722580001389385,2025-12-17 21:15:00,21,12,2
19.49,18.697827004643905,0.7921729953560934,0.7921729953560934,4.064509981303712,2025-12-17 21:30:00,21,12,2
18.03,17.2692257365081,0.7607742634918999,0.7607742634918999,4.219491200731558,2025-12-17 21:45:00,21,12,2
20.99,19.789914517390294,1.2000854826097047,1.2000854826097047,5.717415353071485,2025-12-17 22:00:00,22,12,2
19.3,20.144171362113195,-0.8441713621131939,0.8441713621131939,4.373944881415512,2025-12-17 22:15:00,22,12,2
17.68,17.740086838746144,-0.06008683874614462,0.06008683874614462,0.3398576852157501,2025-12-17 22:30:00,22,12,2
15.38,15.775493690512008,-0.3954936905120068,0.3954936905120068,2.5714804324577814,2025-12-17 22:45:00,22,12,2
17.8,17.90994859358052,-0.10994859358051912,0.10994859358051912,0.6176887279804444,2025-12-17 23:00:00,23,12,2
16.89,16.798882498598005,0.09111750140199604,0.09111750140199604,0.5394760296151334,2025-12-17 23:15:00,23,12,2
16.12,15.223226414385863,0.8967735856141381,0.8967735856141381,5.5631115732886975,2025-12-17 23:30:00,23,12,2
15.7,13.717288023471724,1.9827119765282752,1.9827119765282752,12.628738704001755,2025-12-17 23:45:00,23,12,2
8.41,19.334234602381542,-10.924234602381542,10.924234602381542,129.89577410679598,2025-12-18 00:00:00,0,12,3
6.41,9.963411700633308,-3.5534117006333084,3.5534117006333084,55.435439947477505,2025-12-18 00:15:00,0,12,3
6.33,9.426238351249658,-3.0962383512496583,3.0962383512496583,48.91371802922051,2025-12-18 00:30:00,0,12,3
6.0,9.880931401559678,-3.8809314015596783,3.8809314015596783,64.68219002599463,2025-12-18 00:45:00,0,12,3
6.0,3.3614734143648235,2.6385265856351765,2.6385265856351765,43.97544309391961,2025-12-18 01:00:00,1,12,3
5.77,6.952069691214696,-1.1820696912146964,1.1820696912146964,20.48647645086129,2025-12-18 01:15:00,1,12,3
5.58,8.139190483216609,-2.559190483216609,2.559190483216609,45.863628731480446,2025-12-18 01:30:00,1,12,3
5.18,7.7404394095557265,-2.560439409555727,2.560439409555727,49.42933223080554,2025-12-18 01:45:00,1,12,3
6.43,8.02741235186166,-1.59741235186166,1.59741235186166,24.843115892094247,2025-12-18 02:00:00,2,12,3
5.57,9.016811596576762,-3.4468115965767616,3.4468115965767616,61.88171627606393,2025-12-18 02:15:00,2,12,3
5.23,7.995777609450652,-2.7657776094506517,2.7657776094506517,52.882937083186455,2025-12-18 02:30:00,2,12,3
5.05,7.587842266672844,-2.537842266672844,2.537842266672844,50.25430231035335,2025-12-18 02:45:00,2,12,3
6.09,9.36874568099769,-3.278745680997691,3.278745680997691,53.83818852212957,2025-12-18 03:00:00,3,12,3
5.42,8.626136758786501,-3.206136758786501,3.206136758786501,59.153814737758324,2025-12-18 03:15:00,3,12,3
5.33,8.146696415040722,-2.816696415040722,2.816696415040722,52.84608658612987,2025-12-18 03:30:00,3,12,3
5.26,8.267076275709474,-3.0070762757094744,3.0070762757094744,57.16875048877328,2025-12-18 03:45:00,3,12,3
6.45,9.742115041607423,-3.292115041607423,3.292115041607423,51.04054328073524,2025-12-18 04:00:00,4,12,3
6.06,9.434928847414863,-3.3749288474148633,3.3749288474148633,55.69189517186244,2025-12-18 04:15:00,4,12,3
5.69,9.266474617171703,-3.5764746171717023,3.5764746171717023,62.8554414265677,2025-12-18 04:30:00,4,12,3
5.47,8.985383169399064,-3.5153831693990645,3.5153831693990645,64.26660273124433,2025-12-18 04:45:00,4,12,3
10.01,10.414471382869888,-0.4044713828698878,0.4044713828698878,4.040673155543335,2025-12-18 05:00:00,5,12,3
10.9,13.370544011255546,-2.470544011255546,2.470544011255546,22.66554138766556,2025-12-18 05:15:00,5,12,3
12.29,13.37946653655106,-1.0894665365510612,1.0894665365510612,8.864658556151841,2025-12-18 05:30:00,5,12,3
13.67,14.585799584180105,-0.915799584180105,0.915799584180105,6.699338582151464,2025-12-18 05:45:00,5,12,3
19.67,20.383963002282076,-0.7139630022820747,0.7139630022820747,3.6297051463247314,2025-12-18 06:00:00,6,12,3
23.11,23.174549180518014,-0.06454918051801428,0.06454918051801428,0.27931276727829635,2025-12-18 06:15:00,6,12,3
19.48,25.915290888636058,-6.435290888636057,6.435290888636057,33.03537417164301,2025-12-18 06:30:00,6,12,3
18.07,22.19305610433765,-4.12305610433765,4.12305610433765,22.81713394763503,2025-12-18 06:45:00,6,12,3
19.59,26.435951437625686,-6.845951437625686,6.845951437625686,34.9461533314226,2025-12-18 07:00:00,7,12,3
20.1,26.918163865001368,-6.818163865001367,6.818163865001367,33.921213258713266,2025-12-18 07:15:00,7,12,3
21.79,21.187038226396965,0.6029617736030346,0.6029617736030346,2.767149029844124,2025-12-18 07:30:00,7,12,3
18.9,24.02673635311075,-5.126736353110751,5.126736353110751,27.125589169898152,2025-12-18 07:45:00,7,12,3
26.19,17.792737075707727,8.397262924292274,8.397262924292274,32.06285958110834,2025-12-18 08:00:00,8,12,3
20.01,24.501977786831482,-4.49197778683148,4.49197778683148,22.44866460185647,2025-12-18 08:15:00,8,12,3
16.3,18.56801059624729,-2.26801059624729,2.26801059624729,13.914175437099937,2025-12-18 08:30:00,8,12,3
13.58,12.30725872643946,1.2727412735605395,1.2727412735605395,9.37217432666082,2025-12-18 08:45:00,8,12,3
22.78,20.436436772855505,2.3435632271444966,2.3435632271444966,10.287810479124216,2025-12-18 09:00:00,9,12,3
14.87,18.30832837413383,-3.43832837413383,3.43832837413383,23.122584896663284,2025-12-18 09:15:00,9,12,3
12.11,10.28702257584236,1.8229774241576386,1.8229774241576386,15.053488225909486,2025-12-18 09:30:00,9,12,3
10.4,9.435102933756955,0.9648970662430454,0.9648970662430454,9.277856406183128,2025-12-18 09:45:00,9,12,3
13.11,19.827796113934458,-6.717796113934458,6.717796113934458,51.24177051056032,2025-12-18 10:00:00,10,12,3
10.4,8.39397363818086,2.0060263618191403,2.0060263618191403,19.288715017491732,2025-12-18 10:15:00,10,12,3
9.99,8.668738624252391,1.3212613757476088,1.3212613757476088,13.225839597073161,2025-12-18 10:30:00,10,12,3
6.57,9.210692704693258,-2.640692704693258,2.640692704693258,40.19319185225659,2025-12-18 10:45:00,10,12,3
7.32,10.740244180356058,-3.4202441803560575,3.4202441803560575,46.724647272623734,2025-12-18 11:00:00,11,12,3
6.34,7.511184085757883,-1.1711840857578828,1.1711840857578828,18.472935106591212,2025-12-18 11:15:00,11,12,3
5.06,8.100003639691572,-3.040003639691572,3.040003639691572,60.0791233140627,2025-12-18 11:30:00,11,12,3
5.06,4.192639598678163,0.8673604013218368,0.8673604013218368,17.141509907546183,2025-12-18 11:45:00,11,12,3
7.25,8.294756081748307,-1.0447560817483073,1.0447560817483073,14.410428713769754,2025-12-18 12:00:00,12,12,3
5.29,8.809245582690206,-3.519245582690206,3.519245582690206,66.52638152533471,2025-12-18 12:15:00,12,12,3
5.06,6.151431673548039,-1.0914316735480396,1.0914316735480396,21.569795919921734,2025-12-18 12:30:00,12,12,3
5.05,7.232211075617677,-2.182211075617677,2.182211075617677,43.21210050728074,2025-12-18 12:45:00,12,12,3
5.07,9.815045841157556,-4.745045841157555,4.745045841157555,93.59064775458688,2025-12-18 13:00:00,13,12,3
5.05,6.360576681452677,-1.3105766814526776,1.3105766814526776,25.952013494112432,2025-12-18 13:15:00,13,12,3
4.99,7.545264494965352,-2.5552644949653516,2.5552644949653516,51.20770530992689,2025-12-18 13:30:00,13,12,3
4.91,7.575599743341634,-2.665599743341634,2.665599743341634,54.289200475389684,2025-12-18 13:45:00,13,12,3
4.69,7.963437564680582,-3.273437564680582,3.273437564680582,69.79611012112113,2025-12-18 14:00:00,14,12,3
4.61,7.80476762549371,-3.19476762549371,3.19476762549371,69.30081617123014,2025-12-18 14:15:00,14,12,3
4.49,7.684156281759385,-3.194156281759385,3.194156281759385,71.13933812381704,2025-12-18 14:30:00,14,12,3
4.33,7.596704364992419,-3.2667043649924192,3.2667043649924192,75.44351882199582,2025-12-18 14:45:00,14,12,3
4.34,7.7261579172543335,-3.3861579172543337,3.3861579172543337,78.02207182613672,2025-12-18 15:00:00,15,12,3
4.32,7.855938913068222,-3.5359389130682217,3.5359389130682217,81.85043780250513,2025-12-18 15:15:00,15,12,3
4.33,7.762527395989814,-3.4325273959898137,3.4325273959898137,79.27315002285944,2025-12-18 15:30:00,15,12,3
4.18,7.700145961069701,-3.5201459610697015,3.5201459610697015,84.21401820740914,2025-12-18 15:45:00,15,12,3
4.28,8.068931976105027,-3.788931976105027,3.788931976105027,88.52644803983706,2025-12-18 16:00:00,16,12,3
4.0,8.156300274714035,-4.1563002747140345,4.1563002747140345,103.90750686785086,2025-12-18 16:15:00,16,12,3
3.52,7.898181078377235,-4.378181078377235,4.378181078377235,124.38014427208056,2025-12-18 16:30:00,16,12,3
3.49,7.349348641259894,-3.859348641259894,3.859348641259894,110.58305562349264,2025-12-18 16:45:00,16,12,3
3.3,8.007664208439316,-4.707664208439316,4.707664208439316,142.65649116482777,2025-12-18 17:00:00,17,12,3
3.1,7.491820660145152,-4.391820660145152,4.391820660145152,141.6716341982307,2025-12-18 17:15:00,17,12,3
2.99,7.069122976280596,-4.079122976280596,4.079122976280596,136.4255176013577,2025-12-18 17:30:00,17,12,3
2.83,7.309487330032077,-4.479487330032077,4.479487330032077,158.28577137922534,2025-12-18 17:45:00,17,12,3
3.24,7.495146923658517,-4.255146923658517,4.255146923658517,131.33169517464555,2025-12-18 18:00:00,18,12,3
3.14,7.82331984047152,-4.683319840471519,4.683319840471519,149.1503133908127,2025-12-18 18:15:00,18,12,3
3.18,7.690332476489793,-4.510332476489793,4.510332476489793,141.8343546065973,2025-12-18 18:30:00,18,12,3
3.1,7.652393329599157,-4.552393329599157,4.552393329599157,146.85139772900507,2025-12-18 18:45:00,18,12,3
2.84,3.7223552370616986,-0.8823552370616987,0.8823552370616987,31.06884637541193,2025-12-18 19:00:00,19,12,3
2.67,3.0801602688892444,-0.4101602688892445,0.4101602688892445,15.361807823567212,2025-12-18 19:15:00,19,12,3
2.61,3.0882533580997276,-0.4782533580997277,0.4782533580997277,18.323883452096847,2025-12-18 19:30:00,19,12,3
2.38,2.9245512928101434,-0.5445512928101435,0.5445512928101435,22.880306420594266,2025-12-18 19:45:00,19,12,3
2.33,2.275676288708027,0.054323711291973,0.054323711291973,2.3314897550203004,2025-12-18 20:00:00,20,12,3
2.2,2.2648927954440126,-0.06489279544401239,0.06489279544401239,2.949672520182381,2025-12-18 20:15:00,20,12,3
2.02,2.1925874598004924,-0.1725874598004924,0.1725874598004924,8.543933653489724,2025-12-18 20:30:00,20,12,3
2.0,1.8593870512341368,0.14061294876586317,0.14061294876586317,7.030647438293158,2025-12-18 20:45:00,20,12,3
1.94,1.7905646073945434,0.14943539260545657,0.14943539260545657,7.70285528894106,2025-12-18 21:00:00,21,12,3
1.97,1.6270400390651858,0.3429599609348142,0.3429599609348142,17.409135072833205,2025-12-18 21:15:00,21,12,3
1.98,1.5494151717037283,0.43058482829627165,0.43058482829627165,21.7467084998117,2025-12-18 21:30:00,21,12,3
1.96,1.6292117788138185,0.33078822118618145,0.33078822118618145,16.876950060519462,2025-12-18 21:45:00,21,12,3
1.97,1.5330901709743685,0.43690982902563147,0.43690982902563147,22.178163909930532,2025-12-18 22:00:00,22,12,3
1.96,1.571312528912614,0.388687471087386,0.388687471087386,19.830993422825816,2025-12-18 22:15:00,22,12,3
1.83,1.514902338089101,0.31509766191089916,0.31509766191089916,17.218451470540938,2025-12-18 22:30:00,22,12,3
0.3,1.3664012152970955,-1.0664012152970954,1.0664012152970954,355.46707176569845,2025-12-18 22:45:00,22,12,3
0.36,0.14938773485283718,0.2106122651471628,0.2106122651471628,58.503406985323004,2025-12-18 23:00:00,23,12,3
0.02,0.33989792785501294,-0.3198979278550129,0.3198979278550129,1599.4896392750645,2025-12-18 23:15:00,23,12,3
0.02,0.030139733042091166,-0.010139733042091165,0.010139733042091165,50.69866521045583,2025-12-18 23:30:00,23,12,3
0.75,-1.381210345213944,2.131210345213944,2.131210345213944,284.1613793618592,2025-12-18 23:45:00,23,12,3
-0.02,2.212530512685916,-2.232530512685916,2.232530512685916,11162.65256342958,2025-12-19 00:00:00,0,12,4
-0.02,1.5268888669161953,-1.5468888669161953,1.5468888669161953,7734.444334580977,2025-12-19 00:15:00,0,12,4
-0.02,1.7859370843328932,-1.8059370843328932,1.8059370843328932,9029.685421664466,2025-12-19 00:30:00,0,12,4
-0.02,2.4301410725601613,-2.4501410725601613,2.4501410725601613,12250.705362800807,2025-12-19 00:45:00,0,12,4
-0.01,1.5023816115580289,-1.5123816115580289,1.5123816115580289,15123.816115580288,2025-12-19 01:00:00,1,12,4
-0.01,2.1296333193348715,-2.1396333193348713,2.1396333193348713,21396.333193348713,2025-12-19 01:15:00,1,12,4
-0.01,2.0414386316535342,-2.051438631653534,2.051438631653534,20514.38631653534,2025-12-19 01:30:00,1,12,4
-0.01,2.026667840339883,-2.0366678403398826,2.0366678403398826,20366.678403398826,2025-12-19 01:45:00,1,12,4
0.0,2.4285662060601823,-2.4285662060601823,2.4285662060601823,,2025-12-19 02:00:00,2,12,4
0.0,2.5552947601223437,-2.5552947601223437,2.5552947601223437,,2025-12-19 02:15:00,2,12,4
0.02,2.1587678794827525,-2.1387678794827525,2.1387678794827525,10693.839397413762,2025-12-19 03:30:00,3,12,4
0.35,2.806354068525742,-2.456354068525742,2.456354068525742,701.8154481502121,2025-12-19 03:45:00,3,12,4
0.16,2.8594796531060567,-2.6994796531060565,2.6994796531060565,1687.1747831912853,2025-12-19 04:00:00,4,12,4
0.76,3.3774928224705363,-2.6174928224705365,2.6174928224705365,344.40695032507057,2025-12-19 04:15:00,4,12,4
1.37,3.4214530661118587,-2.0514530661118586,2.0514530661118586,149.74109971619404,2025-12-19 04:30:00,4,12,4
1.78,4.596295279180559,-2.816295279180559,2.816295279180559,158.21883590902016,2025-12-19 04:45:00,4,12,4
1.99,4.823050618414747,-2.833050618414747,2.833050618414747,142.36435268415815,2025-12-19 05:00:00,5,12,4
2.13,5.6958384641518975,-3.5658384641518976,3.5658384641518976,167.41025653295293,2025-12-19 05:15:00,5,12,4
2.57,5.95294068766227,-3.3829406876622703,3.3829406876622703,131.63193337207278,2025-12-19 05:30:00,5,12,4
3.13,6.306115662340872,-3.176115662340872,3.176115662340872,101.4733438447563,2025-12-19 05:45:00,5,12,4
2.5,6.792224050273312,-4.292224050273312,4.292224050273312,171.68896201093247,2025-12-19 06:00:00,6,12,4
3.3,6.176624748018256,-2.876624748018256,2.876624748018256,87.17044690964411,2025-12-19 06:15:00,6,12,4
4.12,7.393709910090898,-3.273709910090898,3.273709910090898,79.45897840026451,2025-12-19 06:30:00,6,12,4
4.19,8.336091009409614,-4.146091009409614,4.146091009409614,98.95205273053969,2025-12-19 06:45:00,6,12,4
4.36,7.423452749959992,-3.0634527499599917,3.0634527499599917,70.26267775137596,2025-12-19 07:00:00,7,12,4
4.51,8.918747044299742,-4.4087470442997425,4.4087470442997425,97.75492337693443,2025-12-19 07:15:00,7,12,4
4.97,9.3618658571631,-4.3918658571631,4.3918658571631,88.36752227692354,2025-12-19 07:30:00,7,12,4
4.99,9.372254454131653,-4.382254454131653,4.382254454131653,87.82073054372049,2025-12-19 07:45:00,7,12,4
4.91,3.4162228004473434,1.4937771995526568,1.4937771995526568,30.423160887019485,2025-12-19 08:00:00,8,12,4
4.97,3.451448001954553,1.5185519980454467,1.5185519980454467,30.554366157856073,2025-12-19 08:15:00,8,12,4
4.98,3.937500281567239,1.0424997184327616,1.0424997184327616,20.93372928579842,2025-12-19 08:30:00,8,12,4
4.9,3.6791675918405744,1.220832408159426,1.220832408159426,24.914947105294406,2025-12-19 08:45:00,8,12,4
4.56,4.408314573157838,0.15168542684216124,0.15168542684216124,3.3264347991702032,2025-12-19 09:00:00,9,12,4
4.73,4.304692514182506,0.4253074858174948,0.4253074858174948,8.991701602906865,2025-12-19 09:15:00,9,12,4
4.56,4.655284841002711,-0.0952848410027114,0.0952848410027114,2.0895798465506887,2025-12-19 09:30:00,9,12,4
4.56,4.494957005560167,0.06504299443983275,0.06504299443983275,1.4263814570138762,2025-12-19 09:45:00,9,12,4
4.41,4.723540679550588,-0.31354067955058795,0.31354067955058795,7.109765976203808,2025-12-19 10:00:00,10,12,4
4.35,5.118802360436675,-0.7688023604366752,0.7688023604366752,17.673617481302877,2025-12-19 10:15:00,10,12,4
4.39,5.018122090178679,-0.628122090178679,0.628122090178679,14.308020277418656,2025-12-19 10:30:00,10,12,4
4.21,5.277002861350816,-1.067002861350816,1.067002861350816,25.34448601783411,2025-12-19 10:45:00,10,12,4
4.22,5.514097334232012,-1.2940973342320126,1.2940973342320126,30.665813607393666,2025-12-19 11:00:00,11,12,4
4.19,5.616546434330296,-1.4265464343302954,1.4265464343302954,34.04645427995931,2025-12-19 11:15:00,11,12,4
4.29,5.643794200642212,-1.353794200642212,1.353794200642212,31.556974373944335,2025-12-19 11:30:00,11,12,4
4.0,5.552985210185945,-1.5529852101859447,1.5529852101859447,38.82463025464862,2025-12-19 11:45:00,11,12,4
4.38,5.985044911421731,-1.6050449114217313,1.6050449114217313,36.64486099136373,2025-12-19 12:00:00,12,12,4
4.38,6.383584328583574,-2.0035843285835737,2.0035843285835737,45.74393444254735,2025-12-19 12:15:00,12,12,4
4.26,6.3800469834239735,-2.1200469834239737,2.1200469834239737,49.76636111323882,2025-12-19 12:30:00,12,12,4
4.12,5.90437275172463,-1.7843727517246295,1.7843727517246295,43.31001824574343,2025-12-19 12:45:00,12,12,4
4.38,7.2326688144106654,-2.8526688144106656,2.8526688144106656,65.12942498654488,2025-12-19 13:00:00,13,12,4
4.01,7.229107452936844,-3.2191074529368446,3.2191074529368446,80.27699383882407,2025-12-19 13:15:00,13,12,4
4.0,6.793173786911474,-2.793173786911474,2.793173786911474,69.82934467278685,2025-12-19 13:30:00,13,12,4
4.0,6.881810531293908,-2.881810531293908,2.881810531293908,72.0452632823477,2025-12-19 13:45:00,13,12,4
4.02,7.551672204759825,-3.5316722047598255,3.5316722047598255,87.85254240696084,2025-12-19 14:00:00,14,12,4
4.03,7.1093066692591975,-3.0793066692591973,3.0793066692591973,76.40959477069968,2025-12-19 14:15:00,14,12,4
4.45,7.535658415734517,-3.0856584157345166,3.0856584157345166,69.34063855583183,2025-12-19 14:30:00,14,12,4
4.53,8.052682775382515,-3.5226827753825143,3.5226827753825143,77.76341667511069,2025-12-19 14:45:00,14,12,4
4.69,8.19196611018187,-3.5019661101818693,3.5019661101818693,74.66878699748122,2025-12-19 15:00:00,15,12,4
4.62,8.379142623501838,-3.7591426235018384,3.7591426235018384,81.36672345242074,2025-12-19 15:15:00,15,12,4
4.59,8.746839462823726,-4.156839462823726,4.156839462823726,90.56295125977616,2025-12-19 15:30:00,15,12,4
4.37,8.570345429928853,-4.200345429928853,4.200345429928853,96.11774439196459,2025-12-19 15:45:00,15,12,4
4.55,8.70332278967664,-4.153322789676641,4.153322789676641,91.28181955333277,2025-12-19 16:00:00,16,12,4
4.29,8.842415854250397,-4.552415854250397,4.552415854250397,106.11691967949643,2025-12-19 16:15:00,16,12,4
4.0,8.636566013003105,-4.636566013003105,4.636566013003105,115.91415032507761,2025-12-19 16:30:00,16,12,4
3.99,8.20379130144574,-4.21379130144574,4.21379130144574,105.60880454751226,2025-12-19 16:45:00,16,12,4
4.0,9.098866062097507,-5.098866062097507,5.098866062097507,127.47165155243766,2025-12-19 17:00:00,17,12,4
4.0,8.745570277398329,-4.745570277398329,4.745570277398329,118.63925693495823,2025-12-19 17:15:00,17,12,4
3.68,8.60617948248234,-4.92617948248234,4.92617948248234,133.86357289354183,2025-12-19 17:30:00,17,12,4
2.99,8.49087264030905,-5.5008726403090495,5.5008726403090495,183.97567358893141,2025-12-19 17:45:00,17,12,4
3.99,8.375680952283638,-4.3856809522836375,4.3856809522836375,109.91681584670769,2025-12-19 18:00:00,18,12,4
3.65,9.331784106279024,-5.681784106279023,5.681784106279023,155.6653179802472,2025-12-19 18:15:00,18,12,4
2.54,8.55450731881131,-6.014507318811311,6.014507318811311,236.79162672485475,2025-12-19 18:30:00,18,12,4
2.34,7.200490288961696,-4.860490288961696,4.860490288961696,207.7132602120383,2025-12-19 18:45:00,18,12,4
2.52,4.283486016419779,-1.7634860164197792,1.7634860164197792,69.97960382618172,2025-12-19 19:00:00,19,12,4
2.3,3.3681728104421964,-1.0681728104421966,1.0681728104421966,46.44229610618246,2025-12-19 19:15:00,19,12,4
2.01,2.3544063669053656,-0.34440636690536586,0.34440636690536586,17.134645119669944,2025-12-19 19:30:00,19,12,4
1.99,2.6958504475594225,-0.7058504475594225,0.7058504475594225,35.4698717366544,2025-12-19 19:45:00,19,12,4
1.99,2.5017493631677823,-0.5117493631677823,0.5117493631677823,25.716048400391074,2025-12-19 20:00:00,20,12,4
1.95,2.0097758682419666,-0.05977586824196668,0.05977586824196668,3.0654291406136758,2025-12-19 20:15:00,20,12,4
1.87,1.779697383293474,0.09030261670652617,0.09030261670652617,4.82901693617787,2025-12-19 20:30:00,20,12,4
1.22,1.8790288758488316,-0.6590288758488316,0.6590288758488316,54.018760315478,2025-12-19 20:45:00,20,12,4
1.77,1.2589517270106612,0.5110482729893389,0.5110482729893389,28.87278378470841,2025-12-19 21:00:00,21,12,4
1.56,1.986400791007668,-0.4264007910076679,0.4264007910076679,27.333384038953074,2025-12-19 21:15:00,21,12,4
1.06,1.7176875337935087,-0.6576875337935086,0.6576875337935086,62.045993754104586,2025-12-19 21:30:00,21,12,4
1.01,0.6906573982769117,0.31934260172308826,0.31934260172308826,31.61807937852359,2025-12-19 21:45:00,21,12,4
1.5,1.8032961605025264,-0.3032961605025264,0.3032961605025264,20.21974403350176,2025-12-19 22:00:00,22,12,4
0.78,1.298905965389963,-0.518905965389963,0.518905965389963,66.52640581922603,2025-12-19 22:15:00,22,12,4
0.7,0.22498808813325155,0.4750119118667484,0.4750119118667484,67.85884455239264,2025-12-19 22:30:00,22,12,4
0.02,0.5177936055300592,-0.49779360553005914,0.49779360553005914,2488.968027650296,2025-12-19 22:45:00,22,12,4
0.09,0.9332007806930562,-0.8432007806930563,0.8432007806930563,936.8897563256181,2025-12-19 23:00:00,23,12,4
0.0,-0.6668676199315158,0.6668676199315158,0.6668676199315158,,2025-12-19 23:15:00,23,12,4
0.0,0.21637670421684163,-0.21637670421684163,0.21637670421684163,,2025-12-19 23:30:00,23,12,4
-0.01,-0.15315398762040644,0.14315398762040643,0.14315398762040643,1431.5398762040643,2025-12-20 00:00:00,0,12,5
-0.01,-1.0311198189832282,1.0211198189832282,1.0211198189832282,10211.198189832283,2025-12-20 00:15:00,0,12,5
-0.01,-0.9986903277885517,0.9886903277885517,0.9886903277885517,9886.903277885518,2025-12-20 00:30:00,0,12,5
0.0,-1.0408457572545728,1.0408457572545728,1.0408457572545728,,2025-12-20 00:45:00,0,12,5
-0.02,-0.2296711478203548,0.20967114782035481,0.20967114782035481,1048.355739101774,2025-12-20 01:00:00,1,12,5
-0.01,0.13290776724502962,-0.14290776724502963,0.14290776724502963,1429.0776724502962,2025-12-20 01:15:00,1,12,5
-0.01,-0.4915919567668112,0.4815919567668112,0.4815919567668112,4815.919567668112,2025-12-20 01:30:00,1,12,5
-0.01,-0.5996139114991976,0.5896139114991976,0.5896139114991976,5896.139114991976,2025-12-20 01:45:00,1,12,5
-0.01,-0.04121746147752248,0.031217461477522475,0.031217461477522475,312.1746147752247,2025-12-20 02:00:00,2,12,5
-0.01,-0.026686519046243973,0.01668651904624397,0.01668651904624397,166.8651904624397,2025-12-20 02:15:00,2,12,5
-0.01,-0.1054397308632602,0.0954397308632602,0.0954397308632602,954.397308632602,2025-12-20 02:30:00,2,12,5
-0.01,-0.1220372633793616,0.11203726337936161,0.11203726337936161,1120.372633793616,2025-12-20 02:45:00,2,12,5
-0.01,0.5259846957834569,-0.5359846957834569,0.5359846957834569,5359.8469578345685,2025-12-20 03:00:00,3,12,5
-0.01,0.6016935535071966,-0.6116935535071966,0.6116935535071966,6116.935535071965,2025-12-20 03:15:00,3,12,5
-0.01,0.506018297535114,-0.516018297535114,0.516018297535114,5160.182975351139,2025-12-20 03:30:00,3,12,5
-0.01,0.5057075060466261,-0.5157075060466261,0.5157075060466261,5157.075060466261,2025-12-20 03:45:00,3,12,5
0.0,1.0912027433283242,-1.0912027433283242,1.0912027433283242,,2025-12-20 04:00:00,4,12,5
0.0,1.28149964534947,-1.28149964534947,1.28149964534947,,2025-12-20 04:15:00,4,12,5
0.02,1.2846986485851843,-1.2646986485851843,1.2646986485851843,6323.493242925922,2025-12-20 05:45:00,5,12,5
0.01,2.3721760919946107,-2.362176091994611,2.362176091994611,23621.760919946108,2025-12-20 06:00:00,6,12,5
0.01,2.5430008462793054,-2.5330008462793057,2.5330008462793057,25330.008462793056,2025-12-20 06:15:00,6,12,5
1.0,2.4840969733722957,-1.4840969733722957,1.4840969733722957,148.40969733722957,2025-12-20 06:30:00,6,12,5
1.51,2.7123308292944373,-1.2023308292944372,1.2023308292944372,79.62455823141968,2025-12-20 06:45:00,6,12,5
1.51,4.176696312665314,-2.666696312665314,2.666696312665314,176.60240481227245,2025-12-20 07:00:00,7,12,5
1.95,4.146677793534749,-2.1966777935347492,2.1966777935347492,112.65014325819227,2025-12-20 07:15:00,7,12,5
1.99,5.400225471130845,-3.410225471130845,3.410225471130845,171.36811412717813,2025-12-20 07:30:00,7,12,5
1.99,5.095684530644434,-3.1056845306444334,3.1056845306444334,156.06454927861475,2025-12-20 07:45:00,7,12,5
1.99,5.30231719834498,-3.3123171983449797,3.3123171983449797,166.44810041934574,2025-12-20 08:00:00,8,12,5
2.0,5.724049605233461,-3.7240496052334606,3.7240496052334606,186.20248026167303,2025-12-20 08:15:00,8,12,5
2.01,5.443230401732642,-3.433230401732642,3.433230401732642,170.80748267326578,2025-12-20 08:30:00,8,12,5
2.04,5.423786956568094,-3.383786956568094,3.383786956568094,165.87190963569088,2025-12-20 08:45:00,8,12,5
2.41,5.7618661018895665,-3.3518661018895664,3.3518661018895664,139.0815809912683,2025-12-20 09:00:00,9,12,5
2.38,6.036994052667801,-3.656994052667801,3.656994052667801,153.65521229696643,2025-12-20 09:15:00,9,12,5
2.57,5.92102211657599,-3.3510221165759906,3.3510221165759906,130.38996562552495,2025-12-20 09:30:00,9,12,5
2.64,5.954211483334618,-3.3142114833346175,3.3142114833346175,125.5383137626749,2025-12-20 09:45:00,9,12,5
2.99,6.646405471297832,-3.656405471297832,3.656405471297832,122.28780840460975,2025-12-20 10:00:00,10,12,5
2.74,6.3851790074038846,-3.6451790074038843,3.6451790074038843,133.03573019722202,2025-12-20 10:15:00,10,12,5
3.0,6.308638721818838,-3.308638721818838,3.308638721818838,110.28795739396126,2025-12-20 10:30:00,10,12,5
3.21,6.429336378869493,-3.2193363788694933,3.2193363788694933,100.29085292428329,2025-12-20 10:45:00,10,12,5
3.99,6.9109207058864826,-2.9209207058864823,2.9209207058864823,73.20603272898451,2025-12-20 11:00:00,11,12,5
4.0,7.073280653072409,-3.073280653072409,3.073280653072409,76.83201632681022,2025-12-20 11:15:00,11,12,5
4.0,7.389236076082007,-3.389236076082007,3.389236076082007,84.73090190205016,2025-12-20 11:30:00,11,12,5
4.03,7.386400566081463,-3.3564005660814624,3.3564005660814624,83.28537384817524,2025-12-20 11:45:00,11,12,5
3.32,8.061084577808195,-4.741084577808195,4.741084577808195,142.80375234362032,2025-12-20 12:00:00,12,12,5
3.5,6.833244621820363,-3.333244621820363,3.333244621820363,95.23556062343894,2025-12-20 12:15:00,12,12,5
3.99,7.104465885815799,-3.1144658858157985,3.1144658858157985,78.05678911819044,2025-12-20 12:30:00,12,12,5
4.0,7.555708008698559,-3.5557080086985593,3.5557080086985593,88.89270021746398,2025-12-20 12:45:00,12,12,5
4.0,6.537730921144586,-2.537730921144586,2.537730921144586,63.443273028614655,2025-12-20 13:00:00,13,12,5
4.03,7.255185681146251,-3.225185681146251,3.225185681146251,80.02942136839333,2025-12-20 13:15:00,13,12,5
4.52,7.6190054846917405,-3.099005484691741,3.099005484691741,68.56206824539251,2025-12-20 13:30:00,13,12,5
4.6,7.587750530957656,-2.9877505309576566,2.9877505309576566,64.95109849907949,2025-12-20 13:45:00,13,12,5
4.41,7.3118648235823755,-2.9018648235823754,2.9018648235823754,65.80192343724207,2025-12-20 14:00:00,14,12,5
4.83,7.193775991271913,-2.363775991271913,2.363775991271913,48.93946151701683,2025-12-20 14:15:00,14,12,5
4.87,7.820336013368355,-2.9503360133683545,2.9503360133683545,60.581848323785515,2025-12-20 14:30:00,14,12,5
5.0,7.446974636377838,-2.4469746363778384,2.4469746363778384,48.93949272755677,2025-12-20 14:45:00,14,12,5
4.91,6.938800147291346,-2.0288001472913457,2.0288001472913457,41.31975860063841,2025-12-20 15:00:00,15,12,5
4.92,7.349330937044911,-2.429330937044911,2.429330937044911,49.37664506188844,2025-12-20 15:15:00,15,12,5
5.0,7.097472371196005,-2.0974723711960053,2.0974723711960053,41.949447423920105,2025-12-20 15:30:00,15,12,5
5.02,7.2630114393868155,-2.243011439386816,2.243011439386816,44.6815027766298,2025-12-20 15:45:00,15,12,5
5.15,6.542733728100977,-1.3927337281009766,1.3927337281009766,27.04337336118401,2025-12-20 16:00:00,16,12,5
5.23,6.7150226270207725,-1.485022627020772,1.485022627020772,28.39431409217537,2025-12-20 16:15:00,16,12,5
5.2,6.818111176403782,-1.618111176403782,1.618111176403782,31.117522623149657,2025-12-20 16:30:00,16,12,5
5.47,6.73745995794993,-1.2674599579499306,1.2674599579499306,23.171114404934748,2025-12-20 16:45:00,16,12,5
5.0,6.727848229867064,-1.7278482298670639,1.7278482298670639,34.55696459734128,2025-12-20 17:00:00,17,12,5
5.69,6.230978487337353,-0.5409784873373527,0.5409784873373527,9.507530533169643,2025-12-20 17:15:00,17,12,5
5.76,6.794133357853774,-1.034133357853774,1.034133357853774,17.953704129405796,2025-12-20 17:30:00,17,12,5
5.66,7.0040748478557475,-1.3440748478557474,1.3440748478557474,23.746905439147483,2025-12-20 17:45:00,17,12,5
5.77,5.980694939571052,-0.21069493957105223,0.21069493957105223,3.651558744732274,2025-12-20 18:00:00,18,12,5
5.59,7.080065009203189,-1.4900650092031889,1.4900650092031889,26.65590356356331,2025-12-20 18:15:00,18,12,5
5.82,6.426914792308345,-0.6069147923083449,0.6069147923083449,10.428089214920016,2025-12-20 18:30:00,18,12,5
5.83,6.524307063541244,-0.6943070635412436,0.6943070635412436,11.909212067602807,2025-12-20 18:45:00,18,12,5
6.08,6.527725957229407,-0.447725957229407,0.447725957229407,7.36391377022051,2025-12-20 19:00:00,19,12,5
5.39,6.4528495411265965,-1.0628495411265968,1.0628495411265968,19.718915419788438,2025-12-20 19:15:00,19,12,5
5.1,6.079648382572216,-0.9796483825722166,0.9796483825722166,19.208791815141506,2025-12-20 19:30:00,19,12,5
4.92,5.741643483364719,-0.8216434833647188,0.8216434833647188,16.70007080009591,2025-12-20 19:45:00,19,12,5
5.09,5.880475319802464,-0.7904753198024643,0.7904753198024643,15.529966990225233,2025-12-20 20:00:00,20,12,5
5.1,5.187054656804783,-0.08705465680478319,0.08705465680478319,1.706954054995749,2025-12-20 20:15:00,20,12,5
4.91,5.344609760253803,-0.43460976025380305,0.43460976025380305,8.85152261209375,2025-12-20 20:30:00,20,12,5
4.41,5.191769263514878,-0.7817692635148781,0.7817692635148781,17.727194184010838,2025-12-20 20:45:00,20,12,5
5.09,5.132051570726048,-0.04205157072604848,0.04205157072604848,0.8261605250697147,2025-12-20 21:00:00,21,12,5
5.07,5.742963321139676,-0.6729633211396759,0.6729633211396759,13.273438286778616,2025-12-20 21:15:00,21,12,5
5.06,5.384710683889018,-0.3247106838890188,0.3247106838890188,6.417207191482585,2025-12-20 21:30:00,21,12,5
5.09,5.035375013469704,0.05462498653029613,0.05462498653029613,1.073182446567704,2025-12-20 21:45:00,21,12,5
5.44,6.273989591200852,-0.8339895912008517,0.8339895912008517,15.330691014721538,2025-12-20 22:00:00,22,12,5
5.08,6.04141712135722,-0.9614171213572202,0.9614171213572202,18.92553388498465,2025-12-20 22:15:00,22,12,5
4.9,5.62909445711481,-0.7290944571148099,0.7290944571148099,14.879478716628771,2025-12-20 22:30:00,22,12,5
4.0,5.530207331030908,-1.5302073310309083,1.5302073310309083,38.25518327577271,2025-12-20 22:45:00,22,12,5
4.99,5.37288265219113,-0.38288265219112994,0.38288265219112994,7.672999041906412,2025-12-20 23:00:00,23,12,5
4.62,5.813372203476604,-1.1933722034766037,1.1933722034766037,25.83056717481826,2025-12-20 23:15:00,23,12,5
3.84,5.401614712515119,-1.5616147125151194,1.5616147125151194,40.667049805081234,2025-12-20 23:30:00,23,12,5
3.08,4.046322054756132,-0.966322054756132,0.966322054756132,31.3740926868874,2025-12-20 23:45:00,23,12,5
2.04,2.7326429277587394,-0.6926429277587394,0.6926429277587394,33.95308469405585,2025-12-21 00:00:00,0,12,6
2.61,0.8376360750917797,1.7723639249082201,1.7723639249082201,67.90666378958699,2025-12-21 00:15:00,0,12,6
2.93,1.0378821930270377,1.8921178069729625,1.8921178069729625,64.57739955539121,2025-12-21 00:30:00,0,12,6
2.56,1.1184983811935183,1.4415016188064818,1.4415016188064818,56.30865698462819,2025-12-21 00:45:00,0,12,6
2.5,0.8495726482141635,1.6504273517858365,1.6504273517858365,66.01709407143346,2025-12-21 01:00:00,1,12,6
2.34,2.155085527171309,0.1849144728286909,0.1849144728286909,7.902327898662004,2025-12-21 01:15:00,1,12,6
2.31,1.8942494669665493,0.4157505330334508,0.4157505330334508,17.99785857287666,2025-12-21 01:30:00,1,12,6
2.27,1.3033785170037788,0.9666214829962212,0.9666214829962212,42.58244418485556,2025-12-21 01:45:00,1,12,6
2.3,2.0758980100847495,0.22410198991525032,0.22410198991525032,9.743564778923927,2025-12-21 02:00:00,2,12,6
2.24,2.0000826586631533,0.23991734133684695,0.23991734133684695,10.710595595394953,2025-12-21 02:15:00,2,12,6
2.25,2.0286331102882613,0.22136688971173868,0.22136688971173868,9.83852843163283,2025-12-21 02:30:00,2,12,6
2.26,2.014917002058418,0.24508299794158184,0.24508299794158184,10.844380439893003,2025-12-21 02:45:00,2,12,6
2.3,2.726040676497398,-0.4260406764973981,0.4260406764973981,18.52350767379992,2025-12-21 03:00:00,3,12,6
2.3,2.674875232099467,-0.37487523209946705,0.37487523209946705,16.298923134759438,2025-12-21 03:15:00,3,12,6
2.36,2.716515400021869,-0.3565154000218693,0.3565154000218693,15.106584746689379,2025-12-21 03:30:00,3,12,6
2.66,2.745293615180543,-0.08529361518054301,0.08529361518054301,3.206526886486579,2025-12-21 03:45:00,3,12,6
2.38,3.6972187084259858,-1.3172187084259859,1.3172187084259859,55.345323883444784,2025-12-21 04:00:00,4,12,6
2.35,3.369783537447347,-1.019783537447347,1.019783537447347,43.39504414669562,2025-12-21 04:15:00,4,12,6
2.54,3.433340603108512,-0.8933406031085118,0.8933406031085118,35.17088988616188,2025-12-21 04:30:00,4,12,6
3.04,3.836109820208968,-0.7961098202089678,0.7961098202089678,26.187823033189726,2025-12-21 04:45:00,4,12,6
2.9,4.394737775933493,-1.4947377759334928,1.4947377759334928,51.54268192874113,2025-12-21 05:00:00,5,12,6
2.96,4.373046014232777,-1.4130460142327772,1.4130460142327772,47.73804102137761,2025-12-21 05:15:00,5,12,6
3.51,4.643221139036427,-1.1332211390364275,1.1332211390364275,32.285502536650355,2025-12-21 05:30:00,5,12,6
3.53,5.447723636679733,-1.917723636679733,1.917723636679733,54.32644863115391,2025-12-21 05:45:00,5,12,6
2.89,5.468117633678077,-2.5781176336780764,2.5781176336780764,89.20822261861856,2025-12-21 06:00:00,6,12,6
3.25,5.051456486206803,-1.8014564862068028,1.8014564862068028,55.4294303448247,2025-12-21 06:15:00,6,12,6
4.04,5.922196695493099,-1.882196695493099,1.882196695493099,46.58902711616582,2025-12-21 06:30:00,6,12,6
4.88,6.192895549875139,-1.3128955498751393,1.3128955498751393,26.90359733350696,2025-12-21 06:45:00,6,12,6
3.77,6.699945451623137,-2.9299454516231367,2.9299454516231367,77.71738598469858,2025-12-21 07:00:00,7,12,6
4.49,6.365727895845787,-1.8757278958457864,1.8757278958457864,41.77567696761217,2025-12-21 07:15:00,7,12,6
5.0,7.680711253229994,-2.680711253229994,2.680711253229994,53.61422506459987,2025-12-21 07:30:00,7,12,6
5.04,8.234352633653373,-3.1943526336533727,3.1943526336533727,63.38001257248755,2025-12-21 07:45:00,7,12,6
4.85,6.883830991396131,-2.0338309913961314,2.0338309913961314,41.93465961641508,2025-12-21 08:00:00,8,12,6
5.06,8.206579505352277,-3.1465795053522774,3.1465795053522774,62.18536571842446,2025-12-21 08:15:00,8,12,6
5.34,8.384710334913287,-3.0447103349132867,3.0447103349132867,57.017047470286265,2025-12-21 08:30:00,8,12,6
5.63,8.26620936561509,-2.6362093656150902,2.6362093656150902,46.824322657461636,2025-12-21 08:45:00,8,12,6
5.24,8.507035210626317,-3.2670352106263163,3.2670352106263163,62.3480002027923,2025-12-21 09:00:00,9,12,6
5.58,8.44602796893362,-2.8660279689336203,2.8660279689336203,51.36250840382832,2025-12-21 09:15:00,9,12,6
5.63,8.93315895783931,-3.303158957839311,3.303158957839311,58.67067420673732,2025-12-21 09:30:00,9,12,6
6.11,8.989797987659568,-2.8797979876595674,2.8797979876595674,47.13253662290617,2025-12-21 09:45:00,9,12,6
5.47,8.932763194835939,-3.462763194835939,3.462763194835939,63.30462879041937,2025-12-21 10:00:00,10,12,6
5.8,8.87423998898457,-3.07423998898457,3.07423998898457,53.004137741113276,2025-12-21 10:15:00,10,12,6
6.1,9.08189723227926,-2.9818972322792607,2.9818972322792607,48.883561184905915,2025-12-21 10:30:00,10,12,6
6.4,9.723553904701266,-3.3235539047012654,3.3235539047012654,51.93052976095727,2025-12-21 10:45:00,10,12,6
5.96,8.940140255275352,-2.9801402552753524,2.9801402552753524,50.00235327643209,2025-12-21 11:00:00,11,12,6
6.02,9.273976912349525,-3.2539769123495255,3.2539769123495255,54.05277263039079,2025-12-21 11:15:00,11,12,6
6.33,9.448007092644843,-3.1180070926448433,3.1180070926448433,49.25761599754887,2025-12-21 11:30:00,11,12,6
6.45,9.781620924606596,-3.3316209246065958,3.3316209246065958,51.65303759079993,2025-12-21 11:45:00,11,12,6
5.89,9.052870166103855,-3.162870166103855,3.162870166103855,53.698984144377846,2025-12-21 12:00:00,12,12,6
5.95,8.895941339046185,-2.9459413390461853,2.9459413390461853,49.51161914363336,2025-12-21 12:15:00,12,12,6
6.23,9.300302363618957,-3.070302363618957,3.070302363618957,49.28254195215019,2025-12-21 12:30:00,12,12,6
6.37,9.437262842422534,-3.067262842422534,3.067262842422534,48.15169297366615,2025-12-21 12:45:00,12,12,6
6.45,8.623320836390182,-2.1733208363901815,2.1733208363901815,33.69489668821986,2025-12-21 13:00:00,13,12,6
6.63,9.162803739319667,-2.532803739319667,2.532803739319667,38.2021680138713,2025-12-21 13:15:00,13,12,6
6.65,9.536148174256184,-2.886148174256183,2.886148174256183,43.40072442490501,2025-12-21 13:30:00,13,12,6
6.66,9.453882985670269,-2.793882985670269,2.793882985670269,41.95019498003407,2025-12-21 13:45:00,13,12,6
6.63,9.085573791523572,-2.4555737915235722,2.4555737915235722,37.03731208934498,2025-12-21 14:00:00,14,12,6
6.69,9.172711770884469,-2.4827117708844684,2.4827117708844684,37.110788802458416,2025-12-21 14:15:00,14,12,6
7.69,9.125396080140192,-1.4353960801401913,1.4353960801401913,18.665748766452424,2025-12-21 14:30:00,14,12,6
8.37,10.032810500873289,-1.6628105008732899,1.6628105008732899,19.86631422787682,2025-12-21 14:45:00,14,12,6
6.74,10.059051591426588,-3.3190515914265877,3.3190515914265877,49.24408889356955,2025-12-21 15:00:00,15,12,6
7.69,8.518745642857581,-0.828745642857581,0.828745642857581,10.776926435079076,2025-12-21 15:15:00,15,12,6
8.57,10.583695474312456,-2.013695474312456,2.013695474312456,23.497030038651765,2025-12-21 15:30:00,15,12,6
8.73,11.12556422458741,-2.3955642245874103,2.3955642245874103,27.44059821978706,2025-12-21 15:45:00,15,12,6
8.76,8.681846968971339,0.07815303102866089,0.07815303102866089,0.892157888455033,2025-12-21 16:00:00,16,12,6
9.88,10.787274439791567,-0.907274439791566,0.907274439791566,9.182939674003704,2025-12-21 16:15:00,16,12,6
10.39,11.940088963003593,-1.5500889630035921,1.5500889630035921,14.919046804654398,2025-12-21 16:30:00,16,12,6
10.97,11.719395751489255,-0.7493957514892546,0.7493957514892546,6.831319521324107,2025-12-21 16:45:00,16,12,6
11.68,11.68034644646276,-0.00034644646276049684,0.00034644646276049684,0.002966151222264528,2025-12-21 17:00:00,17,12,6
19.99,13.276727252622887,6.713272747377111,6.713272747377111,33.58315531454283,2025-12-21 17:15:00,17,12,6
22.54,20.51155181248303,2.028448187516968,2.028448187516968,8.999326475230559,2025-12-21 17:30:00,17,12,6
25.88,21.519971543731742,4.360028456268257,4.360028456268257,16.847096044313204,2025-12-21 17:45:00,17,12,6
20.78,24.067607609956646,-3.2876076099566447,3.2876076099566447,15.821018334728798,2025-12-21 18:00:00,18,12,6
21.87,25.934627428499326,-4.064627428499325,4.064627428499325,18.58540205075137,2025-12-21 18:15:00,18,12,6
21.56,24.135298761899847,-2.575298761899848,2.575298761899848,11.944799452225642,2025-12-21 18:30:00,18,12,6
20.0,24.877698934692475,-4.877698934692475,4.877698934692475,24.388494673462375,2025-12-21 18:45:00,18,12,6
13.97,15.992851424070388,-2.022851424070387,2.022851424070387,14.479967244598333,2025-12-21 19:00:00,19,12,6
10.39,15.4834688005981,-5.0934688005980995,5.0934688005980995,49.022798850799795,2025-12-21 19:15:00,19,12,6
9.62,12.197648111579355,-2.5776481115793555,2.5776481115793555,26.794678914546317,2025-12-21 19:30:00,19,12,6
9.69,10.920880737901918,-1.2308807379019182,1.2308807379019182,12.70258759444704,2025-12-21 19:45:00,19,12,6
9.24,6.519631237418949,2.7203687625810513,2.7203687625810513,29.441220374253803,2025-12-21 20:00:00,20,12,6
9.63,7.218016572952564,2.4119834270474367,2.4119834270474367,25.046556874843578,2025-12-21 20:15:00,20,12,6
10.08,9.600216967922286,0.4797830320777141,0.4797830320777141,4.759752302358275,2025-12-21 20:30:00,20,12,6
10.55,10.585598791894821,-0.03559879189482018,0.03559879189482018,0.3374293070599069,2025-12-21 20:45:00,20,12,6
9.51,10.486796854398023,-0.9767968543980228,0.9767968543980228,10.271260298612226,2025-12-21 21:00:00,21,12,6
11.19,10.138843998441441,1.0511560015585584,1.0511560015585584,9.393708682382112,2025-12-21 21:15:00,21,12,6
10.96,12.017195672559659,-1.0571956725596579,1.0571956725596579,9.645945917515125,2025-12-21 21:30:00,21,12,6
12.57,11.607718556530099,0.9622814434699016,0.9622814434699016,7.6553814118528365,2025-12-21 21:45:00,21,12,6
10.36,11.970789273421229,-1.6107892734212292,1.6107892734212292,15.548159009857427,2025-12-21 22:00:00,22,12,6
11.2,11.970918783904054,-0.7709187839040545,0.7709187839040545,6.883203427714774,2025-12-21 22:15:00,22,12,6
11.34,11.687073043344629,-0.3470730433446292,0.3470730433446292,3.0606088478362365,2025-12-21 22:30:00,22,12,6
12.92,13.321618473944042,-0.40161847394404226,0.40161847394404226,3.108502120309925,2025-12-21 22:45:00,22,12,6
10.4,11.809772631465478,-1.4097726314654775,1.4097726314654775,13.555506071783437,2025-12-21 23:00:00,23,12,6
11.89,11.599894229183246,0.2901057708167549,0.2901057708167549,2.439913968181286,2025-12-21 23:15:00,23,12,6
13.05,12.937939782632057,0.11206021736794369,0.11206021736794369,0.8586989836624037,2025-12-21 23:30:00,23,12,6
13.23,15.113951169333802,-1.8839511693338018,1.8839511693338018,14.23999372134393,2025-12-21 23:45:00,23,12,6
10.7,12.601845713011024,-1.9018457130110242,1.9018457130110242,17.774259000103033,2025-12-22 00:00:00,0,12,0
10.7,13.483489803651235,-2.7834898036512357,2.7834898036512357,26.013923398609677,2025-12-22 00:15:00,0,12,0
10.82,13.931792227040972,-3.111792227040972,3.111792227040972,28.759632412578302,2025-12-22 00:30:00,0,12,0
11.56,13.349756315322832,-1.7897563153228315,1.7897563153228315,15.4823210668065,2025-12-22 00:45:00,0,12,0
12.22,11.843494790308512,0.37650520969148893,0.37650520969148893,3.0810573624508097,2025-12-22 01:00:00,1,12,0
13.21,14.198994556978835,-0.9889945569788345,0.9889945569788345,7.486711256463546,2025-12-22 01:15:00,1,12,0
13.9,15.106268485558079,-1.2062684855580788,1.2062684855580788,8.6781905435833,2025-12-22 01:30:00,1,12,0
14.87,16.16775209425959,-1.2977520942595913,1.2977520942595913,8.727317379015409,2025-12-22 01:45:00,1,12,0
12.13,17.409444039358863,-5.279444039358863,5.279444039358863,43.523858527278335,2025-12-22 02:00:00,2,12,0
13.06,15.114593336586129,-2.0545933365861284,2.0545933365861284,15.731955104028547,2025-12-22 02:15:00,2,12,0
13.73,16.39603033933907,-2.66603033933907,2.66603033933907,19.417555275594097,2025-12-22 02:30:00,2,12,0
14.51,17.244718343705845,-2.734718343705845,2.734718343705845,18.847128488668815,2025-12-22 02:45:00,2,12,0
15.72,14.995767932414697,0.7242320675853033,0.7242320675853033,4.6070742212805555,2025-12-22 03:00:00,3,12,0
16.27,18.88624867720669,-2.6162486772066913,2.6162486772066913,16.080200843310948,2025-12-22 03:15:00,3,12,0
16.63,19.127999503668967,-2.497999503668968,2.497999503668968,15.021043317311895,2025-12-22 03:30:00,3,12,0
17.5,19.56842470693853,-2.0684247069385293,2.0684247069385293,11.819569753934452,2025-12-22 03:45:00,3,12,0
16.34,21.318508464070433,-4.978508464070433,4.978508464070433,30.468228054286616,2025-12-22 04:00:00,4,12,0
17.28,19.694273902879083,-2.4142739028790814,2.4142739028790814,13.971492493513201,2025-12-22 04:15:00,4,12,0
20.0,20.729090349825462,-0.7290903498254622,0.7290903498254622,3.6454517491273113,2025-12-22 04:30:00,4,12,0
20.77,23.65121865000179,-2.8812186500017916,2.8812186500017916,13.87202046221373,2025-12-22 04:45:00,4,12,0
20.17,22.526296184010693,-2.3562961840106915,2.3562961840106915,11.682182369909228,2025-12-22 05:00:00,5,12,0
24.2,23.604923897294206,0.5950761027057929,0.5950761027057929,2.458992159941293,2025-12-22 05:15:00,5,12,0
28.77,29.352205659340285,-0.5822056593402856,0.5822056593402856,2.023655402642633,2025-12-22 05:30:00,5,12,0
37.59,31.58901485771077,6.000985142289235,6.000985142289235,15.9643126956351,2025-12-22 05:45:00,5,12,0
25.99,38.17443431985441,-12.184434319854414,12.184434319854414,46.88124016873573,2025-12-22 06:00:00,6,12,0
32.37,29.890984123501084,2.479015876498913,2.479015876498913,7.65837465708654,2025-12-22 06:15:00,6,12,0
44.0,39.400977721348475,4.599022278651525,4.599022278651525,10.452323360571647,2025-12-22 06:30:00,6,12,0
60.15,53.93048974643413,6.219510253565872,6.219510253565872,10.340000421555898,2025-12-22 06:45:00,6,12,0
35.48,49.623075799960745,-14.143075799960748,14.143075799960748,39.86210766618024,2025-12-22 07:00:00,7,12,0
40.6,38.00835591034176,2.5916440896582387,2.5916440896582387,6.38335982674443,2025-12-22 07:15:00,7,12,0
52.44,53.74808129569734,-1.3080812956973418,1.3080812956973418,2.4944342023213997,2025-12-22 07:30:00,7,12,0
71.79,70.34939781956064,1.4406021804393703,1.4406021804393703,2.0066892052366208,2025-12-22 07:45:00,7,12,0
43.35,45.440174283546014,-2.0901742835460126,2.0901742835460126,4.821624644858161,2025-12-22 08:00:00,8,12,0
50.01,38.193308309182456,11.816691690817542,11.816691690817542,23.628657650105065,2025-12-22 08:15:00,8,12,0
57.31,57.24796587654443,0.06203412345557524,0.06203412345557524,0.10824310496523337,2025-12-22 08:30:00,8,12,0
72.66,72.15075595761726,0.5092440423827327,0.5092440423827327,0.7008588527150189,2025-12-22 08:45:00,8,12,0
72.93,45.106626182269444,27.823373817730563,27.823373817730563,38.15079366204657,2025-12-22 09:00:00,9,12,0
73.13,69.78219475676958,3.347805243230411,3.347805243230411,4.577882186832232,2025-12-22 09:15:00,9,12,0
73.46,71.81556287263909,1.6444371273609022,1.6444371273609022,2.238547682222846,2025-12-22 09:30:00,9,12,0
73.57,81.05753432807865,-7.487534328078652,7.487534328078652,10.17742874551944,2025-12-22 09:45:00,9,12,0
73.74,70.84482064255263,2.895179357447361,2.895179357447361,3.926199291357962,2025-12-22 10:00:00,10,12,0
73.82,70.98458107305214,2.8354189269478525,2.8354189269478525,3.84099014758582,2025-12-22 10:15:00,10,12,0
73.88,71.20755143561877,2.6724485643812272,2.6724485643812272,3.617282842963221,2025-12-22 10:30:00,10,12,0
73.91,71.1398607596357,2.7701392403643013,2.7701392403643013,3.747989771836425,2025-12-22 10:45:00,10,12,0
74.27,71.99359517340157,2.276404826598423,2.276404826598423,3.065039486466168,2025-12-22 11:00:00,11,12,0
74.56,72.30209058779482,2.25790941220518,2.25790941220518,3.0283119798889215,2025-12-22 11:15:00,11,12,0
74.78,72.5255972163521,2.2544027836479046,2.2544027836479046,3.014713537908404,2025-12-22 11:30:00,11,12,0
75.04,72.68757699289662,2.3524230071033827,2.3524230071033827,3.1348920670354246,2025-12-22 11:45:00,11,12,0
74.7,73.88561780330005,0.8143821966999525,0.8143821966999525,1.0902037439089054,2025-12-22 12:00:00,12,12,0
74.74,73.55180632578654,1.1881936742134513,1.1881936742134513,1.589769432985619,2025-12-22 12:15:00,12,12,0
74.79,73.66093770046652,1.1290622995334871,1.1290622995334871,1.5096434009005042,2025-12-22 12:30:00,12,12,0
74.89,73.80557170348763,1.084428296512371,1.084428296512371,1.4480281699991602,2025-12-22 12:45:00,12,12,0
74.17,73.93337975397745,0.23662024602255372,0.23662024602255372,0.31902419579689056,2025-12-22 13:00:00,13,12,0
74.42,73.56068807608563,0.859311923914376,0.859311923914376,1.1546787475334266,2025-12-22 13:15:00,13,12,0
74.59,73.9831365943553,0.6068634056447024,0.6068634056447024,0.8135988814113183,2025-12-22 13:30:00,13,12,0
75.09,74.18355611227042,0.90644388772958,0.90644388772958,1.2071432783720601,2025-12-22 13:45:00,13,12,0
75.63,74.34395150968717,1.2860484903128224,1.2860484903128224,1.7004475609054905,2025-12-22 14:00:00,14,12,0
76.78,75.55942425526113,1.2205757447388663,1.2205757447388663,1.58970532005583,2025-12-22 14:15:00,14,12,0
78.99,76.54142511730446,2.4485748826955387,2.4485748826955387,3.099854263445422,2025-12-22 14:30:00,14,12,0
79.55,78.77206244182355,0.7779375581764469,0.7779375581764469,0.9779227632639182,2025-12-22 14:45:00,14,12,0
79.63,79.4355133425062,0.19448665749379757,0.19448665749379757,0.24423792225768876,2025-12-22 15:00:00,15,12,0
82.0,80.12080780441265,1.8791921955873505,1.8791921955873505,2.291697799496769,2025-12-22 15:15:00,15,12,0
89.97,83.59134373964312,6.378656260356877,6.378656260356877,7.089759097873599,2025-12-22 15:30:00,15,12,0
99.01,89.54249987435674,9.46750012564327,9.46750012564327,9.562165564734137,2025-12-22 15:45:00,15,12,0
89.86,96.53438398535417,-6.674383985354169,6.674383985354169,7.427536151072968,2025-12-22 16:00:00,16,12,0
96.92,88.41293273984598,8.507067260154017,8.507067260154017,8.777411535445745,2025-12-22 16:15:00,16,12,0
98.82,102.5799178674275,-3.759917867427504,3.759917867427504,3.804814680659284,2025-12-22 16:30:00,16,12,0
101.13,105.59405465309848,-4.464054653098486,4.464054653098486,4.41417448145801,2025-12-22 16:45:00,16,12,0
92.49,92.50905208286346,-0.01905208286346749,0.01905208286346749,0.02059907326572331,2025-12-22 17:00:00,17,12,0
89.83,97.39857108695011,-7.568571086950115,7.568571086950115,8.42543814644341,2025-12-22 17:15:00,17,12,0
84.89,93.16158349233197,-8.27158349233197,8.27158349233197,9.743884429652457,2025-12-22 17:30:00,17,12,0
84.8,89.83389494324642,-5.033894943246423,5.033894943246423,5.936196867035877,2025-12-22 17:45:00,17,12,0
84.89,81.38966447916374,3.500335520836259,3.500335520836259,4.123377925357826,2025-12-22 18:00:00,18,12,0
79.81,85.46869613913915,-5.658696139139153,5.658696139139153,7.0902094212995275,2025-12-22 18:15:00,18,12,0
79.04,78.08229270226725,0.9577072977327532,0.9577072977327532,1.2116742127185642,2025-12-22 18:30:00,18,12,0
76.85,81.98555151518102,-5.135551515181021,5.135551515181021,6.682565406871856,2025-12-22 18:45:00,18,12,0
75.54,75.90150987453137,-0.3615098745313645,0.3615098745313645,0.478567480184491,2025-12-22 19:00:00,19,12,0
74.57,70.33079240361101,4.2392075963889795,4.2392075963889795,5.684870050139439,2025-12-22 19:15:00,19,12,0
73.86,72.78859118306607,1.0714088169339249,1.0714088169339249,1.4505941198672148,2025-12-22 19:30:00,19,12,0
73.68,70.87742868068565,2.802571319314353,2.802571319314353,3.8037070023267545,2025-12-22 19:45:00,19,12,0
73.15,70.96252204273434,2.1874779572656706,2.1874779572656706,2.9904004884014634,2025-12-22 20:00:00,20,12,0
72.95,70.61197279434214,2.338027205657866,2.338027205657866,3.2049721804768554,2025-12-22 20:15:00,20,12,0
72.8,70.6279270867777,2.1720729132222942,2.1720729132222942,2.983616639041613,2025-12-22 20:30:00,20,12,0
72.51,70.94636347900888,1.5636365209911247,1.5636365209911247,2.1564425885962275,2025-12-22 20:45:00,20,12,0
71.71,70.18453234126875,1.5254676587312446,1.5254676587312446,2.127273265557446,2025-12-22 21:00:00,21,12,0
71.42,69.75166243789346,1.6683375621065437,1.6683375621065437,2.3359529012973166,2025-12-22 21:15:00,21,12,0
70.98,69.69708260453149,1.282917395468516,1.282917395468516,1.8074350457431894,2025-12-22 21:30:00,21,12,0
70.74,69.21891339500934,1.521086604990657,1.521086604990657,2.1502496536480877,2025-12-22 21:45:00,21,12,0
87.71,68.53318504863742,19.176814951362573,19.176814951362573,21.863886616534685,2025-12-22 22:00:00,22,12,0
70.28,84.85870186889488,-14.578701868894882,14.578701868894882,20.74374198761366,2025-12-22 22:15:00,22,12,0
65.59,65.0622995131769,0.5277004868231074,0.5277004868231074,0.8045441177360991,2025-12-22 22:30:00,22,12,0
60.7,64.18311989140298,-3.4831198914029784,3.4831198914029784,5.7382535278467515,2025-12-22 22:45:00,22,12,0
60.88,76.72592442883001,-15.84592442883001,15.84592442883001,26.028128168249033,2025-12-22 23:00:00,23,12,0
59.93,48.920733362126995,11.009266637873004,11.009266637873004,18.37020964103622,2025-12-22 23:15:00,23,12,0
58.2,56.589225531537444,1.6107744684625587,1.6107744684625587,2.767653725880685,2025-12-22 23:30:00,23,12,0
57.18,54.09475743716904,3.085242562830963,3.085242562830963,5.3956673012084,2025-12-22 23:45:00,23,12,0
59.59,59.16227511206842,0.42772488793158203,0.42772488793158203,0.7177796407645276,2025-12-23 00:00:00,0,12,1
50.34,60.63491514600021,-10.294915146000207,10.294915146000207,20.450765089392544,2025-12-23 00:15:00,0,12,1
45.61,50.62067467696971,-5.010674676969714,5.010674676969714,10.985912468690449,2025-12-23 00:30:00,0,12,1
45.67,48.33868632944883,-2.668686329448825,2.668686329448825,5.84341215119077,2025-12-23 00:45:00,0,12,1
50.16,52.660289578873744,-2.5002895788737476,2.5002895788737476,4.984628347036977,2025-12-23 01:00:00,1,12,1
48.23,46.41892379368076,1.8110762063192354,1.8110762063192354,3.755082327014795,2025-12-23 01:15:00,1,12,1
43.3,46.217787083392366,-2.917787083392369,2.917787083392369,6.738538298827643,2025-12-23 01:30:00,1,12,1
37.54,45.57909379469238,-8.039093794692384,8.039093794692384,21.41474106204684,2025-12-23 01:45:00,1,12,1
45.39,45.70926603328182,-0.3192660332818207,0.3192660332818207,0.703384078611634,2025-12-23 02:00:00,2,12,1
39.64,49.047871345273904,-9.407871345273904,9.407871345273904,23.733277863960403,2025-12-23 02:15:00,2,12,1
32.87,38.991559238954125,-6.121559238954127,6.121559238954127,18.623544992254722,2025-12-23 02:30:00,2,12,1
29.9,32.0452136489009,-2.1452136489008993,2.1452136489008993,7.174627588297322,2025-12-23 02:45:00,2,12,1
31.7,42.645583635821794,-10.945583635821794,10.945583635821794,34.528655002592416,2025-12-23 03:00:00,3,12,1
31.29,33.685072694086806,-2.3950726940868066,2.3950726940868066,7.654434944349014,2025-12-23 03:15:00,3,12,1
30.82,30.899420489836174,-0.07942048983617411,0.07942048983617411,0.25769140115565903,2025-12-23 03:30:00,3,12,1
30.19,32.798540897199416,-2.608540897199415,2.608540897199415,8.640413703873516,2025-12-23 03:45:00,3,12,1
30.46,36.63969964851782,-6.179699648517818,6.179699648517818,20.287917427832628,2025-12-23 04:00:00,4,12,1
30.39,35.29807086042646,-4.908070860426463,4.908070860426463,16.150282528550388,2025-12-23 04:15:00,4,12,1
30.43,35.04711590913374,-4.617115909133737,4.617115909133737,15.172908015556153,2025-12-23 04:30:00,4,12,1
30.43,34.86630200952486,-4.436302009524859,4.436302009524859,14.578711828869073,2025-12-23 04:45:00,4,12,1
30.17,36.00599566511705,-5.835995665117046,5.835995665117046,19.343704557895414,2025-12-23 05:00:00,5,12,1
30.71,35.53390124901989,-4.82390124901989,4.82390124901989,15.707916799153013,2025-12-23 05:15:00,5,12,1
33.48,36.27947234587778,-2.7994723458777813,2.7994723458777813,8.361625883744866,2025-12-23 05:30:00,5,12,1
37.75,38.846071680189624,-1.096071680189624,1.096071680189624,2.903501139575163,2025-12-23 05:45:00,5,12,1
31.77,42.46688778099558,-10.696887780995578,10.696887780995578,33.66977582938488,2025-12-23 06:00:00,6,12,1
35.23,36.82521326583539,-1.5952132658353904,1.5952132658353904,4.527996780685185,2025-12-23 06:15:00,6,12,1
37.61,43.35882148707907,-5.74882148707907,5.74882148707907,15.285353594998858,2025-12-23 06:30:00,6,12,1
42.13,46.8164837621178,-4.6864837621177955,4.6864837621177955,11.123863665126501,2025-12-23 06:45:00,6,12,1
39.29,42.37691713211282,-3.0869171321128235,3.0869171321128235,7.856750145362239,2025-12-23 07:00:00,7,12,1
39.38,46.609463408235165,-7.229463408235162,7.229463408235162,18.358210787798786,2025-12-23 07:15:00,7,12,1
38.88,46.78245543505319,-7.902455435053184,7.902455435053184,20.325245460527736,2025-12-23 07:30:00,7,12,1
38.88,48.54849706263163,-9.66849706263163,9.66849706263163,24.867533597303574,2025-12-23 07:45:00,7,12,1
40.53,37.210142843449155,3.319857156550846,3.319857156550846,8.191110674934237,2025-12-23 08:00:00,8,12,1
35.0,40.664135539896826,-5.664135539896826,5.664135539896826,16.183244399705217,2025-12-23 08:15:00,8,12,1
34.12,34.49346801609526,-0.37346801609525926,0.37346801609525926,1.0945721456484738,2025-12-23 08:30:00,8,12,1
30.56,34.94676463821696,-4.386764638216963,4.386764638216963,14.354596329243991,2025-12-23 08:45:00,8,12,1
35.0,34.30935402116534,0.6906459788346595,0.6906459788346595,1.9732742252418844,2025-12-23 09:00:00,9,12,1
34.99,32.70574425260608,2.284255747393921,2.284255747393921,6.528310224046644,2025-12-23 09:15:00,9,12,1
34.88,35.086013877435946,-0.20601387743594302,0.20601387743594302,0.5906361165021302,2025-12-23 09:30:00,9,12,1
34.99,32.213724631720936,2.776275368279066,2.776275368279066,7.9344823328924425,2025-12-23 09:45:00,9,12,1
34.88,40.07428621631695,-5.1942862163169465,5.1942862163169465,14.89187562017473,2025-12-23 10:00:00,10,12,1
33.76,36.50438972612242,-2.744389726122421,2.744389726122421,8.129116487329446,2025-12-23 10:15:00,10,12,1
33.4,35.33449059871254,-1.934490598712543,1.934490598712543,5.791888020097434,2025-12-23 10:30:00,10,12,1
34.99,35.29448983002934,-0.3044898300293397,0.3044898300293397,0.870219577105858,2025-12-23 10:45:00,10,12,1
28.56,37.45733257141322,-8.89733257141322,8.89733257141322,31.153125250046287,2025-12-23 11:00:00,11,12,1
29.99,30.1346834876106,-0.14468348761060312,0.14468348761060312,0.4824391050703672,2025-12-23 11:15:00,11,12,1
30.9,33.10597254934845,-2.205972549348452,2.205972549348452,7.139069738991754,2025-12-23 11:30:00,11,12,1
30.99,35.397968092729286,-4.407968092729288,4.407968092729288,14.2238402475937,2025-12-23 11:45:00,11,12,1
33.17,28.748573612770617,4.421426387229385,4.421426387229385,13.329594173136522,2025-12-23 12:00:00,12,12,1
33.61,36.83335838000697,-3.223358380006971,3.223358380006971,9.59047420412666,2025-12-23 12:15:00,12,12,1
33.42,36.57106833963148,-3.151068339631479,3.151068339631479,9.428690423792576,2025-12-23 12:30:00,12,12,1
33.97,35.688494109124214,-1.7184941091242152,1.7184941091242152,5.058858136956772,2025-12-23 12:45:00,12,12,1
32.38,38.72491033090663,-6.344910330906629,6.344910330906629,19.595152349927822,2025-12-23 13:00:00,13,12,1
33.11,35.89528915323148,-2.7852891532314814,2.7852891532314814,8.412229396652013,2025-12-23 13:15:00,13,12,1
33.84,36.34317094740031,-2.5031709474003065,2.5031709474003065,7.397077267731402,2025-12-23 13:30:00,13,12,1
33.82,37.51138596235129,-3.6913859623512906,3.6913859623512906,10.914801781050535,2025-12-23 13:45:00,13,12,1
33.54,35.8703608031882,-2.3303608031881993,2.3303608031881993,6.948004779929037,2025-12-23 14:00:00,14,12,1
34.88,37.44527859238562,-2.565278592385617,2.565278592385617,7.354583120371608,2025-12-23 14:15:00,14,12,1
34.89,38.8663979160892,-3.976397916089198,3.976397916089198,11.39695590739237,2025-12-23 14:30:00,14,12,1
34.08,38.03209484616763,-3.9520948461676326,3.9520948461676326,11.596522435937889,2025-12-23 14:45:00,14,12,1
35.0,37.37264226556479,-2.3726422655647923,2.3726422655647923,6.7789779016136915,2025-12-23 15:00:00,15,12,1
34.99,39.823705903459135,-4.833705903459133,4.833705903459133,13.81453530568486,2025-12-23 15:15:00,15,12,1
30.0,38.59105037588675,-8.591050375886752,8.591050375886752,28.636834586289172,2025-12-23 15:30:00,15,12,1
29.28,33.08635891896956,-3.8063589189695577,3.8063589189695577,12.999859695934282,2025-12-23 15:45:00,15,12,1
34.88,35.22702646438435,-0.34702646438434925,0.34702646438434925,0.9949153222028362,2025-12-23 16:00:00,16,12,1
35.0,39.84857816638578,-4.848578166385778,4.848578166385778,13.853080475387936,2025-12-23 16:15:00,16,12,1
30.76,34.17322992376,-3.413229923759996,3.413229923759996,11.096326150065005,2025-12-23 16:30:00,16,12,1
27.64,33.17151697549784,-5.531516975497837,5.531516975497837,20.01272422394297,2025-12-23 16:45:00,16,12,1
32.43,37.29349324818547,-4.8634932481854705,4.8634932481854705,14.996895615743048,2025-12-23 17:00:00,17,12,1
32.9,38.28857645877915,-5.3885764587791485,5.3885764587791485,16.37865185039255,2025-12-23 17:15:00,17,12,1
29.16,33.737098665637504,-4.577098665637504,4.577098665637504,15.696497481610095,2025-12-23 17:30:00,17,12,1
25.27,30.339562366004554,-5.069562366004554,5.069562366004554,20.061584353005752,2025-12-23 17:45:00,17,12,1
29.5,34.68800583633969,-5.188005836339691,5.188005836339691,17.586460462168446,2025-12-23 18:00:00,18,12,1
30.0,36.251525679957304,-6.251525679957304,6.251525679957304,20.838418933191015,2025-12-23 18:15:00,18,12,1
27.57,32.02566903847758,-4.455669038477581,4.455669038477581,16.161295025308597,2025-12-23 18:30:00,18,12,1
26.0,28.7744229169777,-2.7744229169776986,2.7744229169776986,10.670857372991147,2025-12-23 18:45:00,18,12,1
29.57,30.24036564689487,-0.6703656468948687,0.6703656468948687,2.267046489329958,2025-12-23 19:00:00,19,12,1
29.54,31.177069558756926,-1.6370695587569273,1.6370695587569273,5.54187392944119,2025-12-23 19:15:00,19,12,1
28.19,27.79726131552867,0.39273868447133253,0.39273868447133253,1.3931844074896507,2025-12-23 19:30:00,19,12,1
22.54,26.841610449820497,-4.3016104498204975,4.3016104498204975,19.084340948626874,2025-12-23 19:45:00,19,12,1
21.95,26.013650622320263,-4.063650622320264,4.063650622320264,18.51321468027455,2025-12-23 20:00:00,20,12,1
23.72,23.826652238588718,-0.10665223858871897,0.10665223858871897,0.44963001091365506,2025-12-23 20:15:00,20,12,1
23.73,24.311969904651107,-0.5819699046511069,0.5819699046511069,2.452464832073775,2025-12-23 20:30:00,20,12,1
21.47,19.66221862240984,1.8077813775901603,1.8077813775901603,8.420034362320262,2025-12-23 20:45:00,20,12,1
18.79,21.01366040995356,-2.2236604099535597,2.2236604099535597,11.834275731525064,2025-12-23 21:00:00,21,12,1
19.09,21.015097582948968,-1.9250975829489683,1.9250975829489683,10.08432468805117,2025-12-23 21:15:00,21,12,1
18.64,20.466202532980066,-1.8262025329800657,1.8262025329800657,9.797223889378035,2025-12-23 21:30:00,21,12,1
17.59,17.83317956023999,-0.24317956023999088,0.24317956023999088,1.3824875511085326,2025-12-23 21:45:00,21,12,1
17.38,15.969422450211596,1.4105775497884032,1.4105775497884032,8.116096373926371,2025-12-23 22:00:00,22,12,1
16.49,18.293069120323327,-1.8030691203233289,1.8030691203233289,10.934318498018976,2025-12-23 22:15:00,22,12,1
14.04,16.84416380510493,-2.804163805104931,2.804163805104931,19.972676674536547,2025-12-23 22:30:00,22,12,1
13.73,14.067642769033807,-0.3376427690338062,0.3376427690338062,2.459160735861662,2025-12-23 22:45:00,22,12,1
14.84,14.889811376259136,-0.0498113762591359,0.0498113762591359,0.3356561742529373,2025-12-23 23:00:00,23,12,1
15.1,15.272311598156747,-0.1723115981567478,0.1723115981567478,1.1411364116340912,2025-12-23 23:15:00,23,12,1
13.98,13.650857921261839,0.3291420787381618,0.3291420787381618,2.354378245623475,2025-12-23 23:30:00,23,12,1
13.05,14.065417685682803,-1.0154176856828023,1.0154176856828023,7.780978434350976,2025-12-23 23:45:00,23,12,1
15.57,16.503610882904045,-0.9336108829040448,0.9336108829040448,5.99621633207479,2025-12-24 00:00:00,0,12,2
15.6,18.447885667870928,-2.847885667870928,2.847885667870928,18.255677358146976,2025-12-24 00:15:00,0,12,2
15.83,16.751925405972017,-0.9219254059720168,0.9219254059720168,5.823912861478312,2025-12-24 00:30:00,0,12,2
15.55,16.901734703586886,-1.3517347035868852,1.3517347035868852,8.692827675799904,2025-12-24 00:45:00,0,12,2
15.13,19.920119439047802,-4.7901194390478015,4.7901194390478015,31.659745135808336,2025-12-24 01:00:00,1,12,2
15.09,17.724232586116937,-2.634232586116937,2.634232586116937,17.456809715818007,2025-12-24 01:15:00,1,12,2
13.84,17.9611429776185,-4.121142977618501,4.121142977618501,29.777044635971826,2025-12-24 01:30:00,1,12,2
13.06,16.37878369042718,-3.31878369042718,3.31878369042718,25.411819987956967,2025-12-24 01:45:00,1,12,2
11.5,16.02902737437507,-4.529027374375069,4.529027374375069,39.382846733696255,2025-12-24 02:00:00,2,12,2
10.39,15.001385907123463,-4.611385907123463,4.611385907123463,44.38292499637596,2025-12-24 02:15:00,2,12,2
10.4,13.12813506796331,-2.7281350679633096,2.7281350679633096,26.232067961185667,2025-12-24 02:30:00,2,12,2
10.4,13.536533502354722,-3.1365335023547214,3.1365335023547214,30.158975984180014,2025-12-24 02:45:00,2,12,2
10.4,13.055718964694957,-2.655718964694957,2.655718964694957,25.53575927591305,2025-12-24 03:00:00,3,12,2
19.99,13.162462394063251,6.827537605936747,6.827537605936747,34.154765412389935,2025-12-24 03:15:00,3,12,2
22.35,22.882959519661213,-0.5329595196612118,0.5329595196612118,2.3846063519517307,2025-12-24 03:30:00,3,12,2
27.29,23.318042683842375,3.9719573161576243,3.9719573161576243,14.554625563054687,2025-12-24 03:45:00,3,12,2
26.0,27.915066140105512,-1.9150661401055125,1.9150661401055125,7.365639000405817,2025-12-24 04:00:00,4,12,2
27.3,34.76283942753642,-7.462839427536419,7.462839427536419,27.33640815947406,2025-12-24 04:15:00,4,12,2
32.15,31.318467110018283,0.831532889981716,0.831532889981716,2.5864164540644357,2025-12-24 04:30:00,4,12,2
34.88,38.48161435159072,-3.601614351590719,3.601614351590719,10.325729219010087,2025-12-24 04:45:00,4,12,2
34.0,35.626890181137256,-1.6268901811372558,1.6268901811372558,4.784971120991929,2025-12-24 05:00:00,5,12,2
34.99,36.470277530401184,-1.4802775304011817,1.4802775304011817,4.230573107748447,2025-12-24 05:15:00,5,12,2
41.8,41.16660363303458,0.6333963669654139,0.6333963669654139,1.5153023133143875,2025-12-24 05:30:00,5,12,2
44.9,46.3227239736586,-1.4227239736585986,1.4227239736585986,3.1686502754089054,2025-12-24 05:45:00,5,12,2
27.0,45.40814456498091,-18.40814456498091,18.40814456498091,68.178313203633,2025-12-24 06:00:00,6,12,2
36.05,29.631217330491353,6.418782669508644,6.418782669508644,17.80522238421261,2025-12-24 06:15:00,6,12,2
47.39,47.21751418256555,0.17248581743444902,0.17248581743444902,0.3639709167217747,2025-12-24 06:30:00,6,12,2
59.43,53.94991180162672,5.480088198373281,5.480088198373281,9.22108059628686,2025-12-24 06:45:00,6,12,2
44.92,44.235275768684666,0.6847242313153359,0.6847242313153359,1.5243193039076932,2025-12-24 07:00:00,7,12,2
50.08,50.11563418740177,-0.03563418740176871,0.03563418740176871,0.07115452755944232,2025-12-24 07:15:00,7,12,2
55.68,61.6667251668696,-5.986725166869597,5.986725166869597,10.752020773831891,2025-12-24 07:30:00,7,12,2
70.12,68.79935440514316,1.3206455948568419,1.3206455948568419,1.883407864884258,2025-12-24 07:45:00,7,12,2
56.38,53.07017058049072,3.3098294195092848,3.3098294195092848,5.870573642265493,2025-12-24 08:00:00,8,12,2
56.83,53.031140524162,3.7988594758380003,3.7988594758380003,6.6846022802005995,2025-12-24 08:15:00,8,12,2
49.99,57.51436263221888,-7.524362632218875,7.524362632218875,15.05173561156006,2025-12-24 08:30:00,8,12,2
50.0,60.412427331768285,-10.412427331768285,10.412427331768285,20.82485466353657,2025-12-24 08:45:00,8,12,2
56.78,39.138147064625564,17.641852935374438,17.641852935374438,31.070540569521725,2025-12-24 09:00:00,9,12,2
55.39,56.118723874025996,-0.7287238740259951,0.7287238740259951,1.3156235313702747,2025-12-24 09:15:00,9,12,2
52.05,46.76591467518586,5.284085324814136,5.284085324814136,10.151941065925334,2025-12-24 09:30:00,9,12,2
50.0,49.000281682050364,0.9997183179496361,0.9997183179496361,1.9994366358992721,2025-12-24 09:45:00,9,12,2
73.52,54.96218931033037,18.557810689669623,18.557810689669623,25.241853495198075,2025-12-24 10:00:00,10,12,2
61.17,71.05153189509087,-9.881531895090873,9.881531895090873,16.154212677931785,2025-12-24 10:15:00,10,12,2
49.99,52.819818145634954,-2.8298181456349525,2.8298181456349525,5.660768444958897,2025-12-24 10:30:00,10,12,2
44.96,45.28015457596928,-0.3201545759692763,0.3201545759692763,0.7120875800028388,2025-12-24 10:45:00,10,12,2
49.72,67.09545475703408,-17.375454757034078,17.375454757034078,34.94661053305325,2025-12-24 11:00:00,11,12,2
40.8,43.43094938940402,-2.630949389404023,2.630949389404023,6.448405366186331,2025-12-24 11:15:00,11,12,2
34.47,32.852892562224646,1.6171074377753527,1.6171074377753527,4.691347368074711,2025-12-24 11:30:00,11,12,2
25.14,32.23262361206787,-7.092623612067868,7.092623612067868,28.212504423499873,2025-12-24 11:45:00,11,12,2
6.2,33.55387891190844,-27.353878911908442,27.353878911908442,441.19159535336195,2025-12-24 12:00:00,12,12,2
6.11,5.72771951348917,0.38228048651083046,0.38228048651083046,6.256636440439123,2025-12-24 12:15:00,12,12,2
5.76,9.929694645159667,-4.169694645159668,4.169694645159668,72.39053203402202,2025-12-24 12:30:00,12,12,2
5.66,5.55037356327427,0.1096264367257298,0.1096264367257298,1.9368628396772047,2025-12-24 12:45:00,12,12,2
6.05,-4.798359245301512,10.848359245301513,10.848359245301513,179.31172306283491,2025-12-24 13:00:00,13,12,2
5.72,9.552868693804868,-3.832868693804868,3.832868693804868,67.00819394763757,2025-12-24 13:15:00,13,12,2
5.72,8.899738653557314,-3.1797386535573144,3.1797386535573144,55.589836600652355,2025-12-24 13:30:00,13,12,2
5.5,9.107999737964995,-3.6079997379649953,3.6079997379649953,65.59999523572718,2025-12-24 13:45:00,13,12,2
5.36,9.744385854583008,-4.384385854583008,4.384385854583008,81.79824355565313,2025-12-24 14:00:00,14,12,2
5.18,9.039111785093326,-3.859111785093326,3.859111785093326,74.50022751145417,2025-12-24 14:15:00,14,12,2
5.53,9.132993873180894,-3.6029938731808935,3.6029938731808935,65.15359626005231,2025-12-24 14:30:00,14,12,2
5.55,9.279397141340482,-3.729397141340482,3.729397141340482,67.1963448890177,2025-12-24 14:45:00,14,12,2
5.2,9.607528702539287,-4.407528702539287,4.407528702539287,84.76016735652475,2025-12-24 15:00:00,15,12,2
5.12,9.212493132288355,-4.092493132288355,4.092493132288355,79.93150649000692,2025-12-24 15:15:00,15,12,2
5.12,9.68146575424618,-4.561465754246179,4.561465754246179,89.09112801262069,2025-12-24 15:30:00,15,12,2
5.04,9.450265472795085,-4.410265472795085,4.410265472795085,87.5052673173628,2025-12-24 15:45:00,15,12,2
5.04,9.34138531184842,-4.30138531184842,4.30138531184842,85.34494666365913,2025-12-24 16:00:00,16,12,2
5.0,9.531232116898032,-4.531232116898032,4.531232116898032,90.62464233796064,2025-12-24 16:15:00,16,12,2
4.92,9.559932648570552,-4.639932648570552,4.639932648570552,94.30757415793805,2025-12-24 16:30:00,16,12,2
4.87,9.418957758246641,-4.548957758246641,4.548957758246641,93.40775684284684,2025-12-24 16:45:00,16,12,2
4.89,9.807852447326319,-4.917852447326319,4.917852447326319,100.56957969992473,2025-12-24 17:00:00,17,12,2
4.52,9.778244994021264,-5.258244994021265,5.258244994021265,116.33285385002799,2025-12-24 17:15:00,17,12,2
4.47,9.38462629331162,-4.91462629331162,4.91462629331162,109.94689694209441,2025-12-24 17:30:00,17,12,2
4.41,9.414049020841574,-5.004049020841574,5.004049020841574,113.4704993388112,2025-12-24 17:45:00,17,12,2
4.5,9.851207817608334,-5.3512078176083335,5.3512078176083335,118.91572928018519,2025-12-24 18:00:00,18,12,2
4.41,9.555106364695469,-5.145106364695469,5.145106364695469,116.66907856452309,2025-12-24 18:15:00,18,12,2
4.37,9.681729726698343,-5.311729726698343,5.311729726698343,121.54987932948154,2025-12-24 18:30:00,18,12,2
4.31,9.627646599983372,-5.317646599983372,5.317646599983372,123.37927146133114,2025-12-24 18:45:00,18,12,2
4.0,5.310680554662952,-1.3106805546629516,1.3106805546629516,32.76701386657379,2025-12-24 19:00:00,19,12,2
4.0,4.861889905820114,-0.8618899058201137,0.8618899058201137,21.547247645502843,2025-12-24 19:15:00,19,12,2
3.76,4.917048611477448,-1.1570486114774479,1.1570486114774479,30.772569454187444,2025-12-24 19:30:00,19,12,2
3.0,4.666790011179735,-1.6667900111797351,1.6667900111797351,55.5596670393245,2025-12-24 19:45:00,19,12,2
3.15,3.4638757870452963,-0.3138757870452964,0.3138757870452964,9.96431069985068,2025-12-24 20:00:00,20,12,2
2.54,3.915476862813037,-1.375476862813037,1.375476862813037,54.15263239421405,2025-12-24 20:15:00,20,12,2
2.27,3.0964727628377986,-0.8264727628377986,0.8264727628377986,36.408491754969106,2025-12-24 20:30:00,20,12,2
2.24,2.3977994480438483,-0.15779944804384805,0.15779944804384805,7.044618216243216,2025-12-24 20:45:00,20,12,2
2.71,2.953288313749816,-0.24328831374981608,0.24328831374981608,8.977428551653729,2025-12-24 21:00:00,21,12,2
2.68,2.669377856172325,0.010622143827675234,0.010622143827675234,0.3963486502863893,2025-12-24 21:15:00,21,12,2
2.26,2.7616952377562427,-0.5016952377562429,0.5016952377562429,22.198904325497477,2025-12-24 21:30:00,21,12,2
2.23,2.5451692856094184,-0.31516928560941837,0.31516928560941837,14.133151821050152,2025-12-24 21:45:00,21,12,2
2.27,3.008316652978664,-0.7383166529786638,0.7383166529786638,32.524962686284745,2025-12-24 22:00:00,22,12,2
2.23,2.6487951311331983,-0.41879513113319833,0.41879513113319833,18.78005072346181,2025-12-24 22:15:00,22,12,2
2.0,2.223304595538856,-0.22330459553885618,0.22330459553885618,11.165229776942809,2025-12-24 22:30:00,22,12,2
2.0,2.283442355045324,-0.2834423550453238,0.2834423550453238,14.172117752266189,2025-12-24 22:45:00,22,12,2
1.99,2.4641974914127758,-0.4741974914127758,0.4741974914127758,23.829019668983708,2025-12-24 23:00:00,23,12,2
1.76,2.370036575322324,-0.6100365753223238,0.6100365753223238,34.66116905240476,2025-12-24 23:15:00,23,12,2
1.64,1.9732713190128095,-0.3332713190128096,0.3332713190128096,20.321421891024976,2025-12-24 23:30:00,23,12,2
1.51,2.061899736701946,-0.551899736701946,0.551899736701946,36.54965143721497,2025-12-24 23:45:00,23,12,2
1.48,3.732502937600451,-2.252502937600451,2.252502937600451,152.1961444324629,2025-12-25 00:00:00,0,12,3
1.56,3.486326957806405,-1.9263269578064048,1.9263269578064048,123.48249729528236,2025-12-25 00:15:00,0,12,3
1.17,3.6041506751839663,-2.4341506751839663,2.4341506751839663,208.04706625503985,2025-12-25 00:30:00,0,12,3
0.66,3.217016407549359,-2.5570164075493587,2.5570164075493587,387.42672841656946,2025-12-25 00:45:00,0,12,3
0.84,3.204645192345936,-2.364645192345936,2.364645192345936,281.5053800411829,2025-12-25 01:00:00,1,12,3
0.49,3.465726883714119,-2.9757268837141186,2.9757268837141186,607.2912007579835,2025-12-25 01:15:00,1,12,3
0.05,2.760118660116383,-2.7101186601163834,2.7101186601163834,5420.237320232766,2025-12-25 01:30:00,1,12,3
0.01,2.28009364528706,-2.2700936452870604,2.2700936452870604,22700.936452870603,2025-12-25 01:45:00,1,12,3
0.27,3.2546590508257367,-2.9846590508257367,2.9846590508257367,1105.429278083606,2025-12-25 02:00:00,2,12,3
0.04,2.2739188152529124,-2.2339188152529124,2.2339188152529124,5584.797038132281,2025-12-25 02:15:00,2,12,3
0.02,2.610860152454741,-2.590860152454741,2.590860152454741,12954.300762273704,2025-12-25 02:30:00,2,12,3
0.0,2.871325977066725,-2.871325977066725,2.871325977066725,,2025-12-25 02:45:00,2,12,3
0.0,3.6250416520367637,-3.6250416520367637,3.6250416520367637,,2025-12-25 03:00:00,3,12,3
-0.01,3.765103222087923,-3.775103222087923,3.775103222087923,37751.03222087923,2025-12-25 03:45:00,3,12,3
-0.01,3.5641661615471847,-3.5741661615471845,3.5741661615471845,35741.66161547184,2025-12-25 04:00:00,4,12,3
-0.01,3.538007167464933,-3.5480071674649327,3.5480071674649327,35480.07167464933,2025-12-25 04:15:00,4,12,3
-0.01,3.4864903650801935,-3.4964903650801933,3.4964903650801933,34964.903650801934,2025-12-25 04:30:00,4,12,3
-0.01,3.460090705066584,-3.4700907050665837,3.4700907050665837,34700.90705066584,2025-12-25 04:45:00,4,12,3
0.0,3.897104368044161,-3.897104368044161,3.897104368044161,,2025-12-25 05:00:00,5,12,3
0.0,4.020334650863468,-4.020334650863468,4.020334650863468,,2025-12-25 05:15:00,5,12,3
0.01,3.516169806661921,-3.506169806661921,3.506169806661921,35061.69806661921,2025-12-25 06:30:00,6,12,3
0.01,4.081037265213233,-4.071037265213233,4.071037265213233,40710.37265213233,2025-12-25 06:45:00,6,12,3
0.0,4.40343113487112,-4.40343113487112,4.40343113487112,,2025-12-25 07:00:00,7,12,3
0.0,4.493903871493536,-4.493903871493536,4.493903871493536,,2025-12-25 07:15:00,7,12,3
0.05,-2.0339513375750116,2.0839513375750114,2.0839513375750114,4167.902675150022,2025-12-25 08:15:00,8,12,3
0.05,-1.5732951263372428,1.6232951263372428,1.6232951263372428,3246.590252674486,2025-12-25 08:30:00,8,12,3
0.1,-1.4255099170789833,1.5255099170789834,1.5255099170789834,1525.5099170789833,2025-12-25 08:45:00,8,12,3
0.03,-0.4523760003907924,0.4823760003907924,0.4823760003907924,1607.9200013026416,2025-12-25 09:00:00,9,12,3
0.09,-0.37085707312986926,0.46085707312986923,0.46085707312986923,512.0634145887436,2025-12-25 09:15:00,9,12,3
0.42,-0.7024752844175666,1.1224752844175665,1.1224752844175665,267.2560200994206,2025-12-25 09:30:00,9,12,3
0.49,-0.596965819645213,1.086965819645213,1.086965819645213,221.82975911126795,2025-12-25 09:45:00,9,12,3
0.07,0.5404060075266486,-0.4704060075266486,0.4704060075266486,672.0085821809264,2025-12-25 10:00:00,10,12,3
0.36,0.4033035977936805,-0.04330359779368054,0.04330359779368054,12.028777164911261,2025-12-25 10:15:00,10,12,3
0.44,0.40968804310989526,0.03031195689010474,0.03031195689010474,6.889081111387441,2025-12-25 10:30:00,10,12,3
0.45,0.7503098493669071,-0.30030984936690713,0.30030984936690713,66.73552208153491,2025-12-25 10:45:00,10,12,3
0.7,1.0488600241392092,-0.34886002413920925,0.34886002413920925,49.83714630560133,2025-12-25 11:00:00,11,12,3
0.84,1.8329144721956254,-0.9929144721956255,0.9929144721956255,118.20410383281256,2025-12-25 11:15:00,11,12,3
0.87,1.8450080476151953,-0.9750080476151953,0.9750080476151953,112.06989053048221,2025-12-25 11:30:00,11,12,3
0.87,1.8676217057678102,-0.9976217057678102,0.9976217057678102,114.6691615825069,2025-12-25 11:45:00,11,12,3
1.05,2.8234269737177087,-1.7734269737177086,1.7734269737177086,168.89780702073415,2025-12-25 12:00:00,12,12,3
1.02,2.8922892664302324,-1.8722892664302324,1.8722892664302324,183.55777121865023,2025-12-25 12:15:00,12,12,3
1.01,2.7811307717509735,-1.7711307717509734,1.7711307717509734,175.3594823515815,2025-12-25 12:30:00,12,12,3
1.01,2.751092034791391,-1.741092034791391,1.741092034791391,172.38534997934565,2025-12-25 12:45:00,12,12,3
1.22,3.4353018163979456,-2.215301816397946,2.215301816397946,181.58211609819227,2025-12-25 13:00:00,13,12,3
1.16,3.442695103040357,-2.282695103040357,2.282695103040357,196.78406060692734,2025-12-25 13:15:00,13,12,3
1.39,3.3894525795539607,-1.9994525795539608,1.9994525795539608,143.84550932042885,2025-12-25 13:30:00,13,12,3
1.5,3.5908397943443617,-2.0908397943443617,2.0908397943443617,139.38931962295743,2025-12-25 13:45:00,13,12,3
1.75,4.300579272974467,-2.550579272974467,2.550579272974467,145.7473870271124,2025-12-25 14:00:00,14,12,3
1.51,4.288780381288568,-2.778780381288568,2.778780381288568,184.02519081381246,2025-12-25 14:15:00,14,12,3
1.46,4.310454823687529,-2.850454823687529,2.850454823687529,195.2366317594198,2025-12-25 14:30:00,14,12,3
1.29,4.226041917746791,-2.936041917746791,2.936041917746791,227.60014866254195,2025-12-25 14:45:00,14,12,3
1.09,4.636119073764341,-3.5461190737643413,3.5461190737643413,325.33202511599455,2025-12-25 15:00:00,15,12,3
0.93,4.074348593794163,-3.1443485937941626,3.1443485937941626,338.10199933270565,2025-12-25 15:15:00,15,12,3
0.96,4.092160363517316,-3.1321603635173156,3.1321603635173156,326.2667045330537,2025-12-25 15:30:00,15,12,3
1.07,4.00352465612864,-2.9335246561286397,2.9335246561286397,274.1611828157607,2025-12-25 15:45:00,15,12,3
0.88,4.4138167353750575,-3.5338167353750576,3.5338167353750576,401.57008356534743,2025-12-25 16:00:00,16,12,3
1.04,4.247089910184258,-3.2070899101842576,3.2070899101842576,308.37402982540937,2025-12-25 16:15:00,16,12,3
1.05,4.529475252683575,-3.4794752526835753,3.4794752526835753,331.37859549367386,2025-12-25 16:30:00,16,12,3
1.45,4.609580285719879,-3.159580285719879,3.159580285719879,217.9020886703365,2025-12-25 16:45:00,16,12,3
0.98,5.081373275382411,-4.101373275382411,4.101373275382411,418.5074770798378,2025-12-25 17:00:00,17,12,3
0.98,4.9439259736263566,-3.9639259736263566,3.9639259736263566,404.48224220677105,2025-12-25 17:15:00,17,12,3
0.99,4.882005170903035,-3.892005170903035,3.892005170903035,393.131835444751,2025-12-25 17:30:00,17,12,3
1.06,5.255393705229416,-4.1953937052294155,4.1953937052294155,395.7918589839071,2025-12-25 17:45:00,17,12,3
1.5,5.042071630108794,-3.5420716301087936,3.5420716301087936,236.13810867391956,2025-12-25 18:00:00,18,12,3
1.5,5.744821612711512,-4.244821612711512,4.244821612711512,282.9881075141008,2025-12-25 18:15:00,18,12,3
1.5,5.7223290262490565,-4.2223290262490565,4.2223290262490565,281.48860174993706,2025-12-25 18:30:00,18,12,3
1.3,5.7795415836609365,-4.479541583660937,4.479541583660937,344.58012182007207,2025-12-25 18:45:00,18,12,3
1.51,1.5922261534625548,-0.0822261534625548,0.0822261534625548,5.445440626659257,2025-12-25 19:00:00,19,12,3
1.5,1.4609674874796426,0.03903251252035744,0.03903251252035744,2.6021675013571626,2025-12-25 19:15:00,19,12,3
1.51,1.4326521253027238,0.07734787469727622,0.07734787469727622,5.122375807766637,2025-12-25 19:30:00,19,12,3
1.51,1.2558072736991903,0.2541927263008097,0.2541927263008097,16.833955384159584,2025-12-25 19:45:00,19,12,3
0.99,1.2882393496536153,-0.2982393496536153,0.2982393496536153,30.12518683369852,2025-12-25 20:00:00,20,12,3
1.06,0.6804280680663624,0.3795719319336377,0.3795719319336377,35.808672823928084,2025-12-25 20:15:00,20,12,3
1.5,0.8095850225544794,0.6904149774455206,0.6904149774455206,46.02766516303471,2025-12-25 20:30:00,20,12,3
1.41,1.156340206711107,0.2536597932888929,0.2536597932888929,17.99005626162361,2025-12-25 20:45:00,20,12,3
1.5,0.3735974196764573,1.1264025803235427,1.1264025803235427,75.09350535490285,2025-12-25 21:00:00,21,12,3
1.51,0.9118939266062682,0.5981060733937318,0.5981060733937318,39.60967373468422,2025-12-25 21:15:00,21,12,3
1.51,1.2732758350592022,0.23672416494079784,0.23672416494079784,15.677097015946877,2025-12-25 21:30:00,21,12,3
1.51,0.8604614351102668,0.6495385648897332,0.6495385648897332,43.015798999320076,2025-12-25 21:45:00,21,12,3
1.51,0.961475869746856,0.5485241302531441,0.5485241302531441,36.32610134126782,2025-12-25 22:00:00,22,12,3
1.31,0.9038521149694816,0.40614788503051846,0.40614788503051846,31.003655345841103,2025-12-25 22:15:00,22,12,3
0.81,0.7255805964276192,0.08441940357238087,0.08441940357238087,10.422148589182822,2025-12-25 22:30:00,22,12,3
0.46,0.31429433456543165,0.14570566543456837,0.14570566543456837,31.675144659688776,2025-12-25 22:45:00,22,12,3
1.5,0.17222026195464224,1.3277797380453578,1.3277797380453578,88.51864920302384,2025-12-25 23:00:00,23,12,3
1.01,0.675183950607881,0.33481604939211906,0.33481604939211906,33.15010390020981,2025-12-25 23:15:00,23,12,3
0.24,0.030563897262240403,0.2094361027377596,0.2094361027377596,87.26504280739982,2025-12-25 23:30:00,23,12,3
0.09,-0.49000338379363484,0.5800033837936348,0.5800033837936348,644.4482042151498,2025-12-25 23:45:00,23,12,3
1.95,2.762199856900814,-0.8121998569008142,0.8121998569008142,41.65127471286227,2025-12-26 00:00:00,0,12,4
1.72,2.568664526792908,-0.848664526792908,0.848664526792908,49.340960860052796,2025-12-26 00:15:00,0,12,4
1.5,2.3032926260443958,-0.8032926260443958,0.8032926260443958,53.552841736293054,2025-12-26 00:30:00,0,12,4
1.06,2.5771764889837883,-1.5171764889837882,1.5171764889837882,143.12985745130075,2025-12-26 00:45:00,0,12,4
1.72,4.389824698139286,-2.669824698139286,2.669824698139286,155.22236617088873,2025-12-26 01:00:00,1,12,4
1.51,3.379221615401768,-1.869221615401768,1.869221615401768,123.78951095375947,2025-12-26 01:15:00,1,12,4
1.72,3.117523986455815,-1.397523986455815,1.397523986455815,81.2513945613846,2025-12-26 01:30:00,1,12,4
1.72,3.0738521304130018,-1.3538521304130018,1.3538521304130018,78.71233316354662,2025-12-26 01:45:00,1,12,4
1.72,4.379849224217558,-2.6598492242175586,2.6598492242175586,154.64239675683478,2025-12-26 02:00:00,2,12,4
1.62,3.6940368726529513,-2.0740368726529512,2.0740368726529512,128.02696744771302,2025-12-26 02:15:00,2,12,4
1.72,3.9617334909358846,-2.241733490935885,2.241733490935885,130.33334249627237,2025-12-26 02:30:00,2,12,4
1.72,3.904470278684542,-2.1844702786845422,2.1844702786845422,127.00408597003153,2025-12-26 02:45:00,2,12,4
1.5,4.322519985701639,-2.822519985701639,2.822519985701639,188.16799904677595,2025-12-26 03:00:00,3,12,4
1.71,4.040014654889298,-2.3300146548892977,2.3300146548892977,136.25816695259053,2025-12-26 03:15:00,3,12,4
1.71,4.4143997330890485,-2.7043997330890486,2.7043997330890486,158.15203117479817,2025-12-26 03:30:00,3,12,4
1.95,4.32113678252238,-2.37113678252238,2.37113678252238,121.59675807807078,2025-12-26 03:45:00,3,12,4
1.51,4.761064496993875,-3.251064496993875,3.251064496993875,215.30228456913082,2025-12-26 04:00:00,4,12,4
1.68,4.7152895257382355,-3.0352895257382357,3.0352895257382357,180.6719955796569,2025-12-26 04:15:00,4,12,4
1.95,4.766953327068187,-2.8169533270681866,2.8169533270681866,144.45914497785571,2025-12-26 04:30:00,4,12,4
1.98,5.210647264879832,-3.2306472648798317,3.2306472648798317,163.16400327675916,2025-12-26 04:45:00,4,12,4
2.0,5.032698194513159,-3.0326981945131593,3.0326981945131593,151.63490972565796,2025-12-26 05:00:00,5,12,4
2.0,5.535250916877658,-3.535250916877658,3.535250916877658,176.7625458438829,2025-12-26 05:15:00,5,12,4
2.18,5.664393338940265,-3.4843933389402646,3.4843933389402646,159.83455683212222,2025-12-26 05:30:00,5,12,4
2.2,5.655160912391089,-3.455160912391089,3.455160912391089,157.0527687450495,2025-12-26 05:45:00,5,12,4
2.15,5.999963031201126,-3.8499630312011264,3.8499630312011264,179.0680479628431,2025-12-26 06:00:00,6,12,4
2.21,5.946528777222973,-3.736528777222973,3.736528777222973,169.07370032683136,2025-12-26 06:15:00,6,12,4
2.21,6.183173006942006,-3.973173006942006,3.973173006942006,179.7815840245252,2025-12-26 06:30:00,6,12,4
2.24,6.062059134830442,-3.8220591348304414,3.8220591348304414,170.62763994778754,2025-12-26 06:45:00,6,12,4
2.25,6.300958915144719,-4.050958915144719,4.050958915144719,180.0426184508764,2025-12-26 07:00:00,7,12,4
2.27,6.4018942421053495,-4.13189424210535,4.13189424210535,182.02177277997137,2025-12-26 07:15:00,7,12,4
2.28,6.3790007250985,-4.0990007250985006,4.0990007250985006,179.7807335569518,2025-12-26 07:30:00,7,12,4
2.32,6.414949446486908,-4.094949446486908,4.094949446486908,176.50644165891845,2025-12-26 07:45:00,7,12,4
2.23,0.8041741784872798,1.4258258215127202,1.4258258215127202,63.938377646310315,2025-12-26 08:00:00,8,12,4
2.25,0.7324808392643405,1.5175191607356595,1.5175191607356595,67.44529603269598,2025-12-26 08:15:00,8,12,4
2.26,0.758812553985166,1.5011874460148338,1.5011874460148338,66.42422327499266,2025-12-26 08:30:00,8,12,4
2.28,0.7956628141381685,1.4843371858618313,1.4843371858618313,65.10250815183471,2025-12-26 08:45:00,8,12,4
2.34,1.70575418900507,0.6342458109949298,0.6342458109949298,27.104521837390166,2025-12-26 09:00:00,9,12,4
2.37,1.8444448013139976,0.5255551986860025,0.5255551986860025,22.175324839071838,2025-12-26 09:15:00,9,12,4
2.41,1.8559145689422536,0.5540854310577465,0.5540854310577465,22.991096724387823,2025-12-26 09:30:00,9,12,4
2.41,1.8994047386758908,0.5105952613241094,0.5105952613241094,21.186525366145617,2025-12-26 09:45:00,9,12,4
2.29,2.8119108863210442,-0.5219108863210442,0.5219108863210442,22.790868398298876,2025-12-26 10:00:00,10,12,4
2.37,2.689172302935546,-0.319172302935546,0.319172302935546,13.467185777871137,2025-12-26 10:15:00,10,12,4
2.43,2.793313266691456,-0.3633132666914558,0.3633132666914558,14.951163238331514,2025-12-26 10:30:00,10,12,4
2.41,2.805319462157442,-0.39531946215744185,0.39531946215744185,16.40329718495609,2025-12-26 10:45:00,10,12,4
2.42,3.4096438149734496,-0.9896438149734497,0.9896438149734497,40.89437251956404,2025-12-26 11:00:00,11,12,4
2.43,3.5857978499495644,-1.1557978499495642,1.1557978499495642,47.56369752878865,2025-12-26 11:15:00,11,12,4
2.77,3.5917217950776816,-0.8217217950776816,0.8217217950776816,29.66504675370692,2025-12-26 11:30:00,11,12,4
2.67,3.826545380851755,-1.156545380851755,1.156545380851755,43.31630639894213,2025-12-26 11:45:00,11,12,4
2.29,4.337830234327946,-2.0478302343279458,2.0478302343279458,89.42490106235572,2025-12-26 12:00:00,12,12,4
2.33,4.017283068379207,-1.687283068379207,1.687283068379207,72.41558233387154,2025-12-26 12:15:00,12,12,4
2.66,4.419492882238238,-1.7594928822382379,1.7594928822382379,66.14634895632473,2025-12-26 12:30:00,12,12,4
3.0,4.358585357149671,-1.3585853571496713,1.3585853571496713,45.28617857165571,2025-12-26 12:45:00,12,12,4
2.52,4.853944978277028,-2.3339449782770276,2.3339449782770276,92.61686421734237,2025-12-26 13:00:00,13,12,4
2.96,4.692141874580486,-1.7321418745804857,1.7321418745804857,58.51830657366506,2025-12-26 13:15:00,13,12,4
2.86,5.434984409351053,-2.5749844093510528,2.5749844093510528,90.03441990737947,2025-12-26 13:30:00,13,12,4
3.2,5.355824535870035,-2.1558245358700345,2.1558245358700345,67.36951674593857,2025-12-26 13:45:00,13,12,4
3.0,5.413542164114119,-2.4135421641141193,2.4135421641141193,80.45140547047063,2025-12-26 14:00:00,14,12,4
3.99,5.953885033509856,-1.9638850335098557,1.9638850335098557,49.220176278442494,2025-12-26 14:15:00,14,12,4
4.01,6.4550958101767435,-2.4450958101767437,2.4450958101767437,60.97495785976918,2025-12-26 14:30:00,14,12,4
4.27,6.717924018713013,-2.447924018713014,2.447924018713014,57.32843135159283,2025-12-26 14:45:00,14,12,4
4.0,6.909692447584426,-2.909692447584426,2.909692447584426,72.74231118961066,2025-12-26 15:00:00,15,12,4
4.14,7.700045265682498,-3.560045265682498,3.560045265682498,85.99143153822459,2025-12-26 15:15:00,15,12,4
4.31,7.155245547272791,-2.8452455472727918,2.8452455472727918,66.01497789496037,2025-12-26 15:30:00,15,12,4
4.47,7.514643491114192,-3.0446434911141926,3.0446434911141926,68.112829778841,2025-12-26 15:45:00,15,12,4
4.31,7.574780977830628,-3.264780977830628,3.264780977830628,75.74897860395889,2025-12-26 16:00:00,16,12,4
4.38,7.733389554364749,-3.3533895543647487,3.3533895543647487,76.56140535079335,2025-12-26 16:15:00,16,12,4
4.51,7.8779037894918815,-3.3679037894918817,3.3679037894918817,74.67635896877786,2025-12-26 16:30:00,16,12,4
4.72,8.007822995825329,-3.287822995825329,3.287822995825329,69.65726686070613,2025-12-26 16:45:00,16,12,4
4.53,8.321139735577134,-3.7911397355771337,3.7911397355771337,83.68961888691244,2025-12-26 17:00:00,17,12,4
4.58,8.29919013411179,-3.7191901341117894,3.7191901341117894,81.20502476226615,2025-12-26 17:15:00,17,12,4
4.92,8.445411827644463,-3.5254118276444633,3.5254118276444633,71.65471194399315,2025-12-26 17:30:00,17,12,4
4.99,8.84248387557247,-3.852483875572469,3.852483875572469,77.204085682815,2025-12-26 17:45:00,17,12,4
5.03,8.990307464140123,-3.960307464140123,3.960307464140123,78.7337468019905,2025-12-26 18:00:00,18,12,4
5.11,9.201668054949344,-4.091668054949344,4.091668054949344,80.07178189724743,2025-12-26 18:15:00,18,12,4
5.1,9.54153398504694,-4.44153398504694,4.44153398504694,87.08890166758707,2025-12-26 18:30:00,18,12,4
5.1,9.33231643570462,-4.23231643570462,4.23231643570462,82.98659677852196,2025-12-26 18:45:00,18,12,4
5.1,4.945853695703029,0.15414630429697063,0.15414630429697063,3.0224765548425614,2025-12-26 19:00:00,19,12,4
5.1,4.990845810128867,0.10915418987113235,0.10915418987113235,2.140278232767301,2025-12-26 19:15:00,19,12,4
5.08,4.921084378572679,0.15891562142732063,0.15891562142732063,3.1282602643173356,2025-12-26 19:30:00,19,12,4
5.06,4.911695921645524,0.14830407835447534,0.14830407835447534,2.930910639416509,2025-12-26 19:45:00,19,12,4
5.06,4.5901338595260555,0.46986614047394415,0.46986614047394415,9.285892104228145,2025-12-26 20:00:00,20,12,4
5.0,4.595013841256325,0.40498615874367516,0.40498615874367516,8.099723174873503,2025-12-26 20:15:00,20,12,4
4.64,4.520938689582742,0.11906131041725754,0.11906131041725754,2.565976517613309,2025-12-26 20:30:00,20,12,4
4.26,4.195060196187669,0.06493980381233122,0.06493980381233122,1.5244085401955687,2025-12-26 20:45:00,20,12,4
4.99,3.7466558183383185,1.2433441816616817,1.2433441816616817,24.916717067368367,2025-12-26 21:00:00,21,12,4
4.67,4.417242097594048,0.25275790240595164,0.25275790240595164,5.4123747838533545,2025-12-26 21:15:00,21,12,4
4.35,3.7091734567939127,0.6408265432060869,0.6408265432060869,14.731644671404299,2025-12-26 21:30:00,21,12,4
4.28,3.3844417478956146,0.8955582521043857,0.8955582521043857,20.924258226737983,2025-12-26 21:45:00,21,12,4
4.24,4.297089713739659,-0.057089713739658876,0.057089713739658876,1.3464555127278037,2025-12-26 22:00:00,22,12,4
4.12,3.4259702172700983,0.6940297827299018,0.6940297827299018,16.84538307596849,2025-12-26 22:15:00,22,12,4
3.68,3.2647473811062753,0.4152526188937249,0.4152526188937249,11.284038556894698,2025-12-26 22:30:00,22,12,4
3.58,3.0553126534855366,0.5246873465144635,0.5246873465144635,14.656071131688925,2025-12-26 22:45:00,22,12,4
4.0,3.1323476764692018,0.8676523235307982,0.8676523235307982,21.691308088269956,2025-12-26 23:00:00,23,12,4
3.31,3.4476571228953716,-0.13765712289537158,0.13765712289537158,4.158825465116966,2025-12-26 23:15:00,23,12,4
2.25,2.4370841558502505,-0.1870841558502505,0.1870841558502505,8.314851371122245,2025-12-26 23:30:00,23,12,4
2.0,1.8316912352490817,0.16830876475091827,0.16830876475091827,8.415438237545914,2025-12-26 23:45:00,23,12,4
2.75,1.1810630673171474,1.5689369326828526,1.5689369326828526,57.052252097558274,2025-12-27 00:00:00,0,12,5
2.44,0.9132066675994963,1.5267933324005036,1.5267933324005036,62.57349722952884,2025-12-27 00:15:00,0,12,5
2.2,0.05988762494541078,2.1401123750545894,2.1401123750545894,97.27783522975405,2025-12-27 00:30:00,0,12,5
1.8,0.4495559345388074,1.3504440654611927,1.3504440654611927,75.02467030339959,2025-12-27 00:45:00,0,12,5
1.99,1.5207871975643954,0.4692128024356046,0.4692128024356046,23.578532785708774,2025-12-27 01:00:00,1,12,5
1.2,0.8928633577529013,0.3071366422470987,0.3071366422470987,25.594720187258226,2025-12-27 01:15:00,1,12,5
0.09,0.18372064540512412,-0.09372064540512412,0.09372064540512412,104.1340504501379,2025-12-27 01:30:00,1,12,5
0.02,-0.8332438088457792,0.8532438088457792,0.8532438088457792,4266.219044228896,2025-12-27 01:45:00,1,12,5
0.02,0.351908484825735,-0.331908484825735,0.331908484825735,1659.542424128675,2025-12-27 02:00:00,2,12,5
0.0,-0.6194328921269872,0.6194328921269872,0.6194328921269872,,2025-12-27 02:15:00,2,12,5
0.0,-0.9624531024889293,0.9624531024889293,0.9624531024889293,,2025-12-27 02:30:00,2,12,5
-0.01,0.9899764632960384,-0.9999764632960384,0.9999764632960384,9999.764632960383,2025-12-27 03:00:00,3,12,5
-0.01,0.3155591699818814,-0.3255591699818814,0.3255591699818814,3255.591699818814,2025-12-27 03:15:00,3,12,5
-0.02,0.3287687915208011,-0.3487687915208011,0.3487687915208011,1743.8439576040055,2025-12-27 03:30:00,3,12,5
-0.03,0.17625348479884195,-0.20625348479884195,0.20625348479884195,687.5116159961399,2025-12-27 03:45:00,3,12,5
-0.01,0.8775115480743452,-0.8875115480743452,0.8875115480743452,8875.115480743452,2025-12-27 04:00:00,4,12,5
-0.02,1.048942986541789,-1.068942986541789,1.068942986541789,5344.714932708945,2025-12-27 04:15:00,4,12,5
-0.02,0.8050866863681776,-0.8250866863681776,0.8250866863681776,4125.433431840888,2025-12-27 04:30:00,4,12,5
-0.02,0.9342311619718089,-0.9542311619718089,0.9542311619718089,4771.155809859045,2025-12-27 04:45:00,4,12,5
-0.17,1.5701120355958054,-1.7401120355958053,1.7401120355958053,1023.595315056356,2025-12-27 05:00:00,5,12,5
-0.02,0.747822152249789,-0.767822152249789,0.767822152249789,3839.110761248945,2025-12-27 05:15:00,5,12,5
-0.01,1.6938738487221414,-1.7038738487221414,1.7038738487221414,17038.738487221413,2025-12-27 05:30:00,5,12,5
-0.01,1.621907968000457,-1.631907968000457,1.631907968000457,16319.079680004568,2025-12-27 05:45:00,5,12,5
-0.02,1.9662236350102589,-1.986223635010259,1.986223635010259,9931.118175051295,2025-12-27 06:00:00,6,12,5
-0.01,2.0758220622130708,-2.0858220622130705,2.0858220622130705,20858.220622130706,2025-12-27 06:15:00,6,12,5
-0.01,2.188146852468158,-2.1981468524681578,2.1981468524681578,21981.46852468158,2025-12-27 06:30:00,6,12,5
-0.01,2.1156228573835776,-2.1256228573835774,2.1256228573835774,21256.22857383577,2025-12-27 06:45:00,6,12,5
-0.01,2.5716158430747385,-2.5816158430747382,2.5816158430747382,25816.158430747386,2025-12-27 07:00:00,7,12,5
-0.01,2.5902767369126707,-2.6002767369126705,2.6002767369126705,26002.76736912671,2025-12-27 07:15:00,7,12,5
-0.01,2.5813464644149775,-2.5913464644149773,2.5913464644149773,25913.464644149775,2025-12-27 07:30:00,7,12,5
-0.01,2.5793856284325116,-2.5893856284325114,2.5893856284325114,25893.856284325113,2025-12-27 07:45:00,7,12,5
0.0,2.9346696044077234,-2.9346696044077234,2.9346696044077234,,2025-12-27 08:00:00,8,12,5
0.01,3.0733803906560695,-3.0633803906560697,3.0633803906560697,30633.803906560694,2025-12-27 08:15:00,8,12,5
0.01,2.292890778660528,-2.282890778660528,2.282890778660528,22828.907786605283,2025-12-27 08:30:00,8,12,5
0.02,2.9445981860817696,-2.9245981860817696,2.9245981860817696,14622.990930408847,2025-12-27 08:45:00,8,12,5
0.21,3.063602824324967,-2.853602824324967,2.853602824324967,1358.8584877737937,2025-12-27 09:00:00,9,12,5
0.23,2.7159383288230643,-2.4859383288230643,2.4859383288230643,1080.8427516622019,2025-12-27 09:15:00,9,12,5
0.48,3.3327057821816624,-2.8527057821816624,2.8527057821816624,594.3137046211797,2025-12-27 09:30:00,9,12,5
1.05,3.442269795385023,-2.3922697953850234,2.3922697953850234,227.83521860809745,2025-12-27 09:45:00,9,12,5
0.52,4.184891581086696,-3.6648915810866955,3.6648915810866955,704.7868425166722,2025-12-27 10:00:00,10,12,5
1.0,3.6710033285277817,-2.6710033285277817,2.6710033285277817,267.10033285277814,2025-12-27 10:15:00,10,12,5
1.0,4.259060192079083,-3.259060192079083,3.259060192079083,325.90601920790834,2025-12-27 10:30:00,10,12,5
1.14,4.6354465872117245,-3.495446587211725,3.495446587211725,306.61812168523903,2025-12-27 10:45:00,10,12,5
0.94,3.7975021592161085,-2.8575021592161085,2.8575021592161085,303.989591405969,2025-12-27 11:00:00,11,12,5
1.1,4.466693281193471,-3.3666932811934713,3.3666932811934713,306.0630255630428,2025-12-27 11:15:00,11,12,5
1.21,4.251658647751668,-3.0416586477516683,3.0416586477516683,251.37674774807178,2025-12-27 11:30:00,11,12,5
1.31,4.4638500772918235,-3.1538500772918234,3.1538500772918234,240.75191429708576,2025-12-27 11:45:00,11,12,5
1.35,4.083896705341502,-2.7338967053415018,2.7338967053415018,202.51086706233346,2025-12-27 12:00:00,12,12,5
1.51,4.40818979204613,-2.8981897920461304,2.8981897920461304,191.933098811002,2025-12-27 12:15:00,12,12,5
1.7,4.525517289216673,-2.8255172892166724,2.8255172892166724,166.2068993656866,2025-12-27 12:30:00,12,12,5
1.78,4.681718666240712,-2.901718666240712,2.901718666240712,163.0179025977928,2025-12-27 12:45:00,12,12,5
1.97,4.434101232819245,-2.464101232819245,2.464101232819245,125.08128085376879,2025-12-27 13:00:00,13,12,5
1.99,4.707381098448437,-2.7173810984484366,2.7173810984484366,136.55181399238373,2025-12-27 13:15:00,13,12,5
1.99,4.764872398166965,-2.7748723981669645,2.7748723981669645,139.44082402849068,2025-12-27 13:30:00,13,12,5
2.0,4.69476832956763,-2.69476832956763,2.69476832956763,134.7384164783815,2025-12-27 13:45:00,13,12,5
2.0,4.483715376521381,-2.4837153765213813,2.4837153765213813,124.18576882606907,2025-12-27 14:00:00,14,12,5
2.01,4.358627017977746,-2.348627017977746,2.348627017977746,116.84711532227594,2025-12-27 14:15:00,14,12,5
2.04,4.351794686365771,-2.3117946863657712,2.3117946863657712,113.32326893949858,2025-12-27 14:30:00,14,12,5
2.15,4.3851201906572825,-2.2351201906572826,2.2351201906572826,103.95907863522244,2025-12-27 14:45:00,14,12,5
2.15,4.087020114584213,-1.9370201145842132,1.9370201145842132,90.09395881787039,2025-12-27 15:00:00,15,12,5
2.22,4.080540718158467,-1.8605407181584668,1.8605407181584668,83.80814045758859,2025-12-27 15:15:00,15,12,5
2.15,4.161786984584701,-2.011786984584701,2.011786984584701,93.57148765510239,2025-12-27 15:30:00,15,12,5
2.11,4.170057138166413,-2.0600571381664134,2.0600571381664134,97.63303972352671,2025-12-27 15:45:00,15,12,5
2.27,3.6699604172007625,-1.3999604172007625,1.3999604172007625,61.67226507492346,2025-12-27 16:00:00,16,12,5
2.26,3.8808327276204864,-1.6208327276204866,1.6208327276204866,71.71826228409233,2025-12-27 16:15:00,16,12,5
2.25,3.731252608060977,-1.4812526080609771,1.4812526080609771,65.83344924715455,2025-12-27 16:30:00,16,12,5
2.25,3.738821650584427,-1.488821650584427,1.488821650584427,66.16985113708564,2025-12-27 16:45:00,16,12,5
2.28,3.5462496862663997,-1.2662496862663999,1.2662496862663999,55.53726694150877,2025-12-27 17:00:00,17,12,5
2.26,3.4491037698913942,-1.1891037698913944,1.1891037698913944,52.61521105714135,2025-12-27 17:15:00,17,12,5
2.11,3.423618549463974,-1.3136185494639743,1.3136185494639743,62.256803292131494,2025-12-27 17:30:00,17,12,5
2.11,3.299426066860555,-1.189426066860555,1.189426066860555,56.37090364268034,2025-12-27 17:45:00,17,12,5
2.22,3.0358140147694,-0.8158140147694,0.8158140147694,36.74837904366666,2025-12-27 18:00:00,18,12,5
2.03,3.0884083605008072,-1.0584083605008074,1.0584083605008074,52.13834288181318,2025-12-27 18:15:00,18,12,5
2.0,2.7816488842853957,-0.7816488842853957,0.7816488842853957,39.082444214269785,2025-12-27 18:30:00,18,12,5
2.0,2.8919637011378896,-0.8919637011378896,0.8919637011378896,44.59818505689448,2025-12-27 18:45:00,18,12,5
2.11,2.7749464402329522,-0.6649464402329524,0.6649464402329524,31.514049300139924,2025-12-27 19:00:00,19,12,5
2.0,2.6043860511645676,-0.6043860511645676,0.6043860511645676,30.219302558228378,2025-12-27 19:15:00,19,12,5
1.99,2.6033741789508937,-0.6133741789508937,0.6133741789508937,30.822823062858983,2025-12-27 19:30:00,19,12,5
1.97,2.6292778254788303,-0.6592778254788303,0.6592778254788303,33.46587946593047,2025-12-27 19:45:00,19,12,5
1.99,2.602114386059533,-0.612114386059533,0.612114386059533,30.759516887413724,2025-12-27 20:00:00,20,12,5
1.85,2.4367743489000944,-0.5867743489000943,0.5867743489000943,31.71753237297807,2025-12-27 20:15:00,20,12,5
1.48,2.383413710736278,-0.9034137107362779,0.9034137107362779,61.0414669416404,2025-12-27 20:30:00,20,12,5
1.3,2.065364227963471,-0.7653642279634709,0.7653642279634709,58.87417138180545,2025-12-27 20:45:00,20,12,5
1.23,2.0055441580640903,-0.7755441580640903,0.7755441580640903,63.052370574316285,2025-12-27 21:00:00,21,12,5
1.22,1.8202076256299264,-0.6002076256299265,0.6002076256299265,49.19734636310873,2025-12-27 21:15:00,21,12,5
1.18,1.576070908525793,-0.39607090852579296,0.39607090852579296,33.565331230999405,2025-12-27 21:30:00,21,12,5
1.1,1.649626106213887,-0.549626106213887,0.549626106213887,49.9660096558079,2025-12-27 21:45:00,21,12,5
0.4,1.803243859279398,-1.403243859279398,1.403243859279398,350.8109648198495,2025-12-27 22:00:00,22,12,5
0.04,1.2746435462875425,-1.2346435462875425,1.2346435462875425,3086.608865718856,2025-12-27 22:15:00,22,12,5
0.01,1.076794407156683,-1.066794407156683,1.066794407156683,10667.944071566832,2025-12-27 22:30:00,22,12,5
0.0,1.0453633596990883,-1.0453633596990883,1.0453633596990883,,2025-12-27 22:45:00,22,12,5
0.07,0.761147116021526,-0.6911471160215259,0.6911471160215259,987.3530228878941,2025-12-27 23:00:00,23,12,5
0.02,0.2239887090745185,-0.20398870907451852,0.20398870907451852,1019.9435453725926,2025-12-27 23:15:00,23,12,5
0.01,1.14822141583182,-1.13822141583182,1.13822141583182,11382.2141583182,2025-12-27 23:30:00,23,12,5
0.0,1.1268600468100658,-1.1268600468100658,1.1268600468100658,,2025-12-27 23:45:00,23,12,5
0.0,-1.1204915557427881,1.1204915557427881,1.1204915557427881,,2025-12-28 00:00:00,0,12,6
-0.01,-0.6676017882612797,0.6576017882612797,0.6576017882612797,6576.017882612797,2025-12-28 00:30:00,0,12,6
-0.01,-1.3253989006012858,1.3153989006012858,1.3153989006012858,13153.989006012858,2025-12-28 00:45:00,0,12,6
-0.01,-0.8178819013203409,0.8078819013203409,0.8078819013203409,8078.819013203409,2025-12-28 01:00:00,1,12,6
0.0,-0.826289439363272,0.826289439363272,0.826289439363272,,2025-12-28 01:15:00,1,12,6
0.0,-0.6745781162833637,0.6745781162833637,0.6745781162833637,,2025-12-28 01:30:00,1,12,6
0.0,0.42660789680629563,-0.42660789680629563,0.42660789680629563,,2025-12-28 02:15:00,2,12,6
0.0,-0.093488202376669,0.093488202376669,0.093488202376669,,2025-12-28 02:30:00,2,12,6
0.02,-0.24647519097021586,0.2664751909702159,0.2664751909702159,1332.3759548510793,2025-12-28 03:30:00,3,12,6
0.03,0.2878299418050645,-0.25782994180506447,0.25782994180506447,859.4331393502149,2025-12-28 03:45:00,3,12,6
0.02,0.9940135920255884,-0.9740135920255883,0.9740135920255883,4870.067960127942,2025-12-28 04:00:00,4,12,6
0.08,1.1011262173402088,-1.0211262173402087,1.0211262173402087,1276.4077716752608,2025-12-28 04:15:00,4,12,6
0.16,0.726346168168881,-0.566346168168881,0.566346168168881,353.9663551055506,2025-12-28 04:30:00,4,12,6
1.51,1.0582417548616831,0.45175824513831686,0.45175824513831686,29.91776457869648,2025-12-28 04:45:00,4,12,6
0.99,2.3817461388758616,-1.3917461388758616,1.3917461388758616,140.58041806826884,2025-12-28 05:00:00,5,12,6
1.88,2.3937907833324985,-0.5137907833324986,0.5137907833324986,27.329296985771208,2025-12-28 05:15:00,5,12,6
2.0,3.2048812920466005,-1.2048812920466005,1.2048812920466005,60.24406460233003,2025-12-28 05:30:00,5,12,6
2.03,4.460285916864294,-2.430285916864294,2.430285916864294,119.71851807213272,2025-12-28 05:45:00,5,12,6
1.86,3.5302455910056594,-1.6702455910056593,1.6702455910056593,89.79815005406769,2025-12-28 06:00:00,6,12,6
2.0,4.602824985639096,-2.6028249856390957,2.6028249856390957,130.1412492819548,2025-12-28 06:15:00,6,12,6
2.27,4.205583046926897,-1.9355830469268969,1.9355830469268969,85.26797563554611,2025-12-28 06:30:00,6,12,6
2.5,4.371426023830317,-1.8714260238303169,1.8714260238303169,74.85704095321267,2025-12-28 06:45:00,6,12,6
2.49,4.81664158174943,-2.3266415817494295,2.3266415817494295,93.43942095379234,2025-12-28 07:00:00,7,12,6
2.63,5.0412810628449165,-2.4112810628449166,2.4112810628449166,91.68369060246832,2025-12-28 07:15:00,7,12,6
3.36,5.3217808789893155,-1.9617808789893156,1.9617808789893156,58.386335684205825,2025-12-28 07:30:00,7,12,6
3.6,5.967966843301049,-2.367966843301049,2.367966843301049,65.77685675836247,2025-12-28 07:45:00,7,12,6
3.81,6.253893305828996,-2.4438933058289956,2.4438933058289956,64.14418125535421,2025-12-28 08:00:00,8,12,6
4.0,6.548084954093909,-2.548084954093909,2.548084954093909,63.702123852347725,2025-12-28 08:15:00,8,12,6
4.26,7.271008350837654,-3.0110083508376544,3.0110083508376544,70.68094720276184,2025-12-28 08:30:00,8,12,6
4.34,7.162602430572022,-2.8226024305720223,2.8226024305720223,65.03692236341065,2025-12-28 08:45:00,8,12,6
3.86,7.439232328916965,-3.5792323289169654,3.5792323289169654,92.72622613774521,2025-12-28 09:00:00,9,12,6
4.0,7.0162756892706355,-3.0162756892706355,3.0162756892706355,75.40689223176588,2025-12-28 09:15:00,9,12,6
4.01,7.3261827530876005,-3.3161827530876007,3.3161827530876007,82.69782426652371,2025-12-28 09:30:00,9,12,6
4.16,7.197562852856457,-3.037562852856457,3.037562852856457,73.01833780904944,2025-12-28 09:45:00,9,12,6
4.0,6.91675075989842,-2.91675075989842,2.91675075989842,72.9187689974605,2025-12-28 10:00:00,10,12,6
4.0,7.237589322806677,-3.237589322806677,3.237589322806677,80.93973307016694,2025-12-28 10:15:00,10,12,6
4.01,7.173113445072197,-3.163113445072197,3.163113445072197,78.8806345404538,2025-12-28 10:30:00,10,12,6
4.02,7.31873384011115,-3.298733840111151,3.298733840111151,82.05805572415798,2025-12-28 10:45:00,10,12,6
3.81,7.026906172375774,-3.2169061723757744,3.2169061723757744,84.43323287075522,2025-12-28 11:00:00,11,12,6
3.8,6.955124356136928,-3.1551243561369278,3.1551243561369278,83.02958831939284,2025-12-28 11:15:00,11,12,6
3.7,6.993263597003924,-3.293263597003924,3.293263597003924,89.0071242433493,2025-12-28 11:30:00,11,12,6
3.55,6.908228358908481,-3.358228358908481,3.358228358908481,94.59798194108399,2025-12-28 11:45:00,11,12,6
4.25,6.422897408614652,-2.172897408614652,2.172897408614652,51.12699784975652,2025-12-28 12:00:00,12,12,6
4.2,7.226530841105095,-3.026530841105095,3.026530841105095,72.06025812154988,2025-12-28 12:15:00,12,12,6
4.0,6.986380504588773,-2.986380504588773,2.986380504588773,74.65951261471932,2025-12-28 12:30:00,12,12,6
3.99,6.748693301056939,-2.7586933010569386,2.7586933010569386,69.14018298388316,2025-12-28 12:45:00,12,12,6
3.85,7.28073233932713,-3.4307323393271303,3.4307323393271303,89.10993089161377,2025-12-28 13:00:00,13,12,6
3.99,6.590519387048666,-2.6005193870486654,2.6005193870486654,65.17592448743522,2025-12-28 13:15:00,13,12,6
4.0,6.590896402711536,-2.590896402711536,2.590896402711536,64.7724100677884,2025-12-28 13:30:00,13,12,6
4.22,6.717663556236353,-2.497663556236353,2.497663556236353,59.186340195174246,2025-12-28 13:45:00,13,12,6
3.87,6.45538298583223,-2.58538298583223,2.58538298583223,66.80576190780955,2025-12-28 14:00:00,14,12,6
3.99,6.3383897236591835,-2.3483897236591833,2.3483897236591833,58.85688530474143,2025-12-28 14:15:00,14,12,6
4.0,6.419363508451305,-2.4193635084513048,2.4193635084513048,60.48408771128262,2025-12-28 14:30:00,14,12,6
4.24,6.614121505982283,-2.3741215059822824,2.3741215059822824,55.99343174486515,2025-12-28 14:45:00,14,12,6
4.05,5.9431104454732235,-1.8931104454732237,1.8931104454732237,46.743467789462315,2025-12-28 15:00:00,15,12,6
4.15,6.112838637409659,-1.962838637409659,1.962838637409659,47.29731656408816,2025-12-28 15:15:00,15,12,6
4.16,6.163791961746959,-2.003791961746959,2.003791961746959,48.16807600353267,2025-12-28 15:30:00,15,12,6
4.17,6.376671611267234,-2.206671611267234,2.206671611267234,52.917784442859336,2025-12-28 15:45:00,15,12,6
3.91,5.634675829054984,-1.7246758290549842,1.7246758290549842,44.10935624181545,2025-12-28 16:00:00,16,12,6
3.93,5.642497970430625,-1.7124979704306251,1.7124979704306251,43.575011970244915,2025-12-28 16:15:00,16,12,6
3.94,5.643737604292731,-1.7037376042927312,1.7037376042927312,43.24207117494242,2025-12-28 16:30:00,16,12,6
3.98,5.65743334347772,-1.6774333434777202,1.6774333434777202,42.146566419038194,2025-12-28 16:45:00,16,12,6
4.02,5.078284746858891,-1.0582847468588916,1.0582847468588916,26.32549121539532,2025-12-28 17:00:00,17,12,6
4.0,5.3919425507672685,-1.3919425507672685,1.3919425507672685,34.79856376918171,2025-12-28 17:15:00,17,12,6
3.98,5.385425520310179,-1.4054255203101786,1.4054255203101786,35.31219900276831,2025-12-28 17:30:00,17,12,6
4.0,5.430461071650463,-1.4304610716504627,1.4304610716504627,35.761526791261566,2025-12-28 17:45:00,17,12,6
3.43,5.105111718897781,-1.675111718897781,1.675111718897781,48.83707635270498,2025-12-28 18:00:00,18,12,6
3.47,4.547860794881878,-1.0778607948818775,1.0778607948818775,31.06227074587543,2025-12-28 18:15:00,18,12,6
3.61,4.671726144962207,-1.0617261449622073,1.0617261449622073,29.410696536349235,2025-12-28 18:30:00,18,12,6
3.25,4.813333464356866,-1.563333464356866,1.563333464356866,48.102568134057414,2025-12-28 18:45:00,18,12,6
3.38,3.6411111737520017,-0.26111117375200177,0.26111117375200177,7.7251826553846685,2025-12-28 19:00:00,19,12,6
3.19,4.247716371388947,-1.0577163713889468,1.0577163713889468,33.15725302159708,2025-12-28 19:15:00,19,12,6
3.21,4.1523027007116085,-0.9423027007116085,0.9423027007116085,29.35522432123391,2025-12-28 19:30:00,19,12,6
2.61,3.760119724168902,-1.1501197241689023,1.1501197241689023,44.06588981490047,2025-12-28 19:45:00,19,12,6
3.61,3.48949837633927,0.1205016236607297,0.1205016236607297,3.33799511525567,2025-12-28 20:00:00,20,12,6
3.03,4.20180211067423,-1.1718021106742298,1.1718021106742298,38.67333698594818,2025-12-28 20:15:00,20,12,6
2.46,3.6988533997705204,-1.2388533997705204,1.2388533997705204,50.35989429961465,2025-12-28 20:30:00,20,12,6
2.33,2.7089589507094516,-0.3789589507094515,0.3789589507094515,16.264332648474316,2025-12-28 20:45:00,20,12,6
3.18,4.0686060486820566,-0.8886060486820564,0.8886060486820564,27.94358643654265,2025-12-28 21:00:00,21,12,6
3.25,3.566308983940381,-0.316308983940381,0.316308983940381,9.732584121242493,2025-12-28 21:15:00,21,12,6
2.99,3.4071998930497145,-0.4171998930497143,0.4171998930497143,13.953173680592451,2025-12-28 21:30:00,21,12,6
2.7,3.4800622246206387,-0.7800622246206386,0.7800622246206386,28.89119350446809,2025-12-28 21:45:00,21,12,6
3.25,4.285893992033081,-1.0358939920330812,1.0358939920330812,31.873661293325572,2025-12-28 22:00:00,22,12,6
2.65,4.264497607029092,-1.6144976070290924,1.6144976070290924,60.924438001097826,2025-12-28 22:15:00,22,12,6
2.58,3.351963049733378,-0.7719630497333778,0.7719630497333778,29.92104843927821,2025-12-28 22:30:00,22,12,6
2.48,3.320201409077008,-0.8402014090770078,0.8402014090770078,33.8790890756858,2025-12-28 22:45:00,22,12,6
2.37,4.231643021545622,-1.8616430215456221,1.8616430215456221,78.5503384618406,2025-12-28 23:00:00,23,12,6
2.36,3.1922701950775547,-0.8322701950775548,0.8322701950775548,35.26568623209979,2025-12-28 23:15:00,23,12,6
2.36,3.591762006747217,-1.2317620067472173,1.2317620067472173,52.19330537064481,2025-12-28 23:30:00,23,12,6
2.22,3.555318453903297,-1.3353184539032967,1.3353184539032967,60.1494799055539,2025-12-28 23:45:00,23,12,6
1.82,4.437060505482215,-2.6170605054822147,2.6170605054822147,143.79453326825356,2025-12-29 00:00:00,0,12,0
1.97,4.178934426793582,-2.208934426793582,2.208934426793582,112.1286511062732,2025-12-29 00:15:00,0,12,0
1.69,4.37421016788705,-2.68421016788705,2.68421016788705,158.8290040169852,2025-12-29 00:30:00,0,12,0
1.51,3.9881504829566197,-2.47815048295662,2.47815048295662,164.11592602361722,2025-12-29 00:45:00,0,12,0
1.8,3.9122204905942297,-2.11222049059423,2.11222049059423,117.34558281079055,2025-12-29 01:00:00,1,12,0
1.76,4.629101385987461,-2.8691013859874612,2.8691013859874612,163.01712420383302,2025-12-29 01:15:00,1,12,0
1.55,4.196669063070878,-2.6466690630708785,2.6466690630708785,170.75284277876634,2025-12-29 01:30:00,1,12,0
1.5,4.069509526941054,-2.5695095269410544,2.5695095269410544,171.30063512940364,2025-12-29 01:45:00,1,12,0
1.5,4.819653930967441,-3.3196539309674407,3.3196539309674407,221.31026206449604,2025-12-29 02:00:00,2,12,0
1.4,4.5817730312524745,-3.1817730312524746,3.1817730312524746,227.26950223231964,2025-12-29 02:15:00,2,12,0
0.85,4.336899181502048,-3.486899181502048,3.486899181502048,410.223433117888,2025-12-29 02:30:00,2,12,0
0.5,3.999780848714501,-3.499780848714501,3.499780848714501,699.9561697429001,2025-12-29 02:45:00,2,12,0
1.34,4.258138570499931,-2.9181385704999308,2.9181385704999308,217.7715351119351,2025-12-29 03:00:00,3,12,0
1.3,4.754237488076505,-3.4542374880765054,3.4542374880765054,265.710576005885,2025-12-29 03:15:00,3,12,0
0.99,4.339801065728871,-3.3498010657288706,3.3498010657288706,338.36374401301725,2025-12-29 03:30:00,3,12,0
1.07,4.1734503128982325,-3.1034503128982323,3.1034503128982323,290.0420853175918,2025-12-29 03:45:00,3,12,0
1.03,5.746484128381077,-4.716484128381077,4.716484128381077,457.9110804253473,2025-12-29 04:00:00,4,12,0
1.32,5.0559796946828115,-3.735979694682811,3.735979694682811,283.0287647486978,2025-12-29 04:15:00,4,12,0
1.77,5.058114023862693,-3.288114023862693,3.288114023862693,185.7691538905476,2025-12-29 04:30:00,4,12,0
1.77,5.724511225830447,-3.9545112258304473,3.9545112258304473,223.4187133237541,2025-12-29 04:45:00,4,12,0
1.98,5.99762238612076,-4.01762238612076,4.01762238612076,202.91022152125046,2025-12-29 05:00:00,5,12,0
1.99,6.512721409873485,-4.522721409873485,4.522721409873485,227.27243265695907,2025-12-29 05:15:00,5,12,0
2.0,6.741122935909566,-4.741122935909566,4.741122935909566,237.0561467954783,2025-12-29 05:30:00,5,12,0
2.14,6.489541081088042,-4.3495410810880415,4.3495410810880415,203.24958322841314,2025-12-29 05:45:00,5,12,0
2.28,7.068557765717934,-4.788557765717934,4.788557765717934,210.02446340868133,2025-12-29 06:00:00,6,12,0
2.44,7.08108327964613,-4.64108327964613,4.64108327964613,190.20833113303812,2025-12-29 06:15:00,6,12,0
2.51,7.3040755412560685,-4.794075541256069,4.794075541256069,190.99902554805058,2025-12-29 06:30:00,6,12,0
2.3,7.605159167441045,-5.305159167441045,5.305159167441045,230.65909423656717,2025-12-29 06:45:00,6,12,0
3.15,7.498316739214495,-4.348316739214495,4.348316739214495,138.0418012449046,2025-12-29 07:00:00,7,12,0
3.03,8.368436613928786,-5.338436613928787,5.338436613928787,176.1860268623362,2025-12-29 07:15:00,7,12,0
3.0,8.187961185425529,-5.187961185425529,5.187961185425529,172.9320395141843,2025-12-29 07:30:00,7,12,0
3.19,8.094938841827023,-4.904938841827024,4.904938841827024,153.7598383017876,2025-12-29 07:45:00,7,12,0
3.18,3.3478838229383356,-0.16788382293833548,0.16788382293833548,5.279365501205517,2025-12-29 08:00:00,8,12,0
3.18,2.6218561982723187,0.5581438017276814,0.5581438017276814,17.551691878228976,2025-12-29 08:15:00,8,12,0
3.18,2.74593605926038,0.43406394073962007,0.43406394073962007,13.649809457220757,2025-12-29 08:30:00,8,12,0
3.23,3.077014592648844,0.15298540735115607,0.15298540735115607,4.736390320469228,2025-12-29 08:45:00,8,12,0
3.0,3.985061388226569,-0.9850613882265691,0.9850613882265691,32.8353796075523,2025-12-29 09:00:00,9,12,0
3.57,3.779622637285385,-0.20962263728538533,0.20962263728538533,5.871782557013595,2025-12-29 09:15:00,9,12,0
3.76,4.329290851127958,-0.569290851127958,0.569290851127958,15.140714125743566,2025-12-29 09:30:00,9,12,0
3.85,4.462001401039132,-0.6120014010391315,0.6120014010391315,15.896140286730686,2025-12-29 09:45:00,9,12,0
3.72,5.138211458761646,-1.4182114587616454,1.4182114587616454,38.12396394520552,2025-12-29 10:00:00,10,12,0
3.9,5.712814670916529,-1.8128146709165294,1.8128146709165294,46.48242745939819,2025-12-29 10:15:00,10,12,0
3.99,5.652176737909059,-1.6621767379090588,1.6621767379090588,41.65856485987616,2025-12-29 10:30:00,10,12,0
3.99,5.648936730516034,-1.658936730516034,1.658936730516034,41.577361667068516,2025-12-29 10:45:00,10,12,0
3.99,6.192962396991035,-2.202962396991035,2.202962396991035,55.21209015015125,2025-12-29 11:00:00,11,12,0
3.99,6.461761823501696,-2.471761823501696,2.471761823501696,61.948917882248026,2025-12-29 11:15:00,11,12,0
3.99,6.415503482513351,-2.425503482513351,2.425503482513351,60.78956096524689,2025-12-29 11:30:00,11,12,0
3.99,6.352383954681898,-2.3623839546818974,2.3623839546818974,59.207617911827,2025-12-29 11:45:00,11,12,0
3.99,6.9684026902723915,-2.9784026902723912,2.9784026902723912,74.64668396672658,2025-12-29 12:00:00,12,12,0
3.99,6.969659480489987,-2.979659480489987,2.979659480489987,74.67818246842073,2025-12-29 12:15:00,12,12,0
3.99,6.971666418919547,-2.9816664189195468,2.9816664189195468,74.72848167718162,2025-12-29 12:30:00,12,12,0
3.86,6.973328939815552,-3.113328939815552,3.113328939815552,80.65619015066197,2025-12-29 12:45:00,12,12,0
4.33,7.369080970863202,-3.0390809708632016,3.0390809708632016,70.18662750261436,2025-12-29 13:00:00,13,12,0
4.33,7.818209777285446,-3.488209777285446,3.488209777285446,80.55911725832439,2025-12-29 13:15:00,13,12,0
4.33,7.744399030398299,-3.4143990303982985,3.4143990303982985,78.85448107155423,2025-12-29 13:30:00,13,12,0
4.33,7.62666477652575,-3.29666477652575,3.29666477652575,76.1354451853522,2025-12-29 13:45:00,13,12,0
4.52,8.612572276370514,-4.092572276370515,4.092572276370515,90.54363443297599,2025-12-29 14:00:00,14,12,0
4.6,8.446022239523984,-3.8460222395239843,3.8460222395239843,83.60917912008662,2025-12-29 14:15:00,14,12,0
4.58,8.507022217897685,-3.927022217897685,3.927022217897685,85.74284318553896,2025-12-29 14:30:00,14,12,0
4.61,8.480003817280696,-3.870003817280696,3.870003817280696,83.94802206682638,2025-12-29 14:45:00,14,12,0
4.81,9.087419060382441,-4.277419060382441,4.277419060382441,88.92763119298216,2025-12-29 15:00:00,15,12,0
4.86,9.218863095022382,-4.3588630950223815,4.3588630950223815,89.68854104984322,2025-12-29 15:15:00,15,12,0
4.88,9.221286126862939,-4.341286126862939,4.341286126862939,88.96078128817499,2025-12-29 15:30:00,15,12,0
4.71,9.351582216503221,-4.641582216503221,4.641582216503221,98.5473931317032,2025-12-29 15:45:00,15,12,0
5.0,9.667246978799632,-4.667246978799632,4.667246978799632,93.34493957599264,2025-12-29 16:00:00,16,12,0
5.0,9.91914270694366,-4.91914270694366,4.91914270694366,98.3828541388732,2025-12-29 16:15:00,16,12,0
4.99,9.868640952525318,-4.878640952525318,4.878640952525318,97.76835576203041,2025-12-29 16:30:00,16,12,0
4.99,9.70518643408716,-4.71518643408716,4.71518643408716,94.49271410996313,2025-12-29 16:45:00,16,12,0
4.95,10.441071826231969,-5.491071826231969,5.491071826231969,110.9307439642822,2025-12-29 17:00:00,17,12,0
4.78,10.166878589727474,-5.386878589727474,5.386878589727474,112.6962048060141,2025-12-29 17:15:00,17,12,0
4.64,9.967653737530327,-5.327653737530327,5.327653737530327,114.82012365367085,2025-12-29 17:30:00,17,12,0
4.65,9.875898729277402,-5.225898729277402,5.225898729277402,112.38491890919143,2025-12-29 17:45:00,17,12,0
4.56,10.341583150371498,-5.781583150371499,5.781583150371499,126.78910417481357,2025-12-29 18:00:00,18,12,0
4.51,10.08563539528884,-5.57563539528884,5.57563539528884,123.62827927469712,2025-12-29 18:15:00,18,12,0
4.31,10.043973867266303,-5.733973867266303,5.733973867266303,133.03883682752445,2025-12-29 18:30:00,18,12,0
4.32,9.967333212439613,-5.647333212439612,5.647333212439612,130.72530584350955,2025-12-29 18:45:00,18,12,0
4.25,5.531205437289607,-1.2812054372896071,1.2812054372896071,30.146010289167226,2025-12-29 19:00:00,19,12,0
4.04,5.479325407486215,-1.4393254074862147,1.4393254074862147,35.62686652193601,2025-12-29 19:15:00,19,12,0
4.0,5.144499366439398,-1.1444993664393976,1.1444993664393976,28.61248416098494,2025-12-29 19:30:00,19,12,0
3.99,5.302811447377955,-1.312811447377955,1.312811447377955,32.90254254080088,2025-12-29 19:45:00,19,12,0
4.0,4.908874465576098,-0.9088744655760976,0.9088744655760976,22.72186163940244,2025-12-29 20:00:00,20,12,0
3.99,4.776114526320086,-0.7861145263200857,0.7861145263200857,19.702118454137484,2025-12-29 20:15:00,20,12,0
3.75,4.886125134697821,-1.1361251346978207,1.1361251346978207,30.296670258608554,2025-12-29 20:30:00,20,12,0
3.72,4.689801355312831,-0.9698013553128306,0.9698013553128306,26.069928906258887,2025-12-29 20:45:00,20,12,0
3.09,4.525232734559516,-1.4352327345595164,1.4352327345595164,46.44766131260571,2025-12-29 21:00:00,21,12,0
3.16,3.941163146014297,-0.7811631460142969,0.7811631460142969,24.72035272197142,2025-12-29 21:15:00,21,12,0
3.1,3.8851826561504836,-0.7851826561504835,0.7851826561504835,25.328472779047857,2025-12-29 21:30:00,21,12,0
2.99,3.9704698710267152,-0.980469871026715,0.980469871026715,32.79163448249883,2025-12-29 21:45:00,21,12,0
2.99,3.405206923169125,-0.41520692316912466,0.41520692316912466,13.88651916953594,2025-12-29 22:00:00,22,12,0
2.65,3.8100575731837836,-1.1600575731837837,1.1600575731837837,43.775757478633345,2025-12-29 22:15:00,22,12,0
2.34,3.357947398734275,-1.0179473987342753,1.0179473987342753,43.50202558693484,2025-12-29 22:30:00,22,12,0
2.29,3.0342285970272798,-0.7442285970272797,0.7442285970272797,32.499065372370296,2025-12-29 22:45:00,22,12,0
2.11,3.201792939768758,-1.0917929397687582,1.0917929397687582,51.743741221268166,2025-12-29 23:00:00,23,12,0
2.11,2.7234130253748177,-0.6134130253748178,0.6134130253748178,29.071707363735445,2025-12-29 23:15:00,23,12,0
2.12,2.695998605183469,-0.5759986051834689,0.5759986051834689,27.169745527522117,2025-12-29 23:30:00,23,12,0
2.0,2.880517495336811,-0.8805174953368109,0.8805174953368109,44.025874766840545,2025-12-29 23:45:00,23,12,0
2.0,4.4934442232806475,-2.4934442232806475,2.4934442232806475,124.67221116403238,2025-12-30 00:00:00,0,12,1
2.0,4.564503332458564,-2.564503332458564,2.564503332458564,128.2251666229282,2025-12-30 00:15:00,0,12,1
2.0,4.535352909182016,-2.5353529091820164,2.5353529091820164,126.76764545910082,2025-12-30 00:30:00,0,12,1
2.0,4.417492954213152,-2.4174929542131522,2.4174929542131522,120.87464771065761,2025-12-30 00:45:00,0,12,1
1.99,4.851105210260009,-2.8611052102600087,2.8611052102600087,143.77413116884466,2025-12-30 01:00:00,1,12,1
1.99,4.82673498405277,-2.83673498405277,2.83673498405277,142.54949668606884,2025-12-30 01:15:00,1,12,1
1.99,4.787674808596044,-2.797674808596044,2.797674808596044,140.5866737987962,2025-12-30 01:30:00,1,12,1
1.98,4.739773384001147,-2.759773384001147,2.759773384001147,139.38249414147205,2025-12-30 01:45:00,1,12,1
1.98,5.172527894098685,-3.1925278940986854,3.1925278940986854,161.23878253023665,2025-12-30 02:00:00,2,12,1
1.99,5.1336839836558354,-3.1436839836558352,3.1436839836558352,157.97406953044398,2025-12-30 02:15:00,2,12,1
1.99,5.088261505178899,-3.0982615051788986,3.0982615051788986,155.69153292356276,2025-12-30 02:30:00,2,12,1
1.99,5.055460178603035,-3.0654601786030344,3.0654601786030344,154.04322505542888,2025-12-30 02:45:00,2,12,1
1.99,5.505057890830265,-3.515057890830265,3.515057890830265,176.63607491609372,2025-12-30 03:00:00,3,12,1
1.99,5.512216699371116,-3.522216699371116,3.522216699371116,176.99581403874956,2025-12-30 03:15:00,3,12,1
2.0,5.503278875186673,-3.5032788751866732,3.5032788751866732,175.16394375933368,2025-12-30 03:30:00,3,12,1
2.0,5.507779607660304,-3.5077796076603036,3.5077796076603036,175.38898038301517,2025-12-30 03:45:00,3,12,1
1.99,5.949952050358576,-3.9599520503585754,3.9599520503585754,198.99256534465204,2025-12-30 04:00:00,4,12,1
2.0,5.940783018908199,-3.940783018908199,3.940783018908199,197.03915094540997,2025-12-30 04:15:00,4,12,1
2.0,5.959697997871437,-3.9596979978714373,3.9596979978714373,197.98489989357188,2025-12-30 04:30:00,4,12,1
2.0,5.951646504703419,-3.951646504703419,3.951646504703419,197.58232523517094,2025-12-30 04:45:00,4,12,1
2.26,6.355441455106977,-4.095441455106977,4.095441455106977,181.21422367729988,2025-12-30 05:00:00,5,12,1
2.28,6.6046850520913125,-4.324685052091313,4.324685052091313,189.6791689513734,2025-12-30 05:15:00,5,12,1
2.81,6.605239511310138,-3.7952395113101383,3.7952395113101383,135.06190431708677,2025-12-30 05:30:00,5,12,1
2.99,7.106674137478322,-4.116674137478322,4.116674137478322,137.68140928021143,2025-12-30 05:45:00,5,12,1
2.9,7.745595891314842,-4.845595891314842,4.845595891314842,167.08951349361524,2025-12-30 06:00:00,6,12,1
3.13,7.493258279985028,-4.363258279985028,4.363258279985028,139.40122300271656,2025-12-30 06:15:00,6,12,1
3.48,8.215439991016755,-4.735439991016754,4.735439991016754,136.07586181082627,2025-12-30 06:30:00,6,12,1
3.8,8.310057233065958,-4.510057233065958,4.510057233065958,118.68571665963049,2025-12-30 06:45:00,6,12,1
3.98,8.571305738509984,-4.591305738509984,4.591305738509984,115.35944066607999,2025-12-30 07:00:00,7,12,1
4.01,8.968250403111778,-4.958250403111778,4.958250403111778,123.64714222223887,2025-12-30 07:15:00,7,12,1
4.37,9.12034585843012,-4.75034585843012,4.75034585843012,108.70356655446498,2025-12-30 07:30:00,7,12,1
4.67,9.481901137221353,-4.811901137221353,4.811901137221353,103.03856824885125,2025-12-30 07:45:00,7,12,1
4.35,4.009392441568089,0.3406075584319108,0.3406075584319108,7.830058814526685,2025-12-30 08:00:00,8,12,1
4.49,3.516299250155228,0.9737007498447721,0.9737007498447721,21.68598551992811,2025-12-30 08:15:00,8,12,1
4.99,4.0060154633425,0.9839845366575002,0.9839845366575002,19.71912899113227,2025-12-30 08:30:00,8,12,1
5.03,4.422173694216951,0.6078263057830489,0.6078263057830489,12.084021983758426,2025-12-30 08:45:00,8,12,1
4.91,4.90130933649538,0.008690663504619778,0.008690663504619778,0.17699925671323377,2025-12-30 09:00:00,9,12,1
5.0,5.1528678531964545,-0.15286785319645446,0.15286785319645446,3.0573570639290892,2025-12-30 09:15:00,9,12,1
5.69,5.619234099244636,0.07076590075536426,0.07076590075536426,1.2436889412190555,2025-12-30 09:30:00,9,12,1
7.19,5.901376055162025,1.2886239448379753,1.2886239448379753,17.9224470770233,2025-12-30 09:45:00,9,12,1
5.52,7.892107995907239,-2.372107995907239,2.372107995907239,42.97297094034854,2025-12-30 10:00:00,10,12,1
6.76,6.2591334324832175,0.5008665675167823,0.5008665675167823,7.409268750248259,2025-12-30 10:15:00,10,12,1
8.29,8.268550132113461,0.021449867886538243,0.021449867886538243,0.2587438828291706,2025-12-30 10:30:00,10,12,1
10.4,10.370304345121916,0.029695654878084454,0.029695654878084454,0.28553514305850436,2025-12-30 10:45:00,10,12,1
7.91,10.056568072624216,-2.1465680726242162,2.1465680726242162,27.137396619775174,2025-12-30 11:00:00,11,12,1
10.0,9.786932445825101,0.21306755417489853,0.21306755417489853,2.1306755417489853,2025-12-30 11:15:00,11,12,1
13.37,12.692861581487819,0.6771384185121807,0.6771384185121807,5.064610460076146,2025-12-30 11:30:00,11,12,1
17.43,16.28091527964944,1.149084720350558,1.149084720350558,6.592568676710029,2025-12-30 11:45:00,11,12,1
10.0,16.17423605502285,-6.174236055022849,6.174236055022849,61.74236055022849,2025-12-30 12:00:00,12,12,1
10.4,12.312589738120042,-1.912589738120042,1.912589738120042,18.390285943461944,2025-12-30 12:15:00,12,12,1
15.0,15.688002463329749,-0.6880024633297488,0.6880024633297488,4.5866830888649925,2025-12-30 12:30:00,12,12,1
17.33,21.185264650051867,-3.8552646500518684,3.8552646500518684,22.246189555983086,2025-12-30 12:45:00,12,12,1
14.31,13.031601280402128,1.278398719597872,1.278398719597872,8.93360391053719,2025-12-30 13:00:00,13,12,1
16.34,15.69003515477602,0.6499648452239803,0.6499648452239803,3.9777530307465137,2025-12-30 13:15:00,13,12,1
19.72,22.170465541526873,-2.4504655415268743,2.4504655415268743,12.426295849527762,2025-12-30 13:30:00,13,12,1
21.89,23.705676218758565,-1.8156762187585649,1.8156762187585649,8.294546453899338,2025-12-30 13:45:00,13,12,1
23.11,20.972506244098,2.1374937559019997,2.1374937559019997,9.249215733024664,2025-12-30 14:00:00,14,12,1
29.99,25.86298279098242,4.127017209017577,4.127017209017577,13.761311133769846,2025-12-30 14:15:00,14,12,1
35.0,33.71540254559716,1.2845974544028422,1.2845974544028422,3.670278441150978,2025-12-30 14:30:00,14,12,1
40.13,36.60651153601259,3.5234884639874124,3.5234884639874124,8.780185556908577,2025-12-30 14:45:00,14,12,1
36.13,40.38165084267905,-4.251650842679048,4.251650842679048,11.767646949014802,2025-12-30 15:00:00,15,12,1
44.37,41.1998176065385,3.170182393461495,3.170182393461495,7.144878056032218,2025-12-30 15:15:00,15,12,1
50.0,49.22278200380568,0.7772179961943166,0.7772179961943166,1.5544359923886333,2025-12-30 15:30:00,15,12,1
57.32,53.994311115598926,3.3256888844010746,3.3256888844010746,5.801969442430346,2025-12-30 15:45:00,15,12,1
50.0,52.63787143956411,-2.6378714395641083,2.6378714395641083,5.275742879128217,2025-12-30 16:00:00,16,12,1
62.13,55.07454539436128,7.055454605638722,7.055454605638722,11.355954620374572,2025-12-30 16:15:00,16,12,1
70.0,66.9771927522824,3.0228072477175942,3.0228072477175942,4.318296068167992,2025-12-30 16:30:00,16,12,1
78.25,74.6689169037775,3.5810830962224998,3.5810830962224998,4.576464020731629,2025-12-30 16:45:00,16,12,1
67.26,69.03496200896555,-1.7749620089655451,1.7749620089655451,2.638956302357337,2025-12-30 17:00:00,17,12,1
70.0,73.96574144633047,-3.965741446330469,3.965741446330469,5.665344923329242,2025-12-30 17:15:00,17,12,1
78.91,77.01383238260745,1.8961676173925497,1.8961676173925497,2.402949711560702,2025-12-30 17:30:00,17,12,1
88.71,86.70392869648771,2.006071303512286,2.006071303512286,2.261381246209318,2025-12-30 17:45:00,17,12,1
68.26,78.25203825919752,-9.992038259197514,9.992038259197514,14.638204305885605,2025-12-30 18:00:00,18,12,1
70.01,67.9392985018985,2.0707014981014993,2.0707014981014993,2.9577224655070693,2025-12-30 18:15:00,18,12,1
87.05,79.87428349233167,7.1757165076683265,7.1757165076683265,8.243212530348451,2025-12-30 18:30:00,18,12,1
95.0,98.08409024133839,-3.0840902413383873,3.0840902413383873,3.2464107803561975,2025-12-30 18:45:00,18,12,1
92.53,71.46097972917055,21.069020270829455,21.069020270829455,22.769934368128666,2025-12-30 19:00:00,19,12,1
92.89,84.47566315498918,8.414336845010823,8.414336845010823,9.05838824955412,2025-12-30 19:15:00,19,12,1
93.23,99.9872690393619,-6.757269039361901,6.757269039361901,7.247955635913226,2025-12-30 19:30:00,19,12,1
93.48,95.00553113124167,-1.5255311312416637,1.5255311312416637,1.6319331741994691,2025-12-30 19:45:00,19,12,1
92.91,86.66722758059328,6.24277241940672,6.24277241940672,6.719160929293638,2025-12-30 20:00:00,20,12,1
90.98,88.309461228115,2.670538771885006,2.670538771885006,2.9353031126456433,2025-12-30 20:15:00,20,12,1
89.21,86.69972474751376,2.510275252486238,2.510275252486238,2.813894465291154,2025-12-30 20:30:00,20,12,1
85.02,85.41561781260496,-0.39561781260496787,0.39561781260496787,0.4653232328922229,2025-12-30 20:45:00,20,12,1
87.15,80.94418281764388,6.205817182356128,6.205817182356128,7.120845877631816,2025-12-30 21:00:00,21,12,1
85.14,82.41247047546307,2.7275295245369335,2.7275295245369335,3.203581776529168,2025-12-30 21:15:00,21,12,1
81.38,79.92594880272279,1.4540511972772094,1.4540511972772094,1.7867426852755095,2025-12-30 21:30:00,21,12,1
78.36,74.2100274277214,4.1499725722786,4.1499725722786,5.296034420978304,2025-12-30 21:45:00,21,12,1
98.24,77.20839536811161,21.031604631888385,21.031604631888385,21.408392337019936,2025-12-30 22:00:00,22,12,1
85.34,93.0053866005787,-7.6653866005786995,7.6653866005786995,8.982173190272674,2025-12-30 22:15:00,22,12,1
79.81,75.03961220958593,4.770387790414077,4.770387790414077,5.9771805418043815,2025-12-30 22:30:00,22,12,1
72.96,72.36648029231398,0.5935197076860135,0.5935197076860135,0.8134864414556107,2025-12-30 22:45:00,22,12,1
85.86,88.03218824822397,-2.172188248223975,2.172188248223975,2.5299187610342124,2025-12-30 23:00:00,23,12,1
77.5,74.62936006386585,2.870639936134154,2.870639936134154,3.7040515304956827,2025-12-30 23:15:00,23,12,1
75.23,68.72722374326128,6.502776256738727,6.502776256738727,8.643860503441083,2025-12-30 23:30:00,23,12,1
70.27,65.94795651485236,4.322043485147631,4.322043485147631,6.150624000494708,2025-12-30 23:45:00,23,12,1
69.23,80.75439954355694,-11.524399543556939,11.524399543556939,16.646539857802885,2025-12-31 00:00:00,0,12,2
67.18,63.35503418947664,3.8249658105233664,3.8249658105233664,5.693607934687952,2025-12-31 00:15:00,0,12,2
64.47,65.76485220306114,-1.29485220306114,1.29485220306114,2.00845696147222,2025-12-31 00:30:00,0,12,2
60.61,60.69716856212796,-0.08716856212796387,0.08716856212796387,0.1438187792904865,2025-12-31 00:45:00,0,12,2
61.82,60.658302833852694,1.161697166147306,1.161697166147306,1.879160734628447,2025-12-31 01:00:00,1,12,2
56.52,61.429932778425524,-4.909932778425521,4.909932778425521,8.687071440951028,2025-12-31 01:15:00,1,12,2
51.88,55.23802069087192,-3.3580206908719177,3.3580206908719177,6.472669026352963,2025-12-31 01:30:00,1,12,2
49.57,50.3408413116408,-0.770841311640801,0.770841311640801,1.5550561057914083,2025-12-31 01:45:00,1,12,2
56.65,53.48173914512882,3.1682608548711784,3.1682608548711784,5.592693477265982,2025-12-31 02:00:00,2,12,2
52.0,54.71902961349964,-2.719029613499643,2.719029613499643,5.228903102883929,2025-12-31 02:15:00,2,12,2
51.59,48.620109067752104,2.9698909322478997,2.9698909322478997,5.756718224942624,2025-12-31 02:30:00,2,12,2
49.91,50.454690243180124,-0.5446902431801277,0.5446902431801277,1.091344907193203,2025-12-31 02:45:00,2,12,2
52.62,57.77713993483016,-5.1571399348301625,5.1571399348301625,9.800722035025016,2025-12-31 03:00:00,3,12,2
52.0,51.134347945654895,0.8656520543451052,0.8656520543451052,1.664715489125202,2025-12-31 03:15:00,3,12,2
52.28,53.158609786140616,-0.8786097861406148,0.8786097861406148,1.6805849008045424,2025-12-31 03:30:00,3,12,2
52.0,52.34877365605059,-0.3487736560505894,0.3487736560505894,0.6707185693280566,2025-12-31 03:45:00,3,12,2
48.8,56.28674064794658,-7.486740647946583,7.486740647946583,15.341681655628244,2025-12-31 04:00:00,4,12,2
49.65,50.792730253623716,-1.1427302536237178,1.1427302536237178,2.30157150780205,2025-12-31 04:15:00,4,12,2
53.66,53.00732878159876,0.6526712184012382,0.6526712184012382,1.2163086440574697,2025-12-31 04:30:00,4,12,2
57.9,56.189553081135806,1.7104469188641929,1.7104469188641929,2.9541397562421294,2025-12-31 04:45:00,4,12,2
60.09,57.04301221502335,3.0469877849766505,3.0469877849766505,5.0707069145892,2025-12-31 05:00:00,5,12,2
66.95,61.50119389380581,5.448806106194191,5.448806106194191,8.138620024188485,2025-12-31 05:15:00,5,12,2
67.8,70.73398413503665,-2.9339841350366527,2.9339841350366527,4.327410228667629,2025-12-31 05:30:00,5,12,2
69.74,71.26704447175271,-1.527044471752717,1.527044471752717,2.18962499534373,2025-12-31 05:45:00,5,12,2
68.24,72.07439052690164,-3.834390526901643,3.834390526901643,5.6189779116378125,2025-12-31 06:00:00,6,12,2
70.85,75.21705470107767,-4.367054701077677,4.367054701077677,6.16380338895932,2025-12-31 06:15:00,6,12,2
71.73,73.79371060188964,-2.063710601889639,2.063710601889639,2.8770536761322165,2025-12-31 06:30:00,6,12,2
72.26,75.44871994755448,-3.1887199475544747,3.1887199475544747,4.412842440568053,2025-12-31 06:45:00,6,12,2
71.25,73.12217207436686,-1.8721720743668584,1.8721720743668584,2.6276099289359416,2025-12-31 07:00:00,7,12,2
72.54,75.72674967618408,-3.1867496761840783,3.1867496761840783,4.393093019277748,2025-12-31 07:15:00,7,12,2
78.3,76.11203817434279,2.1879618256572115,2.1879618256572115,2.7943318335341147,2025-12-31 07:30:00,7,12,2
92.28,81.27808463015751,11.001915369842493,11.001915369842493,11.92231834616655,2025-12-31 07:45:00,7,12,2
93.18,86.23734973436837,6.942650265631642,6.942650265631642,7.450794446910969,2025-12-31 08:00:00,8,12,2
98.38,86.39006261712365,11.989937382876349,11.989937382876349,12.18737282260251,2025-12-31 08:15:00,8,12,2
89.72,95.53346913875383,-5.813469138753831,5.813469138753831,6.479568812699322,2025-12-31 08:30:00,8,12,2
89.61,95.2812169399515,-5.671216939951506,5.671216939951506,6.328776855207573,2025-12-31 08:45:00,8,12,2
94.21,88.43807336847613,5.771926631523868,5.771926631523868,6.1266602606133835,2025-12-31 09:00:00,9,12,2
91.89,97.02831454377643,-5.138314543776431,5.138314543776431,5.591810364323029,2025-12-31 09:15:00,9,12,2
90.1,82.00404405917268,8.09595594082731,8.09595594082731,8.985522686822764,2025-12-31 09:30:00,9,12,2
84.94,87.14849557057829,-2.208495570578293,2.208495570578293,2.6000654233321088,2025-12-31 09:45:00,9,12,2
97.77,88.19124582771738,9.578754172282615,9.578754172282615,9.797232456052587,2025-12-31 10:00:00,10,12,2
89.82,95.58497634199873,-5.764976341998732,5.764976341998732,6.41836600088926,2025-12-31 10:15:00,10,12,2
87.23,85.64278780568864,1.5872121943113626,1.5872121943113626,1.819571471181202,2025-12-31 10:30:00,10,12,2
82.74,81.26112098072042,1.4788790192795744,1.4788790192795744,1.7873809756823476,2025-12-31 10:45:00,10,12,2
85.69,94.26766610075254,-8.577666100752538,8.577666100752538,10.010113316317584,2025-12-31 11:00:00,11,12,2
83.93,80.89072016399429,3.0392798360057185,3.0392798360057185,3.6212079542544005,2025-12-31 11:15:00,11,12,2
82.05,82.14021078961449,-0.09021078961448836,0.09021078961448836,0.10994611775074754,2025-12-31 11:30:00,11,12,2
80.0,78.39330295498607,1.6066970450139308,1.6066970450139308,2.0083713062674136,2025-12-31 11:45:00,11,12,2
83.3,83.4820316551199,-0.18203165511989994,0.18203165511989994,0.2185253963024009,2025-12-31 12:00:00,12,12,2
82.0,83.18900630019428,-1.1890063001942792,1.1890063001942792,1.4500076831637552,2025-12-31 12:15:00,12,12,2
82.0,80.91257921357473,1.0874207864252696,1.0874207864252696,1.326122910274719,2025-12-31 12:30:00,12,12,2
84.89,80.68575089095998,4.2042491090400205,4.2042491090400205,4.952584649593616,2025-12-31 12:45:00,12,12,2
83.1,88.60352664646543,-5.503526646465431,5.503526646465431,6.622775747852505,2025-12-31 13:00:00,13,12,2
99.28,82.73906717865908,16.540932821340917,16.540932821340917,16.66089123825636,2025-12-31 13:15:00,13,12,2
115.65,99.2748259009447,16.3751740990553,16.3751740990553,14.15925127458305,2025-12-31 13:30:00,13,12,2
149.95,114.248987003488,35.70101299651199,35.70101299651199,23.808611534852947,2025-12-31 13:45:00,13,12,2
84.23,139.91288789247852,-55.68288789247852,55.68288789247852,66.10814186451208,2025-12-31 14:00:00,14,12,2
105.67,88.08236583139352,17.587634168606485,17.587634168606485,16.64392369509462,2025-12-31 14:15:00,14,12,2
151.3,124.34783124929262,26.952168750707386,26.952168750707386,17.813726867618893,2025-12-31 14:30:00,14,12,2
189.88,182.99551369840447,6.88448630159553,6.88448630159553,3.6257037611099276,2025-12-31 14:45:00,14,12,2
110.47,123.65579122242002,-13.185791222420022,13.185791222420022,11.936083300823773,2025-12-31 15:00:00,15,12,2
139.94,110.57470237051675,29.36529762948325,29.36529762948325,20.984205823555275,2025-12-31 15:15:00,15,12,2
149.99,180.57074186777737,-30.580741867777363,30.580741867777363,20.388520479883564,2025-12-31 15:30:00,15,12,2
150.04,186.5166297954088,-36.4766297954088,36.4766297954088,24.311270191554783,2025-12-31 15:45:00,15,12,2
149.99,81.93463559020279,68.05536440979722,68.05536440979722,45.37326782438644,2025-12-31 16:00:00,16,12,2
168.52,168.53700695713465,-0.017006957134640288,0.017006957134640288,0.01009195177702367,2025-12-31 16:15:00,16,12,2
156.95,173.44727533860546,-16.497275338605476,16.497275338605476,10.511166192166598,2025-12-31 16:30:00,16,12,2
171.73,151.54747100535923,20.182528994640762,20.182528994640762,11.752477141233776,2025-12-31 16:45:00,16,12,2
136.95,168.0759304158505,-31.12593041585052,31.12593041585052,22.727952110880263,2025-12-31 17:00:00,17,12,2
137.88,149.97908567025024,-12.099085670250247,12.099085670250247,8.775083891971459,2025-12-31 17:15:00,17,12,2
149.99,133.00506205623856,16.98493794376145,16.98493794376145,11.324046898967564,2025-12-31 17:30:00,17,12,2
170.25,166.63029996918203,3.6197000308179668,3.6197000308179668,2.1261086818314046,2025-12-31 17:45:00,17,12,2
146.53,140.27297110818446,6.257028891815537,6.257028891815537,4.2701350520818515,2025-12-31 18:00:00,18,12,2
156.9,140.82184043904823,16.078159560951775,16.078159560951775,10.24739296427774,2025-12-31 18:15:00,18,12,2
154.53,165.80402630041235,-11.274026300412345,11.274026300412345,7.295687763160775,2025-12-31 18:30:00,18,12,2
150.04,171.53946876417373,-21.49946876417374,21.49946876417374,14.32915806729788,2025-12-31 18:45:00,18,12,2
167.84,126.14289523138325,41.697104768616754,41.697104768616754,24.84336556757433,2025-12-31 19:00:00,19,12,2
152.97,171.10443057982965,-18.134430579829655,18.134430579829655,11.854893495345268,2025-12-31 19:15:00,19,12,2
131.52,143.7686311050257,-12.24863110502568,12.24863110502568,9.313131922920984,2025-12-31 19:30:00,19,12,2
107.67,124.10258138366362,-16.432581383663617,16.432581383663617,15.261986982133942,2025-12-31 19:45:00,19,12,2
155.95,125.6304926203988,30.31950737960119,30.31950737960119,19.441813003912277,2025-12-31 20:00:00,20,12,2
134.05,148.42209559492767,-14.372095594927657,14.372095594927657,10.721443935044876,2025-12-31 20:15:00,20,12,2
125.63,109.44960630993643,16.180393690063568,16.180393690063568,12.879402762129722,2025-12-31 20:30:00,20,12,2
109.99,99.44524253120255,10.544757468797442,10.544757468797442,9.587014700243152,2025-12-31 20:45:00,20,12,2
146.28,149.22760130062122,-2.9476013006212156,2.9476013006212156,2.0150405391175936,2025-12-31 21:00:00,21,12,2
149.97,129.92795474486874,20.042045255131256,20.042045255131256,13.364036310682975,2025-12-31 21:15:00,21,12,2
120.29,134.76121049853413,-14.47121049853412,14.47121049853412,12.0302689321923,2025-12-31 21:30:00,21,12,2
103.11,97.82342947179046,5.286570528209538,5.286570528209538,5.127117183793558,2025-12-31 21:45:00,21,12,2
146.9,133.01648507288152,13.883514927118483,13.883514927118483,9.45099722744621,2025-12-31 22:00:00,22,12,2
110.0,153.99298948077816,-43.992989480778164,43.992989480778164,39.993626800707425,2025-12-31 22:15:00,22,12,2
106.82,80.31747499579997,26.502525004200024,26.502525004200024,24.810452166448254,2025-12-31 22:30:00,22,12,2
99.22,90.534167699378,8.685832300621996,8.685832300621996,8.75411439288651,2025-12-31 22:45:00,22,12,2
108.72,137.88985883958517,-29.169858839585174,29.169858839585174,26.830260154143833,2025-12-31 23:00:00,23,12,2
85.15,81.17805813142314,3.971941868576863,3.971941868576863,4.664641067030961,2025-12-31 23:15:00,23,12,2
81.54,81.68676301657644,-0.1467630165764291,0.1467630165764291,0.17998898280160544,2025-12-31 23:30:00,23,12,2
71.19,78.15175014703146,-6.961750147031466,6.961750147031466,9.779112441398324,2025-12-31 23:45:00,23,12,2
